scenario_idx,pooled_k25,safety_barrier_k25,safety_barrier_mass_k25,propagation_node_k25,propagation_node_mass_k25,other_k25,other_mass_k25,pooled_k50,safety_barrier_k50,safety_barrier_mass_k50,propagation_node_k50,propagation_node_mass_k50,other_k50,other_mass_k50,pooled_k100,safety_barrier_k100,safety_barrier_mass_k100,propagation_node_k100,propagation_node_mass_k100,other_k100,other_mass_k100
0,0.041360540829863957,0.0401702439955188,0.88097036,0.0011902968343451522,0.119029686,0.0,0.0,0.07184160233296616,0.07065444008460703,0.8433187,0.001187162248359133,0.15668128,0.0,0.0,0.13736049681901266,0.09298647209952271,0.7843172,0.0012915360316041,0.1682921,0.04308248868788588,0.047390707
1,0.07072796719366241,0.06993026557439062,0.8426956,0.0007977016192717888,0.15730438,0.0,0.0,0.055814073043268464,0.05540044422778262,0.82185894,0.00041362881548585227,0.17814103,0.0,0.0,0.08603840412088999,0.08524865622357371,0.7736851,0.0007897478973162643,0.22631483,0.0,0.0
2,0.04077043273100684,0.03997883496224841,0.9208402,0.0007915977687584317,0.079159774,0.0,0.0,0.08538038257043817,0.08477301595794129,0.8834112,0.0006073666124968912,0.11658868,0.0,0.0,0.14538683503816707,0.09212506831268491,0.76842403,0.0012621887908551331,0.17437655,0.05199957793462701,0.0571995
3,0.16336172223170858,0.16256194285267347,0.88162374,0.0007997793790351099,0.11837623,0.0,0.0,0.16740966865666765,0.149983062670266,0.8630117,0.00041619555623851175,0.11827684,0.01701041043016313,0.01871144,0.12334982766853972,0.10467438375029203,0.8049028,0.0012612535239449707,0.17594166,0.017414190394302725,0.019155597
4,0.009625283938502188,0.008839882307851455,0.8839883,0.0007854016306507303,0.11601176,0.0,0.0,0.009045348951151017,0.00806505546117853,0.8258117,0.0009802934899724874,0.17418821,0.0,0.0,0.03966561492204438,0.038488034680829085,0.84207505,0.0011775802412152918,0.15792501,0.0,0.0
5,0.16149798891399286,0.16070799010324022,0.8425117,0.0007899988107526285,0.1574883,0.0,0.0,0.13398090035666202,0.13338138236088848,0.8613219,0.000599517995773542,0.1386781,0.0,0.0,0.14638322537620307,0.10275776417110057,0.73716897,0.0006956422167913915,0.21560827,0.04292981898831113,0.047222774
6,0.040580396958283124,0.039807220894325625,0.92268246,0.0007731760639574995,0.0773176,0.0,0.0,0.05495944730893344,0.05455281809284297,0.9021846,0.0004066292160904725,0.097815335,0.0,0.0,0.07098813791972516,0.06992451332766134,0.8351167,0.0010636245920638216,0.16488323,0.0,0.0
7,0.03960153934674523,0.03881459007643414,0.8827399,0.000786949270311086,0.117260166,0.0,0.0,0.08455220729917752,0.08395660121303049,0.86263204,0.0005956060861470302,0.13736786,0.0,0.0,0.07852761211130621,0.07754714816112414,0.8229363,0.00098046395018206,0.17706373,0.0,0.0
8,0.03972060986540031,0.03893423825499828,0.92136294,0.0007863716104020259,0.07863716,0.0,0.0,0.08425564610266628,0.08346206124343679,0.84546244,0.0007935848592294984,0.15453753,0.0,0.0,0.10929216733966289,0.09940131809703996,0.7962226,0.0012675610951505018,0.19429186,0.008623288147472433,0.009485612
9,0.009212981653908471,0.008440661726768559,0.8440662,0.0007723199271399131,0.1559338,0.0,0.0,0.05300602488669051,0.052411801532324685,0.7657279,0.000594223354365821,0.23427223,0.0,0.0,0.06896260313110816,0.0681721721027833,0.67790395,0.0007904310283248704,0.322096,0.0,0.0
10,0.07216852429889004,0.0709844849148436,0.8039795,0.0011840393840464314,0.19602051,0.0,0.0,0.11628985486292626,0.11567490643968525,0.8023236,0.0006149484232409949,0.19767651,0.0,0.0,0.1102812455424838,0.10929386690671265,0.77224547,0.0009873786357711917,0.22775458,0.0,0.0
11,0.03977531472824925,0.038976758528039515,0.8815561,0.000798556200209735,0.11844389,0.0,0.0,0.05460419198291312,0.0541878379757369,0.8613409,0.0004163540071762229,0.13865907,0.0,0.0,0.0626842621735956,0.06189245990221749,0.8041134,0.0007918022713781261,0.19588664,0.0,0.0
12,0.04014379038271573,0.039365801743695784,0.9222012,0.0007779886390199548,0.077798866,0.0,0.0,0.05497078791062712,0.053997398989586755,0.8646383,0.000973388921040361,0.13536175,0.0,0.0,0.11145514589335692,0.08423804400484167,0.7871983,0.0014544499933196683,0.18446282,0.025762651895195596,0.0283389
13,0.04024137669999307,0.03947023694414284,0.922886,0.0007711397558502292,0.07711398,0.0,0.0,0.08573787486137403,0.0684808124654627,0.9033829,0.0004046545559565474,0.07807948,0.016852407839954793,0.018537639,0.12333022514760819,0.061483001252935356,0.7880859,0.0009650376002001868,0.14494382,0.060882186294472646,0.06697036
14,0.0723910816044164,0.0715826775899531,0.9191596,0.0008084040144632937,0.0808404,0.0,0.0,0.13382068125842178,0.1332088505562777,0.90039414,0.000611830702144053,0.099605985,0.0,0.0,0.13950869374887026,0.0955752477552397,0.7494065,0.0011771365870762273,0.20356162,0.04275630940655434,0.047031913
15,0.04098140862001521,0.04015982473743769,0.9178416,0.0008215838825775204,0.08215839,0.0,0.0,0.08602939529353418,0.08521992724515232,0.86206186,0.0008094680483818702,0.1379381,0.0,0.0,0.08866273890070202,0.07013850195230993,0.76573914,0.001380630882116236,0.21540295,0.017143606066275845,0.018857956
16,0.06911779227842552,0.06794951525100554,0.688548,0.0011682770274199714,0.31145197,0.0,0.0,0.07013912786501646,0.06915046927067077,0.70416266,0.0009886585943456785,0.2958374,0.0,0.0,0.10965058597502861,0.10018429627670333,0.71291494,0.0009927772262515876,0.27776417,0.008473512472073688,0.009320858
17,0.03975795784569341,0.038953848462284064,0.88143235,0.0008041093834093428,0.11856764,0.0,0.0,0.040074479881785224,0.039654547420780804,0.861562,0.0004199324610044189,0.13843805,0.0,0.0,0.07766930127654172,0.07640447177286919,0.76610845,0.00126482950367253,0.23389146,0.0,0.0
18,0.010000000247735636,0.009212707814525363,0.9212708,0.0007872924332102742,0.07872924,0.0,0.0,0.06870855843582001,0.06829396955750791,0.88252085,0.0004145888783121028,0.11747921,0.0,0.0,0.08514569232229713,0.08436442917227238,0.8348034,0.0007812631500247498,0.16519654,0.0,0.0
19,0.039840943783239595,0.03904101087342547,0.9200067,0.000799932909814117,0.07999329,0.0,0.0,0.11496659345046085,0.11417605837555031,0.8825204,0.0007905350749105473,0.11747969,0.0,0.0,0.10369099808997138,0.09361759591672704,0.8151828,0.0013572583374842737,0.17522946,0.008716143835760071,0.009587753
20,0.06893092088237864,0.06815251512940408,0.92215943,0.0007784057529745536,0.07784058,0.0,0.0,0.05493203528727829,0.05414253452284355,0.8461402,0.0007895007644347342,0.15385969,0.0,0.0,0.09205988847112644,0.09098501285086855,0.7962732,0.0010748756202578938,0.20372698,0.0,0.0
21,0.10074386583588871,0.09997339208187687,0.8852163,0.0007704737540118424,0.11478375,0.0,0.0,0.18628347455641112,0.11558821959919989,0.80616534,0.0005867206177903448,0.116715394,0.07010853433942088,0.07711934,0.17585929668197,0.08641867087395814,0.7373846,0.0007806302190770667,0.16508943,0.08865999558893481,0.09752594
22,0.040369423940682575,0.0395941774753123,0.9224754,0.0007752464653702802,0.07752465,0.0,0.0,0.10168271358480352,0.08453273160515128,0.9223223,0.00040713248450610434,0.059260625,0.01674284949514614,0.018417124,0.1203487348790182,0.08499143288334145,0.80811304,0.0010636954396711564,0.15416394,0.03429360655600559,0.03772294
23,0.35898738693060944,0.3581930818023296,0.8821204,0.0007943051282798444,0.117879726,0.0,0.0,0.33340026732125055,0.2795218987023921,0.7846642,0.0011822153103111421,0.15737008,0.052696153308547385,0.057965737,0.25659519473023307,0.20163898069363662,0.7253547,0.0012835988894089156,0.21560536,0.05367261514718751,0.05903984
24,0.040168968440313896,0.0393748832399704,0.92059153,0.0007940852003435008,0.07940852,0.0,0.0,0.03999973987420781,0.03958299348362211,0.8627558,0.00041674639058569975,0.1372443,0.0,0.0,0.0939974164182273,0.08459183240459983,0.804679,0.0008841411442797713,0.18594745,0.008521442869347704,0.009373582
25,0.07104782453480304,0.07026307811305382,0.9215254,0.0007847464217492205,0.07847464,0.0,0.0,0.11672866685360664,0.11576066520084201,0.88455963,0.0009680016527646105,0.11544033,0.0,0.0,0.13813371565894295,0.09408897736457938,0.7692834,0.0013591361007522036,0.18376255,0.04268560219361135,0.046954136
26,0.008032758139315916,0.007232017720183079,0.7623659,0.0008007404191328367,0.23763412,0.0,0.0,0.0386536006365609,0.038240772977636846,0.79963744,0.0004128276589240515,0.20036253,0.0,0.0,0.06914742119680645,0.06864641945138751,0.7530646,0.0005010017454189248,0.24693538,0.0,0.0
27,0.008863114208634951,0.008097479593405354,0.80974793,0.0007656346152295987,0.19025199,0.0,0.0,0.038057816375649374,0.03690096004496617,0.7314454,0.001156856330683212,0.2685547,0.0,0.0,0.06813561417910842,0.06714586044216124,0.71702677,0.0009897537369471924,0.28297314,0.0,0.0
28,0.07032535557028312,0.06952850319990354,0.9203147,0.0007968523703795757,0.07968523,0.0,0.0,0.1316442251440891,0.13103877762773525,0.8830402,0.0006054475163538751,0.1169599,0.0,0.0,0.09587231695166691,0.09442140592309448,0.78762525,0.0014509110285724548,0.21237475,0.0,0.0
29,0.0705482342344633,0.06975091747958093,0.92026836,0.0007973167548823729,0.07973167,0.0,0.0,0.10110231530040341,0.10068799735027328,0.8630328,0.00041431795013010885,0.13696714,0.0,0.0,0.08736445023281797,0.08657988954166106,0.8332797,0.0007845606911569209,0.16672036,0.0,0.0
30,0.04050310047264891,0.03971954155428667,0.92164415,0.0007835589183622469,0.07835589,0.0,0.0,0.06998650616445243,0.0693889873783472,0.86515486,0.0005975187861052284,0.1348452,0.0,0.0,0.1301607665442337,0.06925844944924735,0.76863354,0.0011650595371086058,0.16565526,0.05973725755787772,0.06571094
31,0.04069636578816624,0.03990959848002236,0.92132324,0.0007867673081438732,0.07867673,0.0,0.0,0.06973982140065847,0.06932729248047852,0.9019682,0.0004125289201799597,0.09803194,0.0,0.0,0.10565720395197238,0.06214447434581079,0.7879055,0.0011624804403426608,0.16550921,0.04235024916581894,0.046585243
32,0.229046515757468,0.228644209904543,0.9194576,0.0004023058529250258,0.08054243,0.0,0.0,0.25436098179730765,0.18360294903168653,0.82355607,0.0003984037527209445,0.09904839,0.0703596290129002,0.07739555,0.22950508196722613,0.17489197385044258,0.7831883,0.0005922966671081677,0.15738888,0.054020811449675375,0.059422858
33,0.3585146382296548,0.3581062737594255,0.91916555,0.0004083644702292114,0.08083447,0.0,0.0,0.2665787446694119,0.2659804176833087,0.9195245,0.0005983269861032123,0.08047555,0.0,0.0,0.2202841344040666,0.2020937711341682,0.8816793,0.0005953417034170735,0.09896611,0.017595021566481354,0.019354513
34,0.26879161407145574,0.19636653677560373,0.8425876,0.00039757884926034536,0.078182206,0.07202749844659162,0.079230204,0.2737256835222218,0.1652111245432779,0.8021953,0.00039648693311926137,0.07887495,0.1081180720458246,0.11892981,0.295969662513756,0.1337285859885876,0.70493865,0.0004921087848901785,0.11713762,0.16174896774027825,0.17792377
35,0.04004314754381615,0.03925547025446582,0.8811963,0.0007876772893503316,0.1188037,0.0,0.0,0.05449827865666544,0.053894458406825156,0.80319464,0.0006038202498402974,0.19680536,0.0,0.0,0.06255135120910847,0.06166328976359677,0.77305245,0.0008880614455116918,0.2269475,0.0,0.0
36,0.04060205603378257,0.039821580128808036,0.9219524,0.000780475904974535,0.078047596,0.0,0.0,0.08528644336075066,0.08450159931812568,0.8842503,0.0007848440426249987,0.11574966,0.0,0.0,0.10358154759988868,0.08523988946589015,0.81598926,0.0012657456073825195,0.16522732,0.017075912526616003,0.018783493
37,0.226042905173602,0.22486843857258496,0.84378064,0.0011744666010170826,0.15621933,0.0,0.0,0.18209135738086188,0.18148304581985725,0.899767,0.0006083115610046207,0.10023291,0.0,0.0,0.16141013472261934,0.14276166207421906,0.74776113,0.0014616694138383775,0.23333342,0.017186803234561933,0.018905474
38,0.22709947390586005,0.22669040736506144,0.8813403,0.000409066540798634,0.1186597,0.0,0.0,0.1683822870623152,0.1679786390008113,0.8807381,0.0004036480615039139,0.119261906,0.0,0.0,0.17649304878861924,0.16720062007780928,0.83250654,0.0004982474166973568,0.15781984,0.008794181294112616,0.009673594
39,0.010000000162382876,0.009228346039283072,0.9228345,0.0007716541230998049,0.07716541,0.0,0.0,0.054112528760107005,0.05370759283833175,0.88381755,0.0004049359217752483,0.11618251,0.0,0.0,0.0735054451451688,0.046537163863846535,0.78776336,0.0013477476448783094,0.18405406,0.025620533636443947,0.02818257
40,0.010000000309805876,0.00920420174839566,0.9204202,0.0007957985614102164,0.07957985,0.0,0.0,0.039310241569457394,0.03850906663676177,0.8643233,0.000801174932695628,0.13567668,0.0,0.0,0.04737760791458956,0.04657821934957394,0.86265594,0.0007993885650156215,0.13734414,0.0,0.0
41,0.040653466536372855,0.03986625969156747,0.9212793,0.0007872068448053879,0.07872068,0.0,0.0,0.07015793783820064,0.06974428178824003,0.9019561,0.00041365604996058876,0.09804385,0.0,0.0,0.08927919847824622,0.06241859343776438,0.796489,0.001359926210392871,0.17546009,0.02550067883008896,0.02805073
42,0.3257679773106692,0.3253621133123837,0.9204624,0.0004058639982855535,0.07953764,0.0,0.0,0.28885053008020767,0.21733937668305395,0.84266245,0.0005923881515270179,0.079327,0.07091876524562667,0.0780106,0.324723740488105,0.19966825541130798,0.7452654,0.0005985734420545413,0.11783214,0.12445691163474244,0.13690253
43,0.008801798433282802,0.007626231451627913,0.76262313,0.001175566981654888,0.2373769,0.0,0.0,0.05374527312321505,0.053136750452441275,0.74252546,0.0006085226707737725,0.25747454,0.0,0.0,0.04699356379731095,0.046192996150842984,0.75087863,0.000800567646467967,0.24912143,0.0,0.0
44,0.13455686555475774,0.13374862911029348,0.91917646,0.0008082364444642527,0.080823645,0.0,0.0,0.16817970720025607,0.14940985409271804,0.82415026,0.0013716978083510654,0.15671167,0.01739815529918696,0.01913796,0.18038639170149767,0.12615168387176567,0.7270418,0.001762816558657993,0.21523917,0.052471891271073996,0.057719044
45,0.07279753886980925,0.07162618849801763,0.882865,0.0011713503717916103,0.11713504,0.0,0.0,0.1659868674314798,0.13080181399211194,0.82471377,0.0011936583048202235,0.13789575,0.03399139513454763,0.03739051,0.1898998724331635,0.10143959582372289,0.708039,0.0016764480160347984,0.19649889,0.08678382859340585,0.09546215
46,0.13097106609803189,0.13015766800985004,0.9186603,0.0008133980881818598,0.08133981,0.0,0.0,0.14890905400094862,0.14792699591458902,0.88263017,0.0009820580863595736,0.11736981,0.0,0.0,0.121188246914965,0.1108068981969108,0.77723306,0.001745993154927781,0.21326815,0.008635355563126407,0.009498886
47,0.040526539148502363,0.03974380789288269,0.92172694,0.000782731255619676,0.078273125,0.0,0.0,0.07039465872475795,0.06923417577437443,0.84603095,0.0011604829503835108,0.15396902,0.0,0.0,0.08852442530757479,0.06960336975276743,0.76773155,0.0017443357157419564,0.21337412,0.0171767198390654,0.01889438
48,0.009236374672860669,0.008444343876113779,0.8444344,0.0007920307967468892,0.15556557,0.0,0.0,0.054005277421908846,0.053208964914455,0.84263116,0.0007963125074538449,0.15736881,0.0,0.0,0.04743076748199448,0.046347130153694904,0.7841364,0.0010836373282995747,0.21586362,0.0,0.0
49,0.07051180683607176,0.06972080889787384,0.8428018,0.0007909979381979138,0.15719819,0.0,0.0,0.039901215143814506,0.03930034386694239,0.7837399,0.0006008712768721182,0.21626008,0.0,0.0,0.08623469721202985,0.08506421149574628,0.7254941,0.0011704857162835704,0.27450597,0.0,0.0
50,0.03980960016481548,0.03980960016481529,0.9619993,1.92219277440493e-16,0.038000762,0.0,0.0,0.06860383257263343,0.06820834215275408,0.8647624,0.0003954904198793573,0.1352376,0.0,0.0,0.07968410274107719,0.06213324414331672,0.8440122,0.0004911578672107389,0.13722205,0.017059700730549743,0.01876566
51,0.03974077243380761,0.038973530888763895,0.9232758,0.0007672415450437182,0.07672416,0.0,0.0,0.10232907464227696,0.06830002097772567,0.84754604,0.0005928072723602046,0.11567404,0.033436246392191095,0.03677985,0.09751376892348369,0.06134767817225727,0.7779971,0.0012546426990986046,0.18360026,0.03491144805212782,0.03840257
52,0.04010989822600734,0.039322192649820405,0.92122954,0.0007877055761869426,0.078770556,0.0,0.0,0.07025300250396446,0.06908786257403403,0.84620297,0.001165139929930431,0.15379706,0.0,0.0,0.12089399611718038,0.07649914851349462,0.7300735,0.0018437593077427546,0.22312033,0.04255108829594305,0.04680617
53,0.04074893979542402,0.039956847717932134,0.92079085,0.0007920920774918914,0.07920921,0.0,0.0,0.08700911599390096,0.0693267747433749,0.8458156,0.0007928450566403595,0.13560598,0.016889496193885703,0.018578434,0.13519923457902872,0.09912179154883743,0.7580935,0.0016506227050098906,0.20403703,0.03442682032518142,0.03786948
54,0.19320052111374988,0.1924044225831167,0.9203901,0.0007960985306331652,0.079609856,0.0,0.0,0.15064197708117869,0.15003504205996418,0.9013619,0.0006069350212144907,0.09863814,0.0,0.0,0.1143880286675588,0.10469635833687252,0.82496613,0.001173501777365325,0.16566385,0.00851816855332095,0.00936998
55,0.04087793484843024,0.040105135150479955,0.9227201,0.0007727996979502772,0.07727997,0.0,0.0,0.06980121439015217,0.06902360525913427,0.88421476,0.0007776091310179048,0.11578529,0.0,0.0,0.10519787936119711,0.06955171639858636,0.778686,0.0012553537338464956,0.18348408,0.03439080922876424,0.03782987
56,0.040130801250976705,0.03932991428786394,0.9199114,0.0008008869631127598,0.0800887,0.0,0.0,0.08520670475200037,0.08402584725381397,0.8440368,0.0011808574981864034,0.15596326,0.0,0.0,0.0969489802690984,0.06979211765408602,0.76684004,0.0015680515375212276,0.20501216,0.025588811077491155,0.028147677
57,0.13316290831145378,0.1323605284544089,0.9197621,0.0008023798570448672,0.080237985,0.0,0.0,0.15126971846047713,0.13332555062674395,0.8625777,0.0008020979932024065,0.118566014,0.01714206984053075,0.018856267,0.17446346590846346,0.1031613291430118,0.75676906,0.0012731826020224983,0.1661991,0.07002895416342914,0.077031806
58,0.07220993434470212,0.07141410816192233,0.9204174,0.0007958261827797861,0.07958262,0.0,0.0,0.10448981676492691,0.08591253033307424,0.84480476,0.0013625913237568803,0.13625914,0.01721469510809581,0.018936154,0.14584484857662602,0.10048987939831476,0.7383501,0.0018529009414622283,0.21379766,0.04350206823684905,0.047852244
59,0.03947381837418757,0.038687749644079665,0.84548694,0.0007860687301079032,0.15451317,0.0,0.0,0.1315394394724901,0.13112999684421486,0.9000828,0.0004094426282752217,0.099917114,0.0,0.0,0.10389263319450713,0.0945474760094482,0.80583924,0.0008764939705683257,0.18484537,0.00846866321449063,0.009315524
60,0.07275323736330949,0.07192157315091677,0.8413061,0.0008316642123927213,0.15869386,0.0,0.0,0.10297365016151025,0.10215980565178413,0.82233876,0.0008138445097261138,0.17766117,0.0,0.0,0.08837734961871423,0.08709883056905982,0.76447827,0.0012785190496544033,0.23552196,0.0,0.0
61,0.07322562648384041,0.07241212493989041,0.8808212,0.000813501543950007,0.11917875,0.0,0.0,0.11865381221670561,0.11766204155751486,0.86187464,0.0009917706591907583,0.1381253,0.0,0.0,0.11203730556000574,0.10210943877294364,0.75605035,0.001381899506576258,0.23454903,0.00854596728048585,0.009400559
62,0.009999999614406126,0.009226164379747962,0.9226164,0.0007738352346581645,0.077383526,0.0,0.0,0.05417879161277136,0.05377301226584809,0.90239716,0.00040577934692326463,0.09760286,0.0,0.0,0.06387136633126406,0.05458899889075206,0.84472096,0.0008765793738016445,0.14603263,0.008405788066710346,0.009246361
63,0.009999999344159032,0.009229508169305008,0.9229508,0.0007704911748540229,0.077049114,0.0,0.0,0.10094566035200328,0.08348157547931617,0.8843487,0.000589451020166566,0.09708919,0.016874633852520554,0.018562086,0.12128781203820115,0.07775857643383735,0.8445881,0.0005949943044594521,0.10818432,0.04293424129990433,0.04722764
64,0.03954995850507117,0.03874699899211352,0.8794216,0.0008029595129576547,0.12057847,0.0,0.0,0.05453392130580357,0.05373747854248584,0.7635979,0.0007964427633177296,0.23640211,0.0,0.0,0.0700068218255404,0.06902293378092318,0.73495924,0.000983888044617212,0.2650408,0.0,0.0
65,0.0697699938211663,0.06898012570697241,0.9210132,0.0007898681141938927,0.078986816,0.0,0.0,0.08486827662379996,0.0840789505309535,0.84609944,0.00078932609284645,0.15390044,0.0,0.0,0.10237273789040068,0.0927125809323452,0.79612106,0.0012710275545868707,0.19465077,0.008389129403468603,0.009228037
66,0.10174604141812352,0.10055107211899793,0.7221125,0.0011949692991255906,0.27788764,0.0,0.0,0.08712704596719546,0.08574059508075249,0.7213837,0.0013864508864429703,0.2786164,0.0,0.0,0.08806658197705172,0.07766125431710214,0.673023,0.0014821413307717299,0.3171616,0.008923186329177886,0.009815499
67,0.03934570464517376,0.038546670417354136,0.84073323,0.0007990342278196206,0.15926674,0.0,0.0,0.03906849039498853,0.03827613151846114,0.7825045,0.0007923588765273889,0.21749553,0.0,0.0,0.0549957383815308,0.04554265798694761,0.725596,0.0009847917899222173,0.26508895,0.008468288604660978,0.009315112
68,0.10103245491787999,0.10025194894902668,0.9219494,0.000780505968853312,0.0780506,0.0,0.0,0.133998747167479,0.11645650662221005,0.88440937,0.0005961600672934713,0.0969499,0.01694608047797549,0.018640678,0.1636359945715507,0.10181176545379228,0.7500005,0.0012603063908557847,0.18337928,0.06056392272690266,0.066620275
69,0.009225282858707813,0.008440993155077962,0.8440993,0.0007842897036298492,0.15590073,0.0,0.0,0.038711208733687545,0.037926495324375725,0.8233149,0.0007847134093118217,0.1766851,0.0,0.0,0.04689618149805878,0.046009947751470645,0.7658708,0.0008862337465881272,0.23412919,0.0,0.0
70,0.04052284364132374,0.03973236209590039,0.92095184,0.0007904815454233427,0.07904816,0.0,0.0,0.07022800868891893,0.06981618303761293,0.9007266,0.00041182565130599784,0.09927334,0.0,0.0,0.07235548047932179,0.06236831179029456,0.8052966,0.0012580227310620854,0.1851013,0.00872914595796514,0.009602055
71,0.03950543229560698,0.038745076561981236,0.92396444,0.0007603557336257474,0.076035574,0.0,0.0,0.06936890911051595,0.06859969783146863,0.8852145,0.000769211279047314,0.1147855,0.0,0.0,0.12234749668555801,0.06155647262450319,0.7704681,0.0010619245455043334,0.16382982,0.05972909951555049,0.06570197
72,0.1012240103120133,0.1003970549260586,0.8008288,0.0008269553859547058,0.19917111,0.0,0.0,0.07152025035520747,0.0703213465553586,0.7617948,0.0011989037998488745,0.2382053,0.0,0.0,0.07878874865310297,0.07740195931332716,0.74231315,0.0013867893397757917,0.2576868,0.0,0.0
73,0.040133005777269234,0.03933946359448074,0.8820395,0.0007935421827884888,0.11796052,0.0,0.0,0.0552248882986972,0.054812496999234524,0.824306,0.0004123912994626895,0.17569406,0.0,0.0,0.07840985544677322,0.07762288366982006,0.79433185,0.0007869717769531575,0.20566812,0.0,0.0
74,0.07192230153639674,0.07113323064661686,0.9210929,0.0007890708897798741,0.07890709,0.0,0.0,0.1374813623686629,0.08550905754742778,0.8078351,0.001173559964897546,0.1362864,0.050798744856337535,0.055878583,0.14016576288390536,0.08508051298521137,0.6815605,0.002120844272604275,0.26017863,0.052964405626089714,0.058260813
75,0.03971494061648344,0.03890042631279506,0.8399598,0.0008145143036883784,0.1600402,0.0,0.0,0.1007183360821574,0.10029818548653402,0.8206051,0.00042015059562336616,0.17939492,0.0,0.0,0.08765838898596474,0.07777859196225409,0.72530806,0.0012680401051044555,0.265219,0.008611756918606214,0.009472927
76,0.10209021262933918,0.10128866366594112,0.91984516,0.0008015489633980544,0.080154896,0.0,0.0,0.13292883219970392,0.13136956999546112,0.84407383,0.0015592622042427911,0.15592623,0.0,0.0,0.16420293049896317,0.1019903801257483,0.7284938,0.0016754388152585534,0.20491546,0.06053711155795631,0.06659078
77,0.07120418479412227,0.07040203354829155,0.76436454,0.0008021512458307309,0.23563538,0.0,0.0,0.07064438760942696,0.07003937005419267,0.74428546,0.0006050175552342724,0.2557146,0.0,0.0,0.1023977961728693,0.09262702917373902,0.7048192,0.0012693427357889325,0.2858292,0.008501424263341358,0.009351561
78,0.04021335070555046,0.03942025385455418,0.92069036,0.000793096850996287,0.07930969,0.0,0.0,0.07035355299959839,0.06955720038386452,0.90185297,0.0007963526157338637,0.09814704,0.0,0.0,0.0956708780499321,0.07748092223866519,0.8250778,0.0011783649018852103,0.1562095,0.01701159090938171,0.01871274
79,0.0700118494743173,0.06921507967630491,0.882647,0.0007967697980123741,0.11735302,0.0,0.0,0.10144783222976224,0.10064713048155903,0.86162925,0.0008007017482032007,0.1383708,0.0,0.0,0.10415997606892921,0.09401743330174456,0.76575184,0.0013717273713743676,0.22460017,0.00877081539581029,0.009647891
80,0.10183477825807952,0.10105428943332849,0.88200104,0.0007804888247510385,0.11799896,0.0,0.0,0.14879107109731612,0.1483882219465613,0.919485,0.00040284915075485374,0.08051505,0.0,0.0,0.15465231300479712,0.11038890011448164,0.75742465,0.0007813665590442104,0.1947451,0.04348204633127129,0.047830228
81,0.009620001043131864,0.009238484080986334,0.92384845,0.00038151696214553044,0.07615156,0.0,0.0,0.0389538909044764,0.03855633920132045,0.8638309,0.0003975517031559503,0.13616906,0.0,0.0,0.054646175805411916,0.054058678076023756,0.84347653,0.0005874977293881562,0.15652348,0.0,0.0
82,0.040688976462293726,0.03989855852716508,0.9209583,0.0007904179351286446,0.079041794,0.0,0.0,0.10063035273134392,0.09965152695899532,0.8648697,0.0009788257723486035,0.1351303,0.0,0.0,0.11315971441254434,0.08567975214244845,0.7866234,0.0014608571041029301,0.1847555,0.02601910516599295,0.028621
83,0.30113501675206583,0.2297638348019022,0.8824784,0.0003944720129987082,0.0394472,0.07097670993716498,0.078074336,0.3275460168874624,0.1673211562560284,0.7461611,0.00039404152038419817,0.07802501,0.15983081911104982,0.1758138,0.3451090130505031,0.17376806236913675,0.71423686,0.0004931933711504375,0.0978306,0.17084775731021598,0.18793242
84,0.30107461979359174,0.1954416624900344,0.8451238,0.00039110147481274525,0.039110146,0.10524185582874462,0.11576598,0.3595503466901777,0.16480892027768632,0.7089804,0.0005832601747167708,0.077445656,0.1941581662377747,0.21357387,0.32303081276154594,0.13377990373620188,0.6855453,0.0007795711918610494,0.10713626,0.18847133783348297,0.20731835
85,0.03850780727079781,0.037718296618964545,0.8839988,0.000789510651833274,0.11600109,0.0,0.0,0.06913416689434194,0.068719069083797,0.8824089,0.0004150978105449437,0.11759112,0.0,0.0,0.09300247765313151,0.09164661659775639,0.7958646,0.0013558610553751076,0.20413533,0.0,0.0
86,0.039544727098273294,0.03874780790259849,0.843432,0.0007969191956748002,0.15656796,0.0,0.0,0.06980456212861652,0.06938904594628333,0.80460334,0.000415516182333195,0.19539678,0.0,0.0,0.07092803636663271,0.07004390449644234,0.78365177,0.0008841318701903789,0.21634828,0.0,0.0
87,0.008823068311678495,0.007658056722217506,0.76580566,0.0011650115894609892,0.23419431,0.0,0.0,0.06902098467381358,0.06841603217708099,0.8011812,0.0006049524967326046,0.19881876,0.0,0.0,0.062300793006192734,0.06150325303411059,0.7814278,0.0007975399720821493,0.21857224,0.0,0.0
88,0.009619625297643661,0.008857423728472907,0.88574237,0.0007622015691707524,0.11425766,0.0,0.0,0.023389161635882953,0.022613230761732335,0.8071499,0.0007759308741506222,0.19285005,0.0,0.0,0.053659122118796976,0.052775236527813955,0.77563715,0.0008838855909830364,0.22436278,0.0,0.0
89,0.04045440717673931,0.03967672054541593,0.9222313,0.000777686631323376,0.07776866,0.0,0.0,0.08455906608758976,0.08415012658404923,0.90341926,0.00040893950354051276,0.09658079,0.0,0.0,0.11172140904801614,0.08445407673088838,0.7789745,0.0015389180306575776,0.19272438,0.025728414286470137,0.028301239
90,0.07214775053718903,0.07134304609365683,0.91952956,0.0008047044435322155,0.08047045,0.0,0.0,0.11981724588793863,0.10178441725746865,0.86274135,0.0008029917291880564,0.118305854,0.01722983690128191,0.01895281,0.11308224284624484,0.09424194560786123,0.77583903,0.0012773531537450633,0.20484169,0.017562944084638533,0.019319227
91,0.10136238872452903,0.10054949262746282,0.88032943,0.0008128960970662204,0.11967068,0.0,0.0,0.10184448420283897,0.10123100967765364,0.8609598,0.0006134745251853236,0.13904016,0.0,0.0,0.08752409292420844,0.08587385384889691,0.73648745,0.001650239075311544,0.26351264,0.0,0.0
92,0.041383614439560686,0.040598238062911046,0.92146236,0.000785376376649642,0.078537636,0.0,0.0,0.08781495181778907,0.06976623134928316,0.8644033,0.0007907656503757614,0.11661291,0.017257954818130146,0.018983738,0.12293197800064949,0.0692696094112626,0.7206098,0.0016475461821594312,0.22217387,0.052014822407227455,0.05721627
93,0.07195471222426571,0.07114684343613416,0.91921324,0.0008078687881315547,0.080786884,0.0,0.0,0.08696690745585614,0.08597927886155866,0.863792,0.000987628594297478,0.13620807,0.0,0.0,0.12166167822389004,0.08599553834712599,0.7673436,0.0014679776905577701,0.19503842,0.034198162186206284,0.037617955
94,0.22781414846166392,0.22703018657686155,0.84340554,0.0007839618848023712,0.15659443,0.0,0.0,0.2343203590036846,0.18200540102475507,0.8425961,0.0005996940693090136,0.10051712,0.05171526390962055,0.056886755,0.22920148966797155,0.15834377055221932,0.7268512,0.0006969453854341139,0.19597194,0.07016077373031808,0.0771768
95,0.04056534255859332,0.03978522741811619,0.9219886,0.0007801151404771315,0.07801151,0.0,0.0,0.08613236362905236,0.08515501933014397,0.8834334,0.0009773442989083798,0.11656662,0.0,0.0,0.12225436145833116,0.07720538889755049,0.7380328,0.0018521220602362085,0.21445058,0.04319685050054442,0.047516506
96,0.10481217471608431,0.10400244351860478,0.8808677,0.0008097311974795513,0.119132206,0.0,0.0,0.10344311573933862,0.10244148810671377,0.80200636,0.0010016276326248509,0.19799355,0.0,0.0,0.0958342931226094,0.09426164683570416,0.7154543,0.0015726462869052407,0.28454563,0.0,0.0
97,0.03850836436428823,0.03733906662203145,0.72509056,0.001169297742256779,0.2749094,0.0,0.0,0.05473744358750538,0.054132134725342104,0.799172,0.0006053088621632779,0.20082788,0.0,0.0,0.09254226152147045,0.0917443688317028,0.73303294,0.0007978926897676734,0.26696727,0.0,0.0
98,0.07141379560025017,0.07102322819033881,0.9609432,0.00039056740991137386,0.03905674,0.0,0.0,0.11651057394037599,0.11611149484610943,0.9211247,0.0003990790942665581,0.07887524,0.0,0.0,0.14738970842441618,0.09401091346139852,0.77751535,0.0009685730472181562,0.16483344,0.052410221915799526,0.057651214
99,0.010000000827999378,0.009614635297785671,0.9614635,0.00038536553021370674,0.038536552,0.0,0.0,0.06880178398621754,0.06821768640746996,0.9038336,0.0005840975787475707,0.09616642,0.0,0.0,0.09630273618938999,0.06153910102930111,0.8083637,0.0011549564819431776,0.15466669,0.0336086786781457,0.036969524
100,0.196757421131984,0.19636279288064926,0.922199,0.0003946282513347415,0.07780098,0.0,0.0,0.2212020076687719,0.15048875780564225,0.8438259,0.00039397128571555133,0.07882291,0.07031927857741409,0.07735116,0.23816418412056858,0.15707315840992592,0.7838504,0.000589407171133076,0.1275979,0.08050161853950959,0.08855173
101,0.09886043830538324,0.09807868960795045,0.8435177,0.0007817486974327919,0.1564823,0.0,0.0,0.08602050966923717,0.08523552356635206,0.8235404,0.0007849861028851111,0.17645974,0.0,0.0,0.10414739647148148,0.08565055529061807,0.74621165,0.0011686366597705078,0.2347273,0.0173282045210929,0.019061014
102,0.07171504098218627,0.07093339062744697,0.8825416,0.0007816503547393092,0.117458396,0.0,0.0,0.11787913185046282,0.11747562208284913,0.9006393,0.00040350976761367843,0.09936066,0.0,0.0,0.10705332544482983,0.07979601914716052,0.77652305,0.0008771231321141452,0.19445862,0.026380183165555158,0.029018184
103,0.009612421210963607,0.0088316275129586,0.8831628,0.000780793698005007,0.11683716,0.0,0.0,0.053284714903671655,0.05287762870370536,0.84330565,0.0004070861999662985,0.15669428,0.0,0.0,0.05445773666538775,0.05367436424316582,0.8038912,0.000783372422221917,0.19610885,0.0,0.0
104,0.07189301940559903,0.07110058457373138,0.9207566,0.0007924348318676437,0.07924348,0.0,0.0,0.11837046864758549,0.11796123774912254,0.919786,0.0004092308984629455,0.08021408,0.0,0.0,0.11224020749043043,0.10265408977490378,0.79566896,0.000978247145818573,0.19486248,0.008607870569708085,0.009468652
105,0.1950250235458081,0.19463621815985319,0.8809142,0.0003888053859549373,0.1190858,0.0,0.0,0.15080899040896711,0.15060750153670477,0.8420187,0.0002014888722623524,0.15798138,0.0,0.0,0.1946050114064325,0.14180177306538413,0.72656465,0.0004884889469444605,0.21588919,0.052314749394103945,0.05754619
106,0.06965867033172554,0.0688467318173951,0.80169773,0.0008119385143304397,0.19830231,0.0,0.0,0.055799406290034034,0.05518608011883437,0.8204848,0.0006133261711996703,0.1795151,0.0,0.0,0.07834620147181036,0.07735383691256038,0.7436782,0.000992364559249968,0.2563218,0.0,0.0
107,0.07019674373821651,0.06939320501641094,0.9196461,0.00080353872180557,0.08035387,0.0,0.0,0.11562189518280257,0.11482659700886032,0.862925,0.0007952981739422551,0.13707504,0.0,0.0,0.10289868224920393,0.10116349292488504,0.7584398,0.0017351893243188928,0.24156027,0.0,0.0
108,0.039665022225909154,0.03888315310861999,0.8422116,0.0007818691172891606,0.15778846,0.0,0.0,0.11637338387883604,0.11577517099967677,0.8606299,0.0005982128791593055,0.13937011,0.0,0.0,0.09628838559519684,0.08675365054905174,0.7937295,0.0009729554431395721,0.19685245,0.008561779603005545,0.009417952
109,0.10014965065522487,0.09934114892124712,0.76055825,0.0008085017339777558,0.23944168,0.0,0.0,0.07088781100912632,0.07027700111516769,0.77921534,0.0006108098939586159,0.22078471,0.0,0.0,0.07069935324984154,0.06970629452912122,0.6839554,0.00099305872072032,0.31604472,0.0,0.0
110,0.03951820629789604,0.03874937277172073,0.9231167,0.000768833526175307,0.07688335,0.0,0.0,0.10226510963550298,0.06809661276764876,0.8475369,0.0005944892134651311,0.11553181,0.03357400765438908,0.036931388,0.13090901448129258,0.06900257306025596,0.81517446,0.0007849251782151601,0.11759186,0.06112151624282145,0.06723363
111,0.010000000163614523,0.009235137841028763,0.9235138,0.0007648623225857602,0.07648623,0.0,0.0,0.054195817632072145,0.05360954904696166,0.86578786,0.0005862685851104767,0.13421208,0.0,0.0,0.10234035539097704,0.08409630342484174,0.82520175,0.0010662803756239325,0.15590279,0.01717777159051136,0.018895539
112,0.04094637787749305,0.04015399484489184,0.92076164,0.0007923830326012,0.0792383,0.0,0.0,0.10272407699741685,0.08500578072493645,0.8646064,0.0007942106065019313,0.116777144,0.01692408566597847,0.018616483,0.12058513172439457,0.09285392787291824,0.7774696,0.0015501119336308947,0.19373131,0.026181091917845425,0.028799184
113,0.07196731674457309,0.0711640631306491,0.84014934,0.0008032536139239742,0.15985069,0.0,0.0,0.10217391062859715,0.10117869547283966,0.78154355,0.0009952151557574885,0.2184564,0.0,0.0,0.0944908440836602,0.09320565895279999,0.72309005,0.0012851851308601947,0.2769098,0.0,0.0
114,0.03938927909467422,0.03860377297121064,0.92144936,0.0007855061234635751,0.078550614,0.0,0.0,0.06896424910429996,0.0683660598873669,0.8826289,0.0005981892169330854,0.11737116,0.0,0.0,0.07794108124384952,0.07706198349853967,0.83474326,0.0008790977453098301,0.1652566,0.0,0.0
115,0.04066153183016034,0.039882252708175574,0.92207205,0.0007792791219847597,0.07792791,0.0,0.0,0.136916758659574,0.08534770163398152,0.865273,0.00040617636779960225,0.07844793,0.05116288065779288,0.056279134,0.15752754055969137,0.08620133101798103,0.77759135,0.0009672143747765903,0.1450138,0.07035899516693377,0.07739485
116,0.040367449571113156,0.039558171583409664,0.91907215,0.0008092779877034959,0.0809278,0.0,0.0,0.05528796524362031,0.05449215227997037,0.8429411,0.0007958129636499466,0.15705885,0.0,0.0,0.07779467433283585,0.07670858684823352,0.8124929,0.0010860874846023412,0.18750718,0.0,0.0
117,0.07213723061738522,0.07134639689330816,0.84367085,0.0007908337240770495,0.15632908,0.0,0.0,0.11715278341938529,0.11674210879595479,0.8809041,0.0004106746234304611,0.119095996,0.0,0.0,0.12020318235133773,0.1021039047557278,0.77609426,0.0009767072419356547,0.20507096,0.017122570353674288,0.018834816
118,0.039589134593436534,0.03880704298276407,0.84164387,0.0007820916106724651,0.15835609,0.0,0.0,0.07043427246172802,0.06983419304534204,0.8020857,0.000600079416385987,0.19791426,0.0,0.0,0.08627231018625486,0.0855801574098862,0.754008,0.0006921527763686549,0.24599199,0.0,0.0
119,0.04154029907271108,0.04036317352973667,0.8822874,0.001177125542974406,0.11771256,0.0,0.0,0.08812381921019924,0.06979606368355055,0.8628193,0.0011832165006477608,0.11832164,0.017144539026000914,0.018858982,0.13199611575600426,0.06934903337479471,0.718265,0.0017683701323978412,0.21476844,0.060878712248811716,0.06696655
120,0.13623665170746052,0.13544384250873198,0.88015246,0.0007928091987285144,0.119847566,0.0,0.0,0.1513541017980603,0.1503644386829605,0.84103227,0.0009896631150997967,0.15896775,0.0,0.0,0.16069078318679147,0.1426154592925354,0.8209962,0.0008038535995703487,0.16000515,0.01727147029468574,0.018998606
121,0.16802573824681663,0.16722699913589648,0.8811428,0.0007987391109201453,0.11885712,0.0,0.0,0.1517637583346221,0.15115792214790832,0.88044125,0.0006058361867138211,0.119558744,0.0,0.0,0.12089849292741116,0.12020043932842786,0.794033,0.0006980535989833064,0.20596717,0.0,0.0
122,0.009999999334345418,0.00923374225464051,0.92337424,0.0007662570797049076,0.076625705,0.0,0.0,0.06847398237437927,0.06751875220610656,0.84791404,0.0009552301682726889,0.15208592,0.0,0.0,0.07087766047144409,0.06129177128710912,0.8155821,0.0012620756772166977,0.17526178,0.008323813507118269,0.00915619
123,0.03943138612276457,0.03866571770272996,0.9234331,0.0007656684200346125,0.076566845,0.0,0.0,0.054060387091000375,0.053472261062417356,0.86523825,0.0005881260285830193,0.13476163,0.0,0.0,0.08892639240336349,0.05360860815970768,0.7781834,0.0011578762314998741,0.18424068,0.034159908012155946,0.037575874
124,0.07163622821440425,0.07082250535139589,0.9186277,0.000813722863008352,0.08137229,0.0,0.0,0.07119101864383788,0.07057519296044981,0.88076127,0.0006158256833880664,0.11923872,0.0,0.0,0.10302789441658136,0.09323668161310636,0.78506297,0.0010874542647940557,0.20536293,0.008703758538680974,0.009574129
125,0.04112728666714366,0.040333074167990736,0.9205787,0.0007942124991529255,0.07942125,0.0,0.0,0.08745511786207734,0.06963286885611747,0.84586847,0.0009764969658055205,0.13560115,0.01684575204015435,0.018530317,0.13245428423676217,0.06169301779063277,0.72939056,0.0014595429481616105,0.1943777,0.06930172349796777,0.07623185
126,0.07216816991952475,0.07098205528381682,0.88138855,0.0011861146357079405,0.11861146,0.0,0.0,0.11730824642617657,0.11630854137339892,0.8433362,0.0009997050527776217,0.15666376,0.0,0.0,0.12007607793315356,0.10099585581564126,0.7090309,0.0020440422710015045,0.2722292,0.017036179846510763,0.018739788
127,0.10327225725501599,0.10246379164145794,0.91915345,0.0008084656135580635,0.08084656,0.0,0.0,0.10377804330956572,0.10240600950452616,0.8249417,0.001372033805039527,0.17505825,0.0,0.0,0.14799233106460305,0.08651669965777514,0.7178816,0.001481811514183403,0.21612532,0.05999381989264452,0.06599316
128,0.010000000348603884,0.009225217909299406,0.9225218,0.0007747824393044783,0.077478245,0.0,0.0,0.06850603844956085,0.06809738240303077,0.88334805,0.0004086560465300732,0.11665189,0.0,0.0,0.08647929415302315,0.07688605118403152,0.825733,0.0011526504355762988,0.16498233,0.008440592533415335,0.009284646
129,0.03954192647541859,0.0387411770459315,0.84264874,0.0008007494294870948,0.15735129,0.0,0.0,0.054579781901695254,0.05378624644663504,0.78466046,0.0007935354550602221,0.21533954,0.0,0.0,0.08480103830430435,0.08381517850710041,0.7547131,0.0009858597972039547,0.24528676,0.0,0.0
130,0.07173419440748532,0.07054898545314549,0.8814791,0.0011852089543398362,0.11852089,0.0,0.0,0.13607831801523,0.100938507576229,0.8251915,0.0013766914434579084,0.13766915,0.033763118995543066,0.03713941,0.14794532315314926,0.09363917005121834,0.7286892,0.0019524627624427763,0.21372193,0.05235369033948816,0.057589024
131,0.04034156110897551,0.03951425074716859,0.83879304,0.0008273103618069112,0.1612071,0.0,0.0,0.05534983464199744,0.054539113260321806,0.7814274,0.0008107213816756448,0.21857257,0.0,0.0,0.07062717289547227,0.06943562228657889,0.7518842,0.001191550608893375,0.24811582,0.0,0.0
132,0.008831391374651297,0.008047549681546426,0.804755,0.0007838416931048721,0.19524498,0.0,0.0,0.05364733410555968,0.05305072303295296,0.8033815,0.0005966110726067146,0.19661856,0.0,0.0,0.04719971910360926,0.04650746967726723,0.7833604,0.0006922494263420299,0.21663947,0.0,0.0
133,0.2645116007428187,0.26410778557569203,0.91972053,0.0004038151671266856,0.080279484,0.0,0.0,0.2505397994527633,0.23266590583465527,0.91955423,0.00040623974064270724,0.061231293,0.017467653877465277,0.019214408,0.1958986057350735,0.17761481106795546,0.8717643,0.0004040492504472448,0.108567886,0.017879745416670822,0.01966771
134,0.22709338762894352,0.22669243533049369,0.92027295,0.0004009522984498108,0.07972702,0.0,0.0,0.22174295336073405,0.15166610957115664,0.8245095,0.0005959473787982183,0.09906156,0.06948089641077916,0.07642894,0.2702951645502386,0.17239915945467768,0.7264086,0.0006904389086009173,0.16666533,0.09720556618696008,0.10692606
135,0.165987469546919,0.1651801160849767,0.9192647,0.00080735346194232,0.08073535,0.0,0.0,0.1503735140592241,0.14937564892075403,0.88076955,0.0009978651384700585,0.1192304,0.0,0.0,0.17230632524007639,0.11040912343819996,0.73743737,0.0012843109484382248,0.19588852,0.060612890853438184,0.066674136
136,0.03972232817012015,0.038923279104140306,0.920095,0.0007990490659798383,0.07990491,0.0,0.0,0.07146808394490607,0.05337490840921225,0.8453474,0.0013624881132270534,0.13624881,0.016730687422466767,0.018403746,0.08791178476540752,0.06867714495495476,0.7676449,0.001844971464624934,0.21322644,0.017389668345827825,0.019128624
137,0.07083140950747309,0.07005085441400585,0.8459652,0.0007805550934672342,0.1540347,0.0,0.0,0.1326596808279824,0.13225319118917125,0.91978335,0.00040648963881115784,0.080216646,0.0,0.0,0.1473131827915705,0.09461487476052022,0.7393403,0.0009727475998847922,0.20376158,0.051725560431165475,0.056898087
138,0.07127382996772222,0.07045373223075203,0.8399928,0.0008200977369701814,0.16000718,0.0,0.0,0.10179263037767895,0.1013675807539466,0.8395337,0.00042504962373234294,0.1604662,0.0,0.0,0.08036764688961279,0.07087760983817583,0.71563053,0.0009853704843328659,0.2750144,0.008504666567104097,0.009355128
139,0.13281871854259517,0.13202025713465904,0.92015386,0.0007984614079361631,0.079846136,0.0,0.0,0.1352338262819598,0.1342425725897224,0.9008746,0.0009912536922374326,0.09912537,0.0,0.0,0.15448815141541636,0.11848416022166545,0.7599919,0.0016498714555872698,0.20221856,0.03435411973816362,0.03778951
140,0.26192220598110744,0.2615210445558097,0.92140067,0.00040116142529774004,0.07859937,0.0,0.0,0.18502527571804037,0.18423948428717482,0.8054608,0.0007857914308655229,0.1945392,0.0,0.0,0.20265457516548044,0.16705969028856216,0.7648913,0.0008865642642848527,0.19692945,0.03470832061263341,0.038179133
141,0.00838987221708092,0.007604857124652585,0.8001386,0.0007850150924283367,0.19986145,0.0,0.0,0.03915787444585205,0.03816997310268168,0.76236314,0.0009879013431703695,0.23763688,0.0,0.0,0.05402275978063564,0.053413265627936836,0.71292335,0.0006094941526988154,0.2870766,0.0,0.0
142,0.07068263508164065,0.06990173163224067,0.9219097,0.0007809034493999764,0.07809035,0.0,0.0,0.1166065837461417,0.11619969931771496,0.9025377,0.00040688442842674416,0.09746245,0.0,0.0,0.12124245680890433,0.09446627158690266,0.82505745,0.0009752579832269941,0.1465615,0.025800927238774703,0.028381001
143,0.039093142233816075,0.03869637191594339,0.84404844,0.0003967703178726771,0.15595151,0.0,0.0,0.11589092495910633,0.11529857220841726,0.8423495,0.0005923527506890791,0.15765047,0.0,0.0,0.09440320302089825,0.09380687644212053,0.7843436,0.0005963265787777314,0.21565655,0.0,0.0
144,0.09979212022815921,0.09860197720198102,0.56051683,0.001190143026178186,0.4394831,0.0,0.0,0.08555283780694085,0.08455459525032866,0.6574897,0.000998242556612205,0.3425103,0.0,0.0,0.07041370590345104,0.06931439916203051,0.6208061,0.0010993067414205129,0.3791939,0.0,0.0
145,0.009229527589004903,0.008429624213740336,0.8429623,0.0007999033752645657,0.15703759,0.0,0.0,0.053945499593637786,0.053339467856999175,0.8430678,0.0006060317366386128,0.15693204,0.0,0.0,0.04709731269093927,0.046204957709636854,0.75597036,0.000892354981302429,0.24402955,0.0,0.0
146,0.10192599273363355,0.10112150794843064,0.9195515,0.0008044847852028878,0.08044848,0.0,0.0,0.13641527199179235,0.10093909523333186,0.82537484,0.0013710965133659774,0.13710965,0.034105080245094496,0.037515566,0.1804203170905987,0.100762880706287,0.70948434,0.0016708843352568473,0.20473056,0.07798655204905489,0.085785165
147,0.07144779332002632,0.07063797175409926,0.8808619,0.0008098215659270533,0.1191381,0.0,0.0,0.0716636166203289,0.07124067122333096,0.8615601,0.0004229453969979266,0.13843986,0.0,0.0,0.08711043598838104,0.08622163614915843,0.8127169,0.0008887998392226095,0.18728305,0.0,0.0
148,0.07013499775677859,0.0693413549962788,0.84298664,0.0007936427604997823,0.15701327,0.0,0.0,0.05556126336081189,0.05495703617721596,0.82275105,0.0006042271835959283,0.17724885,0.0,0.0,0.10145530961281363,0.10047102621351366,0.7838587,0.0009842833992999942,0.21614125,0.0,0.0
149,0.10095220376865814,0.10013833629523988,0.7593123,0.0008138674734182507,0.2406877,0.0,0.0,0.07083301342449537,0.07002128683384265,0.7406034,0.0008117265906527187,0.25939652,0.0,0.0,0.07040238019193515,0.06939915193007766,0.7024128,0.001003228261857472,0.29758725,0.0,0.0
150,0.2271515900944802,0.2263471359179224,0.8792822,0.0008044541765577907,0.12071781,0.0,0.0,0.1836927346526268,0.18307964928249065,0.9177787,0.0006130853701361633,0.082221374,0.0,0.0,0.20846512663660718,0.18114312937454033,0.79387414,0.0011816570814666087,0.1773715,0.026140340180600245,0.028754355
151,0.19476681785579064,0.1939697040093308,0.84229666,0.000797113846459768,0.15770331,0.0,0.0,0.166449254379667,0.16546217124244525,0.86091924,0.000987083137221732,0.13908078,0.0,0.0,0.17093108539908286,0.13485066592834008,0.72689253,0.0013756338718291284,0.23493212,0.03470478559891367,0.038175244
152,0.04089317969412595,0.03972201790779086,0.88288385,0.0011711617863350823,0.11711618,0.0,0.0,0.1388047290504396,0.06963725555526436,0.7894954,0.0013591541216196234,0.13591541,0.06780831937355562,0.0745891,0.18274342276154304,0.07657308186454345,0.69991857,0.0016646618721827123,0.18512525,0.1045056790248169,0.11495617
153,0.10188030726000208,0.10108759136726965,0.9207283,0.0007927158927324165,0.07927159,0.0,0.0,0.11829744703910464,0.11788563368418926,0.92006564,0.00041181335491534464,0.079934314,0.0,0.0,0.11218006577304833,0.10244161016702773,0.7960836,0.0011701371100149066,0.19449125,0.008568318496005697,0.009425145
154,0.04015032412700798,0.03936899990792689,0.92186755,0.0007813242190810912,0.07813242,0.0,0.0,0.06929143833701135,0.06850656415854924,0.8827961,0.0007848741784620957,0.11720385,0.0,0.0,0.10636165828139739,0.053852735801843334,0.76809376,0.0011713715371778506,0.17543499,0.05133755094237619,0.056471273
155,0.00999999990825437,0.009231004131342459,0.9231004,0.000768995776911911,0.07689958,0.0,0.0,0.0539275914326557,0.05315493778195184,0.8657846,0.0007726536507038482,0.13421535,0.0,0.0,0.06371804222061558,0.053939072046536286,0.81615907,0.0012556347686699676,0.17446536,0.008523335405409335,0.0093756635
156,0.03984506355012495,0.03907750078534727,0.92324376,0.0007675627647776862,0.076756276,0.0,0.0,0.06913438048925148,0.06854106195014716,0.8836903,0.0005933185391043174,0.11630972,0.0,0.0,0.08849683273057748,0.061568156075061206,0.7876586,0.0011626282290448512,0.18399887,0.025766048426471427,0.028342636
157,0.00962827428829989,0.00886690106035601,0.8866901,0.0007613732279438794,0.1133099,0.0,0.0,0.039187869734793254,0.03878613788596597,0.883767,0.0004017318488272836,0.116233006,0.0,0.0,0.06282564411794882,0.06195163032281859,0.853759,0.0008740137951302268,0.14624105,0.0,0.0
158,0.03970338075740587,0.03893751630550353,0.92341346,0.0007658644519023452,0.07658645,0.0,0.0,0.08546981564743279,0.0681586366277796,0.8470717,0.0005898121095488876,0.13453484,0.016721366910104306,0.018393492,0.10505541477599484,0.06136447059717608,0.7875972,0.0009721227978690358,0.16541214,0.042718821380949755,0.046990678
159,0.04077768832709037,0.0400002423783332,0.9222554,0.0007774459487571701,0.077744596,0.0,0.0,0.06988096285374064,0.06891077072655563,0.84604084,0.0009701921271850001,0.15395921,0.0,0.0,0.1274671662483606,0.09187640283482479,0.7671215,0.0013672308641198266,0.1952326,0.03422353254941596,0.037645865
160,0.0718795665494332,0.07106800098502096,0.84097755,0.0008115655644122354,0.15902248,0.0,0.0,0.13131931349853534,0.13070001176956378,0.8217487,0.0006193017289715482,0.17825122,0.0,0.0,0.10348887841435249,0.10221652909720688,0.7831197,0.0012723493171456215,0.21688025,0.0,0.0
161,0.009226579067612968,0.00845675268131897,0.8456753,0.0007698263862939988,0.15432474,0.0,0.0,0.06750548963095307,0.06710172752158054,0.82391685,0.00040376210937252764,0.17608312,0.0,0.0,0.069538241401081,0.06885488939996057,0.73807245,0.0006833520011204309,0.26192755,0.0,0.0
162,0.0404082849525745,0.03962362765615803,0.92153424,0.0007846572964164784,0.07846573,0.0,0.0,0.07048573450668665,0.06969996448959177,0.88419753,0.000785770017094874,0.115802504,0.0,0.0,0.1144798470777961,0.062058051827725086,0.7604551,0.0013553852373102712,0.18337189,0.05106641001276071,0.056173015
163,0.13516843563080103,0.1339536008057931,0.83950704,0.0012148348250079124,0.16049297,0.0,0.0,0.16622737693731796,0.16521380184155593,0.858829,0.0010135750957620349,0.141171,0.0,0.0,0.12089989839524809,0.11969988689912406,0.78304493,0.0012000114961240513,0.21695504,0.0,0.0
164,0.3930828382644969,0.32238037787270246,0.84315073,0.00040282821250837313,0.07951971,0.07029963217928607,0.07732955,0.28786060306733474,0.215610563070759,0.803605,0.0007838272808987518,0.11778226,0.07146621271567696,0.07861279,0.2583790437059865,0.16841528024491567,0.74463964,0.0006956331707177384,0.15716554,0.0892681302903532,0.09819489
165,0.06889196860794314,0.06809588391533702,0.882342,0.0007960846926061132,0.11765789,0.0,0.0,0.11658932840029196,0.11598307125668811,0.9000063,0.0006062571436038487,0.099993736,0.0,0.0,0.13835700388021546,0.09412261870448568,0.75807977,0.0011715017197174785,0.19455105,0.04306288345601231,0.047369145
166,0.13392271725956809,0.13313408342153357,0.9211367,0.0007886338380344994,0.07886338,0.0,0.0,0.1824698152276545,0.16486149888122226,0.88332385,0.0005974645350557605,0.09796432,0.01701085181137652,0.018711926,0.17083010860252654,0.13496175467662233,0.824096,0.000983981434961107,0.13753125,0.03488437249094311,0.03837279
167,0.008833765117294516,0.008040118508358859,0.84270656,0.000793646608935659,0.15729336,0.0,0.0,0.05390900628004415,0.05330761474235256,0.80347306,0.0006013915376915845,0.19652687,0.0,0.0,0.08449769494995209,0.08370488366495692,0.7738669,0.0007928112849951797,0.22613312,0.0,0.0
168,0.03922157119890873,0.03842954077375389,0.8832757,0.0007920304251548357,0.11672437,0.0,0.0,0.11405501331576214,0.1136393915851757,0.88171357,0.00041562173058639967,0.11828636,0.0,0.0,0.08700838327622205,0.08603557796963231,0.815373,0.0009728053065897578,0.18462694,0.0,0.0
169,0.010000000097538297,0.009249006538304187,0.92490065,0.0007509935592341106,0.07509936,0.0,0.0,0.039287807266769684,0.03851980694382062,0.8663447,0.0007680003229490716,0.13365535,0.0,0.0,0.08233907302833947,0.03895785416873833,0.8165011,0.0008786862943011205,0.13674614,0.04250253256530002,0.04675276
170,0.039638477734193864,0.03885624469041164,0.92177665,0.0007822330437822225,0.0782233,0.0,0.0,0.03998796020288165,0.03938771122053815,0.84607977,0.0006002489823434969,0.1539202,0.0,0.0,0.062288546553404996,0.06130699256778719,0.7581893,0.0009815539856178083,0.24181065,0.0,0.0
171,0.03947101238611914,0.03869590450184048,0.92248917,0.0007751078842786668,0.07751079,0.0,0.0,0.06941859276708125,0.06863711605466559,0.8653957,0.0007814767124156583,0.1346043,0.0,0.0,0.09647283478417856,0.06953103000627234,0.78819996,0.0014431612325507776,0.18375158,0.025498643545355446,0.028048491
172,0.13408748041403445,0.13328407476104437,0.8813639,0.0008034056529901003,0.118636,0.0,0.0,0.15050020475292053,0.14989202179159136,0.90029836,0.0006081829613291579,0.099701695,0.0,0.0,0.12863476743419316,0.11863977583070362,0.78517455,0.0013681889217631823,0.205336,0.00862680268172634,0.009489478
173,0.1310692675729299,0.13027351121422956,0.8822914,0.0007957563587003348,0.117708586,0.0,0.0,0.13328785309941263,0.13230607311899706,0.84359586,0.0009817799804155757,0.15640415,0.0,0.0,0.1215063427543994,0.1028774030705433,0.7948312,0.0014633975840489771,0.18628667,0.0171655420998071,0.018882085
174,0.04066044271968188,0.0394598410808672,0.8799398,0.0012006016388146832,0.12006016,0.0,0.0,0.0704711358910475,0.06887792075939336,0.8406785,0.001593215131654154,0.15932152,0.0,0.0,0.07351554437836474,0.05440989103298895,0.7645542,0.0019800292180898946,0.21660763,0.017125624127285907,0.018838177
175,0.038574208008262945,0.03778845373063556,0.76060486,0.0007857542776273867,0.2393951,0.0,0.0,0.054752524267481575,0.05414971788371697,0.7785309,0.000602806383764604,0.2214691,0.0,0.0,0.06236896721873364,0.061473686897475045,0.7018082,0.0008952803212586045,0.29819173,0.0,0.0
176,0.04071498564934221,0.03993078181280404,0.92157966,0.0007842038365381723,0.078420386,0.0,0.0,0.08751864307510675,0.0699484033882624,0.88414496,0.0005965328842084083,0.09718398,0.016973706802635918,0.018671067,0.14774262843387412,0.07741227081332769,0.7687426,0.0010703489466636395,0.15507141,0.0692600086738828,0.076185964
177,0.16534524700208775,0.16455083523134817,0.92055875,0.0007944117707395753,0.079441175,0.0,0.0,0.15080399137827427,0.14961675234641286,0.861921,0.0011872390318614125,0.138079,0.0,0.0,0.16560814549552513,0.10413253961921728,0.7377831,0.0016744442351449011,0.19643581,0.05980116164116294,0.06578124
178,0.0704300034224457,0.06962241736009747,0.8418768,0.0008075860623482241,0.15812318,0.0,0.0,0.07155598892989308,0.07113618349279374,0.8607987,0.0004198054370993329,0.13920137,0.0,0.0,0.08683395807335224,0.08594942639671493,0.79430044,0.0008845316766373077,0.2056994,0.0,0.0
179,0.04092675545933403,0.04013220143728449,0.92054456,0.000794554022049538,0.079455405,0.0,0.0,0.10014134532001426,0.09953955502944536,0.8825795,0.0006017902905689077,0.11742054,0.0,0.0,0.11216282525304645,0.08581857612246147,0.7967782,0.0010753434558484994,0.17542605,0.02526890567473651,0.02779578
180,0.039538573309669194,0.038715886615599916,0.7994448,0.0008226866940692677,0.20055516,0.0,0.0,0.05481994274865937,0.05420088571196775,0.7997569,0.0006190570366916045,0.20024316,0.0,0.0,0.05486718319210344,0.0535833325166072,0.73310375,0.0012838506754962338,0.2668962,0.0,0.0
181,0.1642452455842664,0.16344350025822382,0.91982543,0.000801745326042582,0.080174536,0.0,0.0,0.1359439403550369,0.13552775192336966,0.91960037,0.0004161884316672326,0.08039963,0.0,0.0,0.14355070524921001,0.1422863442939002,0.8149792,0.0012643609553098247,0.18502074,0.0,0.0
182,0.0398297148470436,0.03905467248839883,0.92249566,0.0007750423586447707,0.07750423,0.0,0.0,0.10330248303218487,0.0692012290365872,0.86586183,0.000603273105043826,0.09729043,0.03349798089055387,0.03684776,0.10675170636994129,0.06151880949912475,0.7322545,0.0016275063844371138,0.21977955,0.043605390486379396,0.047965903
183,0.040457707665049275,0.03967683432244388,0.92191267,0.0007808733426053984,0.07808734,0.0,0.0,0.08463651157130371,0.08404137535422536,0.88368523,0.0005951362170783556,0.11631471,0.0,0.0,0.08709132576783611,0.07723427120879175,0.8058179,0.0013585746855224745,0.18483377,0.008498479873521887,0.009348323
184,0.16231832610947516,0.1615207860867215,0.92024595,0.0007975400227536673,0.079754,0.0,0.0,0.15016282315708684,0.14955531802878178,0.90117395,0.0006075051283050684,0.09882606,0.0,0.0,0.11399235457382743,0.10418495935219106,0.777814,0.0013580793078638161,0.21289176,0.008449315913772562,0.009294242
185,0.10332113485667759,0.10251002114661768,0.83942235,0.0008111137100599152,0.16057774,0.0,0.0,0.08743073202494411,0.08701182347317778,0.82013196,0.00041890855176633814,0.17986812,0.0,0.0,0.09524641730251983,0.09416806756884506,0.75354546,0.0010783497336747723,0.24645463,0.0,0.0
186,0.10175647308344396,0.1013668213408831,0.88292414,0.0003896517425608682,0.117075846,0.0,0.0,0.1329886152804299,0.13259074900631088,0.86238325,0.00039786627411904173,0.13761675,0.0,0.0,0.13674095959761057,0.110196135787422,0.7562359,0.0004950260089961099,0.2151093,0.026049797801192428,0.028654762
187,0.039219527421833815,0.03840969740071011,0.8412835,0.0008098300211236991,0.15871648,0.0,0.0,0.06956173866247391,0.06857529316062588,0.78378445,0.000986445501848022,0.21621554,0.0,0.0,0.08569409149744234,0.08451236427050571,0.75354594,0.0011817272269366225,0.24645413,0.0,0.0
188,0.07115208543749693,0.07036292428448936,0.92108387,0.0007891611530075792,0.07891612,0.0,0.0,0.10142368741440354,0.10082526410665435,0.88256025,0.0005984233077491778,0.11743978,0.0,0.0,0.09624287975937608,0.08623734222771655,0.78669083,0.0014525024820149115,0.20390087,0.008553035049644622,0.009408333
189,0.13249289824190566,0.1316798614059987,0.8801168,0.0008130368359069696,0.11988317,0.0,0.0,0.1190766806160286,0.11845954993182839,0.8603587,0.0006171306842002004,0.1396412,0.0,0.0,0.09684548463068707,0.09575692177406943,0.7746188,0.0010885628566176466,0.22538133,0.0,0.0
190,0.04017326706458572,0.0390166994721866,0.88434327,0.001156567592399121,0.11565676,0.0,0.0,0.08646702571928783,0.06854246778418321,0.864779,0.001167886394580946,0.11678863,0.01675667154052368,0.018432328,0.14143807540685296,0.053684869646898614,0.7306475,0.001556214367297416,0.17453581,0.0861969913926569,0.09481664
191,0.03988143514594388,0.039492222204395154,0.96107864,0.0003892129415487295,0.038921293,0.0,0.0,0.06940682363920707,0.06900699347881137,0.88400424,0.0003998301603956908,0.11599567,0.0,0.0,0.07080880398503159,0.06974976046271557,0.8258841,0.0010590435223159958,0.1741159,0.0,0.0
192,0.0718994520626134,0.07111848832229324,0.92190355,0.0007809637403201684,0.078096375,0.0,0.0,0.1481775666422336,0.14776979616111785,0.9212443,0.00040777048111578584,0.07875563,0.0,0.0,0.09808637844216304,0.0887289645796185,0.85403425,0.0008818721141700207,0.13664258,0.008475541748374511,0.00932309
193,0.010000000579413889,0.00922631650560892,0.9226316,0.0007736840738049685,0.07736841,0.0,0.0,0.05393764730371739,0.05315809371588046,0.86543924,0.00077955358783693,0.13456076,0.0,0.0,0.07028330656962833,0.06893744273945603,0.82581174,0.001345863830172309,0.17418823,0.0,0.0
194,0.10244113897801277,0.10165554186562668,0.9214403,0.0007855971123860969,0.07855971,0.0,0.0,0.13290574757798854,0.13230309139334717,0.9204285,0.0006026561846413694,0.07957151,0.0,0.0,0.13857580004988115,0.10273802124361035,0.7497271,0.0013556097820830969,0.21234259,0.03448216902418771,0.037930362
195,0.008422545946798463,0.007627711077808416,0.7627711,0.0007948348689900462,0.2372288,0.0,0.0,0.05435840119194964,0.05375399918088962,0.799676,0.0006044020110600195,0.20032397,0.0,0.0,0.04683151935714865,0.04594663503624966,0.7243954,0.0008848843208989817,0.2756047,0.0,0.0
196,0.13363276910181765,0.13245314336726222,0.8039634,0.0011796257345554233,0.19603649,0.0,0.0,0.1187676898686058,0.11796846536851689,0.82200736,0.0007992245000889036,0.17799264,0.0,0.0,0.11926429622438964,0.11828233542807084,0.7933836,0.0009819607963188163,0.20661633,0.0,0.0
197,0.13251789568364605,0.1317209517256713,0.92030555,0.0007969439579747746,0.0796944,0.0,0.0,0.15039845354638162,0.14979301752165602,0.9201092,0.000605436024725605,0.07989085,0.0,0.0,0.11380041381590589,0.10409330148867159,0.78757125,0.0012611871960537349,0.20313823,0.00844592513118056,0.009290513
198,0.19662081975845042,0.19544191208989162,0.8821092,0.0011789076685588058,0.11789077,0.0,0.0,0.21684989395187385,0.1817039403509141,0.8627106,0.0008008664661975595,0.09950991,0.03434508713476218,0.037779573,0.19767692380369806,0.13498488261003982,0.73628,0.0014770015346093751,0.1963835,0.061215039659048835,0.06733651
199,0.008436313245552758,0.008056028093013068,0.80560285,0.00038028515253969004,0.19439724,0.0,0.0,0.022721780196040757,0.021946803710978117,0.72636074,0.0007749764850626403,0.27363926,0.0,0.0,0.030359172656962388,0.029572669204164143,0.66622007,0.0007865034527982416,0.33377996,0.0,0.0
200,0.009218268723784945,0.008445805860229852,0.8445806,0.0007724628635550925,0.15541942,0.0,0.0,0.03845945005736017,0.03786549641820999,0.8234626,0.000593953639150185,0.1765375,0.0,0.0,0.053761176075856155,0.05288198204554796,0.74591774,0.0008791940303081852,0.25408217,0.0,0.0
201,0.10148596423433846,0.10068489834247357,0.9198935,0.000801065891864898,0.080106586,0.0,0.0,0.14824741802102812,0.14764199919214369,0.9012091,0.0006054188288844667,0.09879095,0.0,0.0,0.12284067023785791,0.09587292118898849,0.7873022,0.0014540119018098807,0.18463285,0.02551373714705952,0.028065097
202,0.009999999533216983,0.009218292483998239,0.9218293,0.0007817070492187435,0.0781707,0.0,0.0,0.06868359933528499,0.06807827611490307,0.8646407,0.0006053232203819179,0.13535932,0.0,0.0,0.07001069122397718,0.0688341565450881,0.75844646,0.0011765346788890965,0.24155357,0.0,0.0
203,0.06991648890474732,0.06951398559217802,0.9215843,0.0004025033125693013,0.07841578,0.0,0.0,0.10144484938356782,0.10065979335443842,0.88276315,0.000785056029129405,0.117236815,0.0,0.0,0.11106358971772048,0.1011613160388513,0.814342,0.0012732851443613248,0.17616607,0.00862898853450787,0.009491882
204,0.040203053829645154,0.03943612886406094,0.92330754,0.0007669249655842116,0.07669249,0.0,0.0,0.06906691919499613,0.06866259420371833,0.9018618,0.00040432499127781874,0.09813829,0.0,0.0,0.08177043067153186,0.04652770246385002,0.7787471,0.0011569420105823692,0.18375865,0.034085786197099475,0.037494343
205,0.07307225970230331,0.07188064274633449,0.84273636,0.0011916169559688242,0.15726355,0.0,0.0,0.12019258153815308,0.1022990949235288,0.8224754,0.0006185952983940846,0.15852226,0.017274891316230178,0.019002369,0.120809942468249,0.10174249333236077,0.7088344,0.0015536294295065652,0.2719004,0.01751381970638168,0.01926519
206,0.03967240962797752,0.038893123502457216,0.92207146,0.0007792861255203027,0.07792861,0.0,0.0,0.06944550538764577,0.06884863237308861,0.88390744,0.0005968730145571506,0.11609268,0.0,0.0,0.10386493256048006,0.07633125690044072,0.73985654,0.0016404321250912028,0.23166078,0.025893243534948138,0.02848255
207,0.13481365250332816,0.13362757372520287,0.8420158,0.0011860787781252902,0.15798421,0.0,0.0,0.2006937450735838,0.1648030262880621,0.86073077,0.0006105566848590466,0.10046102,0.03528016210066268,0.038808156,0.1957550451208812,0.14997805050938795,0.7930654,0.0007961182547262655,0.15745567,0.044980876356767,0.049478937
208,0.07222764227085926,0.07104034889993335,0.8042105,0.0011872933709259305,0.19578964,0.0,0.0,0.08711105628337652,0.08611593625721858,0.8029571,0.0009951200261579256,0.19704291,0.0,0.0,0.10384229144657196,0.09413227951556705,0.78270286,0.0011861684236715371,0.20792083,0.008523843507333352,0.009376222
209,0.10369412194249078,0.10291599016876866,0.88298297,0.0007781317737221101,0.117017046,0.0,0.0,0.15207764999153367,0.13428967423284782,0.8822913,0.0005906369707009476,0.09879162,0.017197338787984878,0.018917061,0.17308917435348517,0.11081881438493665,0.7382691,0.0009736062178062162,0.19430453,0.06129675375074229,0.06742639
210,0.06851030798370372,0.06771706034682794,0.882926,0.0007932476368757847,0.117074035,0.0,0.0,0.040330774863112456,0.03935910559801787,0.8261418,0.0009716692650945795,0.17385827,0.0,0.0,0.07712093435383699,0.07594484726550275,0.75676644,0.001176087088334251,0.24323355,0.0,0.0
211,0.04053705599041187,0.03975681163112673,0.92197555,0.0007802443592851403,0.07802444,0.0,0.0,0.08482066358667882,0.08422600362572742,0.8844246,0.0005946599609513972,0.11557541,0.0,0.0,0.12135717934034365,0.07705288900958743,0.75923496,0.0013586405694778387,0.19352482,0.04294564976127838,0.047240186
212,0.16465096919675531,0.16424079686879692,0.95898277,0.0004101723279584052,0.041017234,0.0,0.0,0.16493170508858176,0.1641321856074486,0.8807001,0.0007995194811331747,0.119299866,0.0,0.0,0.1218097215491666,0.11179769990546586,0.7949908,0.0012735824781707375,0.19539693,0.008738439165530009,0.009612277
213,0.04151986692655128,0.040327049229667435,0.8807182,0.0011928176968838517,0.11928177,0.0,0.0,0.08848481940088697,0.07040820623859412,0.8251352,0.0011885538595404143,0.15628794,0.01688805930275245,0.018576855,0.12150713836354422,0.08517095738328212,0.76559836,0.0015746937948174673,0.19616391,0.03476148718544467,0.038237616
214,0.2977856607508965,0.29739083650054526,0.9201464,0.00039482425035123627,0.07985365,0.0,0.0,0.26996096447874257,0.2347144751904311,0.88209856,0.00020378671821103664,0.07935454,0.03504270257010041,0.03854695,0.2458147398951769,0.2008580140467505,0.81300247,0.00020197270731301404,0.13776736,0.04475475314111343,0.0492302
215,0.04102515324502717,0.04022885155585125,0.92037,0.0007963016891759169,0.079630174,0.0,0.0,0.08542601753499078,0.08482030043216753,0.8830197,0.0006057171028232373,0.11698028,0.0,0.0,0.1458817715444968,0.09257443932212168,0.7682927,0.001259362256054975,0.17445457,0.05204796996632015,0.05725274
216,0.0714197592153744,0.07062591685286217,0.92061573,0.0007938423625122301,0.07938424,0.0,0.0,0.08661073842318052,0.08562555259593806,0.8260594,0.0009851858272424715,0.17394057,0.0,0.0,0.13722215088158857,0.10125409460573187,0.7575267,0.0015571595846379368,0.20462142,0.03441089669121878,0.037851967
217,0.07148620712595433,0.07069609176290813,0.9209885,0.0007901153630462,0.07901154,0.0,0.0,0.08713127098203176,0.08539730134649247,0.7889641,0.0017339696355392893,0.21103586,0.0,0.0,0.14655126626579787,0.09333910701056596,0.7472957,0.0016669366995255774,0.1960046,0.05154522255570635,0.056699708
218,0.008427920967240234,0.00764070390838597,0.76407033,0.0007872170588542639,0.23592955,0.0,0.0,0.06915523145252081,0.06855060213866876,0.80113524,0.0006046293138520498,0.19886474,0.0,0.0,0.06212540052553544,0.06142807062040398,0.7530003,0.0006973299051314521,0.24699973,0.0,0.0
219,0.010000000160454428,0.00921393188782293,0.92139316,0.000786068272631498,0.07860683,0.0,0.0,0.009230141020802095,0.008255425783875074,0.8447732,0.0009747152369270218,0.15522677,0.0,0.0,0.03928494464056142,0.03783240558713744,0.8146295,0.001452539053423973,0.1853705,0.0,0.0
220,0.32098987207609336,0.320587325887589,0.9193641,0.00040254618850445385,0.080635935,0.0,0.0,0.2702599788498184,0.19878512316604943,0.82273,0.0003973758574243197,0.09908479,0.07107747982634469,0.078185186,0.22365991170533706,0.16005467929786055,0.7730807,0.0005933409727707406,0.15760617,0.06301189143470584,0.06931304
221,0.10133773873351835,0.10054883825872848,0.8832229,0.000788900474789865,0.116777144,0.0,0.0,0.1350640208700094,0.11736086390299548,0.8620931,0.0006066883798721297,0.11910073,0.01709646858714181,0.018806105,0.15422260152134035,0.10995966615681563,0.7854991,0.000601548936536997,0.16647328,0.043661386427987704,0.048027497
222,0.07141359886463804,0.07061193653224045,0.8027841,0.000801662332397602,0.19721586,0.0,0.0,0.11730316319631658,0.11669570049717405,0.8017539,0.0006074626991425217,0.19824608,0.0,0.0,0.09570124311699571,0.09461915628296035,0.7538887,0.0010820868340353671,0.24611115,0.0,0.0
223,0.008047932351004752,0.00723567260387142,0.72356725,0.0008122597471333328,0.27643266,0.0,0.0,0.054263256575960865,0.05346176521182951,0.7612023,0.0008014913641313631,0.2387976,0.0,0.0,0.04707674843603332,0.04599414353947493,0.71404415,0.0010826048965583927,0.28595597,0.0,0.0
224,0.19324060701122062,0.1924408499778565,0.88190293,0.0007997570333641695,0.1180971,0.0,0.0,0.18080050587779123,0.1801953479263485,0.90081817,0.0006051579514427486,0.09918182,0.0,0.0,0.15507816631421908,0.11996993477413,0.7965786,0.0009823584175922514,0.165883,0.03412587312249685,0.037538435
225,0.03973023032973145,0.03895404249014292,0.92238116,0.000776187839588522,0.077618785,0.0,0.0,0.06986798819856394,0.06945719566694485,0.90195996,0.0004107925316190983,0.09804008,0.0,0.0,0.12772983632206472,0.08428946652924105,0.778451,0.0008769443807338568,0.17472923,0.04256342541208982,0.046819743
226,0.039858696190138196,0.03869233219105857,0.8833636,0.001166363999079631,0.1166364,0.0,0.0,0.06952986993280141,0.06835546496529558,0.824961,0.0011744049675058066,0.17503904,0.0,0.0,0.0793111820735226,0.06946611024968019,0.7759035,0.001371684772463928,0.21477593,0.008473387051378489,0.00932072
227,0.06829710096372123,0.06750592598662615,0.88365793,0.0007911749770950839,0.116342075,0.0,0.0,0.040120197807168544,0.03933103260879464,0.8265798,0.0007891651983739091,0.17342015,0.0,0.0,0.08435843336572715,0.08336957076121272,0.7573084,0.000988862604514426,0.24269164,0.0,0.0
228,0.16505666133280936,0.1638755751371366,0.8818913,0.001181086195672754,0.11810862,0.0,0.0,0.18283147122855806,0.1642065071352668,0.8050054,0.001565826661351468,0.17622966,0.01705913743193977,0.01876504,0.15574863998940022,0.11884217580848387,0.6983391,0.0019563573336123484,0.2632158,0.03495010684730404,0.038445096
229,0.03966868018979517,0.03887274427862077,0.88234466,0.0007959359111743929,0.11765534,0.0,0.0,0.039722847801798786,0.03855908735013689,0.80600566,0.0011637604516618973,0.19399437,0.0,0.0,0.07076307647252007,0.06095053462992712,0.7660685,0.0013622910309607785,0.2246362,0.008450250811632195,0.009295271
230,0.10145015629267706,0.10064786399368247,0.9197708,0.0008022922989945724,0.08022923,0.0,0.0,0.10270651785535755,0.10190347330711085,0.8813762,0.0008030445482466916,0.118623696,0.0,0.0,0.12942921920283873,0.09416066168732658,0.7760027,0.000992401191298291,0.18629356,0.03427615632421386,0.037703753
231,0.01,0.009208322611659063,0.9208322,0.0007916773883409372,0.07916774,0.0,0.0,0.039055655906025756,0.03825474367884032,0.882266,0.0008009122271854361,0.11773401,0.0,0.0,0.032511779373389664,0.03180779323606629,0.863032,0.000703986137323358,0.1369679,0.0,0.0
232,0.04039869139590109,0.03961690409478324,0.92182124,0.000781787301117851,0.07817873,0.0,0.0,0.08652005509303157,0.06913402695123444,0.88402474,0.0006064170411677524,0.09751766,0.016779611100629376,0.018457562,0.13913838614030632,0.06889562134268762,0.750504,0.0013550600333755488,0.17371956,0.06888770476424315,0.07577643
233,0.039636453548710406,0.03886104786519348,0.9224595,0.0007754056835169203,0.07754057,0.0,0.0,0.08646842048711535,0.06870468987522854,0.80973476,0.0009641738647259598,0.17178576,0.01679955674716084,0.018479502,0.08898392281676523,0.061728498804593884,0.75818634,0.0013551726382642606,0.21332319,0.025900251373907075,0.02849026
234,0.041238888221808205,0.04045414370582202,0.9215255,0.00078474451598619,0.078474455,0.0,0.0,0.10026595749736399,0.09947966217121083,0.8840534,0.0007862953261531377,0.11594657,0.0,0.0,0.13656391450145539,0.0925870125187482,0.7778186,0.001364687121126431,0.175308,0.04261221486158077,0.04687341
235,0.25913294910124735,0.25873253775761795,0.8797468,0.00040041134362933634,0.120253235,0.0,0.0,0.1839054045484582,0.18312127972345502,0.7831196,0.0007841248250031608,0.21688029,0.0,0.0,0.1794356794311084,0.1439925754720922,0.7434224,0.0008882840391652832,0.21856739,0.03455481991985094,0.03801028
236,0.040415797678063366,0.039623585609522095,0.8811981,0.0007922120685412732,0.11880194,0.0,0.0,0.04031524989178474,0.03933791114233448,0.7667714,0.0009773387494502613,0.2332287,0.0,0.0,0.07780758625508227,0.0768201003260545,0.7823219,0.000987485929027775,0.21767826,0.0,0.0
237,0.040924898626809036,0.04013261049443041,0.9207712,0.0007922881323786221,0.07922881,0.0,0.0,0.10238755269629579,0.0847149478938324,0.8459588,0.0007961867723075818,0.13547717,0.01687641803015581,0.01856405,0.14454924398416263,0.09982580542072371,0.7672921,0.0015580223557162692,0.18522592,0.04316541620772268,0.04748193
238,0.039452398218457765,0.0386640497247412,0.84472203,0.0007883484937165623,0.15527788,0.0,0.0,0.05447552858100251,0.053689697677274856,0.80482394,0.0007858309037276531,0.19517608,0.0,0.0,0.07853637071642931,0.06916836660099653,0.76521736,0.0008845304814708236,0.22545074,0.008483473633961968,0.009331816
239,0.10260464492147589,0.1017883491244103,0.76333535,0.000816295797065598,0.2366646,0.0,0.0,0.07219632513804837,0.07158350797711398,0.7815652,0.0006128171609343984,0.21843486,0.0,0.0,0.09449708255337665,0.09350572953519756,0.7428645,0.0009913530181790756,0.2571356,0.0,0.0
240,0.00841532106194479,0.007618429121233666,0.8002112,0.0007968919407111231,0.19978881,0.0,0.0,0.03906005303285273,0.0380659635934577,0.7616079,0.0009940894393950285,0.23839208,0.0,0.0,0.05380867792533034,0.053005564694395546,0.6746395,0.0008031132309348075,0.32536042,0.0,0.0
241,0.039411536850536104,0.03863790097537259,0.9226364,0.000773635875163517,0.07736359,0.0,0.0,0.05459419114989825,0.05381363801933824,0.8654391,0.0007805531305600149,0.13456082,0.0,0.0,0.11041963103861509,0.08371562967715232,0.797087,0.001355548397438765,0.17502965,0.025348452964024017,0.027883282
242,0.039176229726594326,0.038378440883980305,0.8035051,0.0007977888426140255,0.19649488,0.0,0.0,0.06949715401637635,0.06889358234810984,0.802471,0.0006035716682664929,0.19752896,0.0,0.0,0.062491923074365324,0.06169683086081739,0.74488133,0.0007950922135479265,0.2551187,0.0,0.0
243,0.009246347652977627,0.008497149247159212,0.84971493,0.0007491984058184143,0.15028508,0.0,0.0,0.0382737377750353,0.03750240986936151,0.7895598,0.0007713279056738049,0.21044014,0.0,0.0,0.0680389017633016,0.06715530492563186,0.74639946,0.0008835968376697293,0.2536006,0.0,0.0
244,0.008812549104960517,0.007655031871165231,0.76550317,0.0011575172337952868,0.23449683,0.0,0.0,0.06935205173144535,0.06856254125821498,0.7822271,0.0007895104732303775,0.21777284,0.0,0.0,0.0848612340396727,0.08416569028837205,0.73396724,0.0006955437513006503,0.26603276,0.0,0.0
245,0.13584537319465315,0.13543440732610446,0.9197382,0.00041096586854867857,0.08026178,0.0,0.0,0.16644783399281549,0.16564574614962052,0.88040286,0.0008020878431949556,0.119597115,0.0,0.0,0.13702879444700825,0.1268733075707351,0.7370151,0.001565559554036024,0.25353596,0.008589927322237128,0.009448915
246,0.00962000895193367,0.008830451210838098,0.9210442,0.0007895577410955702,0.07895578,0.0,0.0,0.038953219668394004,0.037979017194055276,0.86426926,0.0009742024743387295,0.1357307,0.0,0.0,0.04679743572041478,0.045805631756102826,0.842639,0.0009918039643119572,0.15736102,0.0,0.0
247,0.07002380357429423,0.069625824684898,0.9602021,0.00039797888939623326,0.039797887,0.0,0.0,0.13137008719753163,0.13078057943768664,0.9029438,0.0005895077598449803,0.09705633,0.0,0.0,0.08860677908752941,0.08764046509432943,0.83631754,0.0009663139931999719,0.16368237,0.0,0.0
248,0.04077968145800744,0.04000212173105164,0.9222441,0.0007775597269558051,0.07775597,0.0,0.0,0.07061028788303449,0.07020392951075789,0.90151906,0.00040635837227661286,0.09848094,0.0,0.0,0.1287538058855015,0.0852302495068919,0.78757274,0.0009726729059836781,0.16562147,0.04255088347262594,0.046805948
249,0.0422274001550225,0.04144121827226431,0.88246816,0.0007861818827582038,0.11753186,0.0,0.0,0.14803453447007775,0.147440258954133,0.90078,0.0005942755159447572,0.09921999,0.0,0.0,0.12254548414454762,0.09523922342385148,0.76662517,0.0009742889193635422,0.20440958,0.026331971801332593,0.028965153
250,0.1936640464771435,0.19326916836760824,0.7999945,0.0003948781095352986,0.20000541,0.0,0.0,0.14945836658756442,0.14906253997569335,0.76085114,0.000395826611871063,0.23914886,0.0,0.0,0.13821174530785052,0.10234793260992302,0.6444527,0.0006876702544589058,0.31685364,0.03517614244346857,0.038693734
251,0.039829422421999876,0.03905195941833924,0.8849197,0.0007774630036606367,0.11508026,0.0,0.0,0.06930278580611629,0.06889130642189849,0.90126467,0.000411479384217809,0.09873535,0.0,0.0,0.0892409224576927,0.05429333720731766,0.78731376,0.0010690586675762383,0.17542002,0.03387852658279881,0.03726636
252,0.041346354721754124,0.04055453145769064,0.9208177,0.0007918232640634834,0.07918233,0.0,0.0,0.1008033397258163,0.09982660655878468,0.86449385,0.0009767331670316275,0.13550621,0.0,0.0,0.12110607998575194,0.08579809481644204,0.7686807,0.0011737313016511523,0.1937716,0.034134253867658754,0.03754766
253,0.13022545292686213,0.12944777217114967,0.92223185,0.000777680755712472,0.07776808,0.0,0.0,0.11722937499017477,0.11682381974590328,0.8829401,0.00040555524427151067,0.11705994,0.0,0.0,0.11297562305610334,0.0946797037947221,0.76004285,0.001248636880221835,0.22120516,0.017047282381159393,0.018752
254,0.03992786013354589,0.03912072308053266,0.8799091,0.0008071370530132389,0.12009084,0.0,0.0,0.039243790823156564,0.03882500525316702,0.80232376,0.0004187855699895427,0.19767627,0.0,0.0,0.07008889747909355,0.06901244975024783,0.7727854,0.0010764477288457306,0.22721455,0.0,0.0
255,0.06951878452800665,0.06873242771895902,0.9213643,0.0007863568090476497,0.078635685,0.0,0.0,0.06945343729332262,0.06885734885361346,0.8268071,0.0005960884397091639,0.173193,0.0,0.0,0.07930572362416899,0.06994442263978502,0.7770158,0.0009757287634997991,0.21376017,0.008385572220884147,0.009224124
256,0.13160936891865227,0.13081691183282454,0.92075425,0.0007924570858277408,0.07924571,0.0,0.0,0.1180707434209239,0.11765769330699312,0.88236713,0.00041305011393078325,0.1176328,0.0,0.0,0.11349714633429972,0.09561833219089645,0.7784845,0.0008779940026145328,0.20281456,0.01700082014078873,0.018700892
257,0.04117120792045383,0.03999513676347479,0.8823929,0.0011760711569790405,0.11760712,0.0,0.0,0.10404779216801181,0.06892415780469548,0.788682,0.0013644981049662538,0.17418297,0.03375913625835009,0.037135027,0.11533950159934113,0.06931973873057136,0.7465919,0.001753052523300847,0.20471473,0.044266710345468925,0.048693355
258,0.19978178294662788,0.1989943484128457,0.9212566,0.0007874345337821678,0.07874345,0.0,0.0,0.286515421550902,0.19799050188334713,0.80469286,0.0005985789073608035,0.09858826,0.08792634076019404,0.096718915,0.2389736247557657,0.16628225410866773,0.7540919,0.0009869575588034446,0.16703334,0.07170441308829452,0.07887481
259,0.009620715502474746,0.008860749291283086,0.88607484,0.000759966211191659,0.11392513,0.0,0.0,0.03831695491796732,0.037731471575024926,0.84650135,0.0005854833429423895,0.15349865,0.0,0.0,0.05642036876711805,0.03833794619027882,0.7774914,0.0010644839595692975,0.20378879,0.017017938617269936,0.018719722
260,0.06941740497000766,0.06863498457526354,0.92175806,0.0007824203947441106,0.07824204,0.0,0.0,0.06924035348594623,0.06882762676001668,0.84582436,0.00041272672592954757,0.15417561,0.0,0.0,0.08748278049541733,0.0693913108737931,0.7679792,0.0012555267789556139,0.21350133,0.016835942842668594,0.018519526
261,0.07090794522065759,0.07011597838366475,0.8449885,0.0007919668369928427,0.15501146,0.0,0.0,0.0708756462104154,0.0702667843757603,0.8430045,0.0006088618346550727,0.15699552,0.0,0.0,0.10991615573296566,0.09989130817328923,0.7458631,0.0011789725892531432,0.24440648,0.008845874970423287,0.009730456
262,0.010000000481875609,0.009216247579806524,0.9216248,0.0007837529020690839,0.07837529,0.0,0.0,0.009231175960521722,0.00825133744448441,0.8442486,0.0009798385160373119,0.15575151,0.0,0.0,0.039012456403463486,0.037836751074021596,0.83304733,0.0011757053294418937,0.16695257,0.0,0.0
263,0.10225264786344017,0.10147971568543951,0.9227068,0.0007729321780006402,0.07729322,0.0,0.0,0.17032108906350876,0.11742839543362235,0.86318547,0.0004006798841525322,0.079073414,0.05249201374573385,0.05774118,0.18024549012012986,0.11728078694570174,0.8132875,0.0004936965510442056,0.117994405,0.062471006623383965,0.06871807
264,0.07229059548014635,0.07148986953955798,0.9199274,0.000800725940588386,0.08007259,0.0,0.0,0.10237487117754421,0.1013986584669575,0.8456975,0.0009762127105866934,0.15430255,0.0,0.0,0.1459962432994247,0.10163491247412243,0.7860379,0.001175294607480328,0.16645746,0.04318603621782195,0.047504615
265,0.06982557448807673,0.06900113695348334,0.7999614,0.000824437534593378,0.2000386,0.0,0.0,0.07101673401645765,0.07058947843053533,0.81974137,0.00042725558592231325,0.18025865,0.0,0.0,0.0639616702604181,0.06288568263354834,0.75329125,0.0010759876268697564,0.2467087,0.0,0.0
266,0.16618682987257438,0.16538453117141036,0.87875366,0.0008022987011640322,0.12124625,0.0,0.0,0.12107466593503267,0.11968945774380763,0.8021904,0.0013852081912250507,0.19780955,0.0,0.0,0.10720649316439892,0.08829829873720699,0.7343796,0.0016785991383596168,0.24666782,0.017229595288832316,0.018952543
267,0.04078883554898374,0.040001480515626346,0.92126447,0.0007873550333573994,0.0787355,0.0,0.0,0.10357271678818945,0.06886298970127697,0.86470395,0.0006100385594837569,0.097786404,0.03409968852742873,0.037509635,0.1229949136448439,0.06890824263534444,0.73100454,0.0015449261654600045,0.21119937,0.05254174484403947,0.057795886
268,0.10136702221989181,0.10057376971558019,0.9206748,0.0007932525043116343,0.07932525,0.0,0.0,0.11688471793315452,0.11628125222226846,0.8439377,0.0006034657108860702,0.15606222,0.0,0.0,0.11113647592969186,0.1104418940218294,0.8330093,0.0006945819078624962,0.16699058,0.0,0.0
269,0.040645978083949735,0.039851397240962746,0.920542,0.0007945808429869841,0.07945809,0.0,0.0,0.08473915833532267,0.08338033047780556,0.8266772,0.0013588278575171122,0.17332274,0.0,0.0,0.11147436308251342,0.08437279091394763,0.78568995,0.0014749417415055427,0.18612078,0.02562663042706029,0.028189277
270,0.009224209288894477,0.008440634092152541,0.84406334,0.0007835751967419362,0.15593658,0.0,0.0,0.05376826757681422,0.053166071660241274,0.82266545,0.0006021959165729426,0.1773346,0.0,0.0,0.05477094820147501,0.05369512694398623,0.7834491,0.0010758212574887743,0.21655089,0.0,0.0
271,0.039497433672803374,0.03868941958233669,0.9191986,0.0008080140904666867,0.08080141,0.0,0.0,0.08465943126160173,0.08366722784564543,0.8635943,0.0009922034159563138,0.13640575,0.0,0.0,0.085587382806702,0.08431026277267215,0.77670825,0.0012771200340298593,0.2232918,0.0,0.0
272,0.07002515605630821,0.06885717832927478,0.88320225,0.0011679777270334397,0.11679777,0.0,0.0,0.13651645482792887,0.08415669475690808,0.8065799,0.000991485921250506,0.13691506,0.05136827414977028,0.05650507,0.16380070376404243,0.09201190035058328,0.7464477,0.0014680197765002093,0.17619942,0.07032078363695894,0.077352814
273,0.06868491486715131,0.06789204826308544,0.882947,0.0007928666040658702,0.11705295,0.0,0.0,0.06974484282642816,0.06895496907739869,0.8434402,0.0007898737490294659,0.15655985,0.0,0.0,0.08617693722419799,0.08500137870692535,0.80393237,0.0011755585172726346,0.19606748,0.0,0.0
274,0.010000000121012166,0.009228710547613931,0.922871,0.0007712895733982347,0.077128954,0.0,0.0,0.06900640809787859,0.06841419374862635,0.8834598,0.0005922143492522249,0.11654023,0.0,0.0,0.08648814753211868,0.07660918122526904,0.80700034,0.0014371704119014732,0.18371369,0.008441795894948173,0.00928597
275,0.0390896691588933,0.03829789849079569,0.8830013,0.0007917706680976064,0.11699865,0.0,0.0,0.06946199189577626,0.0688615320846191,0.8628575,0.000600459811157137,0.13714251,0.0,0.0,0.09395836693994694,0.08435122923457004,0.785631,0.0011714433741214633,0.2050897,0.008435694331255435,0.009279259
276,0.03938942240337952,0.03860119128274496,0.84184873,0.0007882311206345624,0.15815127,0.0,0.0,0.05452829353122755,0.05392686017582849,0.8025214,0.0006014333553990518,0.19747862,0.0,0.0,0.0698182425330941,0.06912212333576549,0.7824612,0.0006961191973286214,0.21753873,0.0,0.0
277,0.04032919754155392,0.03916194315853073,0.8832746,0.001167254383023188,0.11672543,0.0,0.0,0.0700643803656193,0.06889507360263936,0.8258928,0.0011693067629799344,0.1741072,0.0,0.0,0.11265662167524998,0.07693200598476671,0.77603745,0.0011828552361395636,0.18596658,0.03454176045434372,0.037995916
278,0.10179085106404455,0.10061153158704329,0.8820681,0.0011793194770012582,0.11793194,0.0,0.0,0.16888490921477922,0.11614088669520153,0.8248865,0.001183974625061281,0.11839746,0.0515600478945164,0.056716017,0.21554835877955025,0.10103160746346179,0.6711579,0.0015735564958614856,0.20460454,0.112943194820227,0.12423745
279,0.13211473590040826,0.13133616681107071,0.8820424,0.0007785690893375703,0.11795749,0.0,0.0,0.1490792794001282,0.148673968155939,0.8806965,0.00040531124418917696,0.119303524,0.0,0.0,0.12069965412841248,0.11085852119150465,0.76700014,0.00125689795095279,0.22355716,0.008584234985955059,0.009442653
280,0.1344634431859225,0.13367367103915823,0.8820329,0.0007897721467642875,0.11796714,0.0,0.0,0.1504980180308683,0.14989822798617766,0.90024954,0.0005997900446906249,0.099750444,0.0,0.0,0.16208486687017384,0.12633950848244874,0.7949154,0.0008872549149452554,0.16674073,0.03485810347277986,0.03834389
281,0.10189550385466245,0.10109442022225812,0.9198916,0.0008010836324043509,0.08010837,0.0,0.0,0.13519870067951362,0.11688158353463521,0.8821257,0.0009881244769168612,0.09881245,0.017328992667961552,0.01906188,0.13126733493081363,0.08641218309453776,0.70145994,0.0017543651977652299,0.25112927,0.04310078663851068,0.047410835
282,0.04056632055723119,0.03978981393346907,0.92234933,0.00077650662376212,0.077650666,0.0,0.0,0.10210681031396647,0.0847430157932884,0.8839905,0.0004051929394222541,0.097355016,0.01695860158125583,0.01865445,0.15457967817111015,0.09324000553957477,0.7971442,0.00078150930151427,0.13624173,0.0605581633300211,0.06661394
283,0.04014461784411175,0.03935590516155003,0.8023465,0.0007887126825617265,0.19765355,0.0,0.0,0.06980326523708186,0.06920306990615954,0.7823926,0.0006001953309223161,0.21760727,0.0,0.0,0.06268144941654614,0.06208363419414634,0.7815491,0.0005978152223997814,0.2184508,0.0,0.0
284,0.04074922828329063,0.03995040589405291,0.9201177,0.0007988223892377234,0.07988224,0.0,0.0,0.055336015724832745,0.05435798086306018,0.8458057,0.0009780348617725674,0.15419427,0.0,0.0,0.0873410122758802,0.0692612015899297,0.7873577,0.0012679799386419565,0.19414917,0.01681183074730853,0.018493002
285,0.07256419894547493,0.07174136620095639,0.84033173,0.000822832744518522,0.15966834,0.0,0.0,0.08705445052042077,0.08623604754002157,0.82115835,0.0008184029803991812,0.17884171,0.0,0.0,0.10290459560206222,0.09307445091234563,0.72535443,0.0013740784790018268,0.26534387,0.008456066210714748,0.009301667
286,0.06902814476576737,0.06823507933355295,0.79996306,0.0007930654322144188,0.20003691,0.0,0.0,0.06982422419472246,0.06941203445404887,0.76227224,0.00041218974067358494,0.2377278,0.0,0.0,0.08521542457016705,0.08461718151783068,0.7424304,0.000598243052336375,0.2575696,0.0,0.0
287,0.04033066014097355,0.03957615408861816,0.88657653,0.0007545060523553951,0.11342345,0.0,0.0,0.054564888974559994,0.053794802016732333,0.84585786,0.0007700869578276566,0.15414213,0.0,0.0,0.10530422287047428,0.061586395167158255,0.7582701,0.001166601151761334,0.19492362,0.042551226551554695,0.04680632
288,0.07161096909460685,0.07084147472074451,0.9230506,0.0007694943738623386,0.07694944,0.0,0.0,0.10365474616914724,0.08578109697017502,0.84554905,0.0005961191540575362,0.13544567,0.017277530044914682,0.019005273,0.15649752820164692,0.08519541228013569,0.70042974,0.001356397430592437,0.22262989,0.0699457184909188,0.076940246
289,0.04119006505824513,0.04038563119343923,0.91955656,0.0008044338648059023,0.08044339,0.0,0.0,0.10109697968394603,0.10010281711419663,0.8819072,0.000994162569749383,0.118092805,0.0,0.0,0.12951284994008216,0.09328135883934299,0.7574973,0.0016615536037671464,0.20447582,0.034569937496972056,0.03802691
290,0.008854377678640751,0.00807884085455572,0.8078842,0.0007755368240850299,0.19211581,0.0,0.0,0.038761134762035354,0.038161059496891546,0.8236436,0.0006000752651438106,0.17635635,0.0,0.0,0.06117339824776486,0.060381155226708214,0.73741704,0.0007922430210566409,0.262583,0.0,0.0
291,0.10249997685217042,0.10171414532753104,0.8829817,0.000785831524639366,0.11701835,0.0,0.0,0.11853495891579544,0.11793337362964924,0.88143706,0.0006015852861462116,0.118562944,0.0,0.0,0.15556269610189427,0.10207345286473717,0.7381292,0.0009794623913743097,0.20411001,0.05250978084578282,0.05776073
292,0.07238686949243918,0.07118860738942344,0.8801738,0.0011982621030157412,0.119826205,0.0,0.0,0.101779209159822,0.10001751757710653,0.80523854,0.0017616915827154565,0.19476154,0.0,0.0,0.12088182324628335,0.08504385666689195,0.7368676,0.0017807382491843609,0.22566949,0.034057228330207044,0.03746293
293,0.2603172436564852,0.259895424592604,0.9181835,0.0004218190638811476,0.08181648,0.0,0.0,0.21466989209739573,0.21387238718838714,0.8802411,0.000797504909008585,0.11975881,0.0,0.0,0.21811701143002107,0.19050064209073006,0.7937762,0.0011797801541169957,0.17714366,0.02643658918517402,0.029080233
294,0.16832391726330118,0.16754749092076932,0.84390855,0.0007764263425318699,0.15609148,0.0,0.0,0.16749426701023465,0.16709090560227097,0.86178,0.0004033614079636602,0.13821995,0.0,0.0,0.14613441448561365,0.12824996840995223,0.74776024,0.0008699334519930435,0.23352373,0.017014512623668366,0.018715953
295,0.1021368345159203,0.10133284420429287,0.840583,0.0008039903116274446,0.15941693,0.0,0.0,0.10280040025119344,0.10180964996805163,0.7822745,0.0009907502831418033,0.21772544,0.0,0.0,0.1044027528798396,0.0945333343342261,0.7252639,0.001372028091491581,0.26538894,0.008497390454121914,0.009347124
296,0.16482169653965265,0.16443214632617584,0.8410313,0.00038955021347679327,0.15896863,0.0,0.0,0.18131609708854343,0.18092414220550845,0.8410163,0.00039195488303496294,0.15898366,0.0,0.0,0.16041404243804958,0.14257668094848483,0.7538557,0.00039546840535999584,0.22695817,0.017441893084204775,0.01918607
297,0.13384972312964602,0.1330674869609616,0.8435795,0.000782236168684402,0.15642048,0.0,0.0,0.10358648524723815,0.10318425266285634,0.8804939,0.00040223258438180627,0.119506,0.0,0.0,0.12219217191666837,0.09493522557692663,0.7653656,0.0008744446872906653,0.20561363,0.026382501652451065,0.029020734
298,0.19541015016763777,0.1950244841614942,0.88458115,0.0003856660061435532,0.115418874,0.0,0.0,0.25329880016866113,0.16544927673234966,0.82499135,0.00038869325423011,0.07880182,0.08746083018208138,0.09620686,0.24901976336182446,0.14167185494745466,0.72619796,0.0004894536993869919,0.15625776,0.10685845471498284,0.117544234
299,0.040467324245578605,0.03968261058958595,0.92152864,0.0007847136559926588,0.07847136,0.0,0.0,0.07040469487709926,0.0696156063199544,0.88366425,0.00078908855714486,0.11633576,0.0,0.0,0.11365872527326296,0.06966007586177213,0.797397,0.0011698251875618339,0.15549137,0.042828824223929,0.047111675
300,0.04086976315084329,0.04007528949471456,0.9205527,0.0007944736561287306,0.07944737,0.0,0.0,0.10064826334717125,0.09928371395617161,0.82593524,0.0013645493909996585,0.17406482,0.0,0.0,0.12063221584888456,0.09300633744765045,0.75675344,0.0016653507613049573,0.21468997,0.025960527639929135,0.028556563
301,0.10484163628068031,0.10403274866695604,0.88006973,0.000808887613724251,0.11993021,0.0,0.0,0.15057226032662172,0.14976283037249696,0.87999415,0.0008094299541247438,0.12000582,0.0,0.0,0.13929163510603285,0.11188361089945362,0.78473794,0.0011857153290993562,0.18641758,0.026222308877479887,0.028844522
302,0.13598538359345821,0.13479382434095158,0.80219585,0.0011915592525066443,0.19780418,0.0,0.0,0.135592803891381,0.13497683575069763,0.8014993,0.0006159681406833756,0.19850066,0.0,0.0,0.12859259944551912,0.11839351145291245,0.7052378,0.001275169884078456,0.28494588,0.008923918108528207,0.009816304
303,0.04020330587385384,0.03937646576368507,0.8394334,0.0008268401101687646,0.16056666,0.0,0.0,0.05521836678124554,0.05460301677275245,0.80060273,0.0006153500084930955,0.1993973,0.0,0.0,0.05490582737899428,0.05381785195755275,0.7246625,0.0010879754214415268,0.27533755,0.0,0.0
304,0.07040656846891774,0.0696203125887049,0.9213744,0.0007862558802128374,0.07862559,0.0,0.0,0.1466033901990857,0.14619238493783213,0.92040086,0.0004110052612535677,0.079599075,0.0,0.0,0.10358729215332224,0.10270549686318442,0.8352624,0.0008817952901378332,0.16473761,0.0,0.0
305,0.13626081671141144,0.13584243609878263,0.958162,0.0004183806126288037,0.04183806,0.0,0.0,0.15112110021076566,0.15051336156595,0.9002523,0.0006077386448156831,0.09974775,0.0,0.0,0.10519565482889283,0.10382793678400506,0.73761195,0.0013677180448877439,0.26238817,0.0,0.0
306,0.04128147080946331,0.04049285698844802,0.9211387,0.0007886138210152964,0.078861386,0.0,0.0,0.07097019453798349,0.06943005914727399,0.82727015,0.0015401353907094936,0.1727298,0.0,0.0,0.13695372913483675,0.09200028740827937,0.7388936,0.0018479144243622589,0.21369033,0.04310552730219509,0.047416054
307,0.04006707676755968,0.03928774332236686,0.9220666,0.00077933344519282,0.07793334,0.0,0.0,0.08467743965885864,0.08426925579717444,0.9022007,0.000408183861684202,0.09779937,0.0,0.0,0.11184947099686625,0.08517782600533867,0.8158315,0.0011647742834892177,0.15611099,0.025506870708038386,0.028057542
308,0.13358964923305897,0.13278891510326485,0.9199265,0.000800734129794097,0.080073416,0.0,0.0,0.15027934958387798,0.1490972602645235,0.86283034,0.001182089319354468,0.13716963,0.0,0.0,0.1395655606390319,0.1039337068016591,0.74826753,0.001569974981882655,0.21426438,0.03406187885549013,0.037468042
309,0.039958383260241606,0.03918857104802569,0.92301875,0.0007698122122159074,0.076981224,0.0,0.0,0.06942028404525039,0.06882558473750054,0.8832122,0.0005946993077498443,0.11678777,0.0,0.0,0.09639220259449244,0.06917562005326472,0.7781134,0.0013492678864901718,0.19343261,0.025867314654737544,0.028454032
310,0.0398523160741215,0.03906337760158594,0.9211062,0.0007889384725355569,0.07889385,0.0,0.0,0.06995934545339616,0.06898343282708248,0.84656453,0.0009759126263136893,0.15343544,0.0,0.0,0.12034044728404379,0.0845017297065051,0.7772774,0.0014591930451597311,0.18490514,0.03437952453237897,0.037817456
311,0.04038018089185574,0.03960398843936436,0.8846182,0.0007761924524913805,0.11538182,0.0,0.0,0.06917219332097847,0.06876413140198324,0.88272065,0.00040806191899523547,0.11727927,0.0,0.0,0.0734865073146919,0.046789726077273816,0.778066,0.0011578545745345138,0.19384117,0.02553892666288357,0.028092802
312,0.2731436944196666,0.13154150758087835,0.7670156,0.0003882531732727502,0.07764924,0.1412139336655155,0.15533525,0.25689325064966007,0.14862369657680985,0.80306995,0.0003897677374355968,0.07826245,0.10787978633541466,0.11866769,0.2776059502156655,0.12538652393825264,0.70570594,0.0004915028078294886,0.12739338,0.1517279234695833,0.16690063
313,0.10471191562092187,0.10430611974793927,0.91980565,0.0004057958729825932,0.0801944,0.0,0.0,0.10429078530809843,0.10368684692771166,0.8226299,0.0006039383803867969,0.17737009,0.0,0.0,0.11852214689622609,0.11782630022756559,0.7640979,0.0006958466686604977,0.23590204,0.0,0.0
314,0.06932328842955282,0.06853753659102141,0.9214248,0.0007857518385314084,0.07857519,0.0,0.0,0.11461901056097655,0.11420680362017083,0.88203275,0.000412206940805731,0.117967255,0.0,0.0,0.09559868639576007,0.08626751869757536,0.8065499,0.0009691485146254774,0.18425195,0.008362019183559227,0.009198216
315,0.04090444648285068,0.040131571343289846,0.92271245,0.0007728751395608342,0.07728752,0.0,0.0,0.08743565093165777,0.0698436297757126,0.8471092,0.0007754707779880474,0.13439265,0.01681655037795713,0.018498195,0.1304906858799903,0.0774515611959522,0.7963666,0.0009754776683980102,0.14636353,0.05206364701564011,0.057269976
316,0.13263838240667555,0.13185765693612853,0.92192745,0.0007807254705470332,0.07807255,0.0,0.0,0.1648482625186717,0.14716312289094624,0.8638243,0.0005933172945666236,0.11737464,0.01709182233315885,0.018800994,0.12164306586746651,0.10357934861901738,0.81497157,0.0005942199822341802,0.16581199,0.017469497266214953,0.019216435
317,0.07250516427328337,0.07130835266449777,0.8803188,0.0011968116087856,0.11968116,0.0,0.0,0.11833832078547793,0.11695289023098428,0.8041389,0.0013854305544936604,0.1958612,0.0,0.0,0.10424250752338884,0.10190778603366192,0.70822865,0.002334721489726926,0.29177138,0.0,0.0
318,0.01000000083287865,0.009212673278321145,0.92126733,0.0007873275545575077,0.07873276,0.0,0.0,0.03917830859171743,0.038384901700314944,0.86422956,0.0007934068914024918,0.13577044,0.0,0.0,0.03983917655949956,0.038951066719844184,0.8347545,0.0008881098396553779,0.16524555,0.0,0.0
