model,corpus_unit,role_scope,k,term,coef_log_odds_per_sd,std_error,odds_ratio_per_sd,ci_lower,ci_upper,or_ci_lower,or_ci_upper,p_value,n_observations,n_scenarios,converged,q_value
DeepSeek,publication,all_reviewed_roles,25,z_safety_barrier_k25,-0.3640256724076174,0.10207242255797742,0.6948733554418993,-0.564083944436007,-0.16396740037922788,0.5688810347770883,0.8487696909992524,0.0003619920657549319,1276,319,True,0.0010859761972647956
DeepSeek,publication,all_reviewed_roles,25,z_propagation_node_k25,-0.11849741777809741,0.07546173047806523,0.8882541093230593,-0.2663996917261738,0.029404856169978955,0.7661328493356429,1.0298414477508486,0.11634575818467333,1276,319,True,0.4251187664925993
DeepSeek,publication,all_reviewed_roles,25,z_other_k25,0.1408407330199164,0.04442162116931432,1.1512412786609927,0.05377595539317828,0.2279055106466545,1.0552481530109508,1.255966644349335,0.0015215345084162622,1276,319,True,
DeepSeek,publication,all_reviewed_roles,50,z_safety_barrier_k50,-0.31716076973286633,0.08395319806502119,0.7282136709968061,-0.4817060143272656,-0.15261552513846705,0.6177286384422411,0.8584597145502558,0.00015820186748526958,1276,319,True,0.0009492112049116176
DeepSeek,publication,all_reviewed_roles,50,z_propagation_node_k50,0.10395522747214105,0.07504682915505899,1.1095507764104269,-0.04313385482570507,0.25104430976998715,0.9577831775859934,1.2853670373871733,0.1659898554370841,1276,319,True,0.4251187664925993
DeepSeek,publication,all_reviewed_roles,50,z_other_k50,0.10392529278266446,0.07256051886690386,1.109517562849598,-0.03829071089600619,0.24614129646133512,0.9624331104264097,1.2790802902929008,0.152070356418989,1276,319,True,
DeepSeek,publication,all_reviewed_roles,100,z_safety_barrier_k100,-0.29034790063703764,0.08755574998482002,0.7480032914844672,-0.4619540172466783,-0.11874178402739702,0.6300513107698311,0.8880370765167654,0.0009126719976977461,1276,319,True,0.0018253439953954923
DeepSeek,publication,all_reviewed_roles,100,z_propagation_node_k100,0.026815706994693544,0.08739413049032432,1.027178483509206,-0.14447364122653594,0.19810505521592303,0.8654777250337414,1.2190904589059626,0.7589678429986667,1276,319,True,0.7589678429986667
DeepSeek,publication,all_reviewed_roles,100,z_other_k100,0.07013456887504774,0.0767054544732,1.0726525171849914,-0.08020535931020104,0.2204744970602965,0.9229267953142114,1.2466681306306433,0.3605402480987989,1276,319,True,
KimiMV,publication,all_reviewed_roles,25,z_safety_barrier_k25,-0.15500050155822107,0.1231645846110183,0.8564147479416483,-0.3963986515666531,0.08639764845021097,0.672738454234723,1.0902397742764571,0.20821723236393197,1232,308,True,0.24986067883671836
KimiMV,publication,all_reviewed_roles,25,z_propagation_node_k25,-0.07167327959155202,0.09280325504549224,0.9308349689162982,-0.25356431712880184,0.11021775794569781,0.7760298313093894,1.1165211753463717,0.4399283066085108,1232,308,True,0.6598924599127662
KimiMV,publication,all_reviewed_roles,25,z_other_k25,-0.10157291970655777,0.09835078700643939,0.903415300161717,-0.29433692009034884,0.09119108067723333,0.7450254351157919,1.0954783099981518,0.30171546121634674,1232,308,True,
KimiMV,publication,all_reviewed_roles,50,z_safety_barrier_k50,-0.1106904497455582,0.10489465138322976,0.8952158203280204,-0.3162801886275731,0.0948992891364567,0.7288552046158387,1.0995481131097558,0.29130939414432333,1232,308,True,0.29130939414432333
KimiMV,publication,all_reviewed_roles,50,z_propagation_node_k50,0.05843268730861528,0.09910471027367299,1.0601736201530134,-0.13580897552606044,0.252674350143291,0.873009382719603,1.287463946111272,0.5554551292902041,1232,308,True,0.6665461551482449
KimiMV,publication,all_reviewed_roles,50,z_other_k50,-0.13927492441337802,0.10227939436650482,0.8699888144124199,-0.3397388537322964,0.06118900490554033,0.7119562231984073,1.0630998262821578,0.1732892688138027,1232,308,True,
KimiMV,publication,all_reviewed_roles,100,z_safety_barrier_k100,-0.17364741313606746,0.10782940793621112,0.8405932275442917,-0.3849891691653188,0.037694342893183824,0.680458006092848,1.038413785812544,0.10731271622551186,1232,308,True,0.1609690743382678
KimiMV,publication,all_reviewed_roles,100,z_propagation_node_k100,0.11821297236548498,0.09483145892429377,1.125483782788277,-0.06765327172752031,0.30407921645849023,0.9345844642623824,1.355376419957033,0.21255938324629964,1232,308,True,0.4251187664925993
KimiMV,publication,all_reviewed_roles,100,z_other_k100,0.08602426355032872,0.09459196704305663,1.089832771196622,-0.09937258508086202,0.27142111218151943,0.9054053046630717,1.311827380574162,0.3631260316135356,1232,308,True,
DeepSeek,family,all_reviewed_roles,25,z_safety_barrier_k25,-0.28628990229216544,0.08982738163314573,0.7510448547587637,-0.4623483351186658,-0.11023146946566509,0.6298029192535509,0.8956268010446066,0.001437012482383276,1276,319,True,0.004311037447149829
DeepSeek,family,all_reviewed_roles,25,z_propagation_node_k25,0.028888405184854117,0.07624266220919937,1.0293097224374848,-0.12054446683062969,0.1783212772003379,0.8864376693952803,1.1952092530398652,0.7047615351760614,1276,319,True,0.7303027071025694
DeepSeek,family,all_reviewed_roles,25,z_other_k25,0.15238347864976498,0.055861138087665345,1.1646067526369333,0.04289765986252224,0.2618692974370077,1.0438310635695927,1.2993567020791361,0.0063739342261767895,1276,319,True,
DeepSeek,family,all_reviewed_roles,50,z_safety_barrier_k50,-0.2153123616529881,0.08445215234409265,0.8062895469028176,-0.3808355386642996,-0.04978918464167659,0.6832902552077916,0.9514299794119728,0.010787165253742036,1276,319,True,0.02157433050748407
DeepSeek,family,all_reviewed_roles,50,z_propagation_node_k50,-0.029504179268891498,0.08558810574302313,0.9709268198684609,-0.1972537840302226,0.13824542549243957,0.8209822546868569,1.1482573273151335,0.7303027071025694,1276,319,True,0.7303027071025694
DeepSeek,family,all_reviewed_roles,50,z_other_k50,0.03633903598559747,0.08332844224413172,1.037007369713708,-0.1269817097007267,0.1996597816719216,0.8807497816269279,1.2209872852356376,0.6627685102579259,1276,319,True,
DeepSeek,family,all_reviewed_roles,100,z_safety_barrier_k100,-0.358663336100983,0.0851039581901271,0.6986095083658906,-0.5254640290954347,-0.1918626431065313,0.5912809291440768,0.8254202378651511,2.5042724885148148e-05,1276,319,True,0.0001502563493108889
DeepSeek,family,all_reviewed_roles,100,z_propagation_node_k100,0.05121387289864755,0.08146973580582002,1.0525479806998947,-0.10846387511075296,0.21089162090804808,0.8972113058906007,1.234778523634108,0.5295949090723111,1276,319,True,0.7303027071025694
DeepSeek,family,all_reviewed_roles,100,z_other_k100,0.2431431590820048,0.08069293567349842,1.2752511748387665,0.08498791135514056,0.401298406808869,1.0887039056639767,1.4937629510347263,0.002585168797472458,1276,319,True,
KimiMV,family,all_reviewed_roles,25,z_safety_barrier_k25,-0.06855811950347564,0.11474157882561596,0.9337391900683618,-0.2934474815309466,0.15633124252399533,0.7456883842480749,1.1692134321613192,0.5501734548507484,1232,308,True,0.5501734548507484
KimiMV,family,all_reviewed_roles,25,z_propagation_node_k25,0.0509362689241747,0.10114209714527879,1.0522558297501377,-0.14729859880142315,0.24917113664977253,0.8630362373517393,1.2829615760292608,0.6145347872835643,1232,308,True,0.7303027071025694
KimiMV,family,all_reviewed_roles,25,z_other_k25,-0.13160281881315236,0.0879817651074879,0.876689130367699,-0.30404390972009143,0.04083827209378671,0.7378284678977898,1.0416836226104291,0.13470668630701016,1232,308,True,
KimiMV,family,all_reviewed_roles,50,z_safety_barrier_k50,-0.07949496988107177,0.10339622685226,0.9235826656875706,-0.28214785064883463,0.12315791088669109,0.7541621729231669,1.1310630140096696,0.44198936305015846,1232,308,True,0.5303872356601901
KimiMV,family,all_reviewed_roles,50,z_propagation_node_k50,0.04677085815677068,0.0963735183387324,1.0478818679848032,-0.14211776685055524,0.2356594831640966,0.8675190854793599,1.2657432298962898,0.6274577437589515,1232,308,True,0.7303027071025694
KimiMV,family,all_reviewed_roles,50,z_other_k50,0.0198285248749248,0.09617378010657157,1.020026415872372,-0.1686686203910302,0.20832567014087983,0.844788802790126,1.2316142042142113,0.8366550620328237,1232,308,True,
KimiMV,family,all_reviewed_roles,100,z_safety_barrier_k100,-0.19981526242928987,0.1160050955813602,0.8188820173800408,-0.4271810717918824,0.027550546933302666,0.6523454201788742,1.0279335726838315,0.0849844666580044,1232,308,True,0.12747669998700661
KimiMV,family,all_reviewed_roles,100,z_propagation_node_k100,0.16319436677250562,0.09191242352795548,1.1772654887457092,-0.01695067307407902,0.34333940661909024,0.9831921812866968,1.4096471243067508,0.07580843980445422,1232,308,True,0.45485063882672533
KimiMV,family,all_reviewed_roles,100,z_other_k100,0.19037326641009122,0.09848005874503675,1.2097010541650066,-0.002644101925569603,0.3833906347457521,0.9973593906330217,1.4672510773865841,0.05322204809171486,1232,308,True,
DeepSeek,publication,direct_partial_only,50,z_safety_barrier_k50,-0.2976554924638588,0.08908205633826186,0.7425571122086456,-0.4722531145556201,-0.12305787037209753,0.6235956518038291,0.8842124913742982,0.0008336812976800854,1276,319,True,
DeepSeek,publication,direct_partial_only,50,z_propagation_node_k50,0.08901690288167448,0.07467448855143212,1.0930991326954762,-0.057342405243081054,0.23537621100643003,0.9442706907710118,1.2653847308593005,0.23323545124277512,1276,319,True,
DeepSeek,publication,direct_partial_only,50,z_other_k50,0.0365384501059058,0.09766859203280526,1.0372141842462765,-0.15488847269912814,0.22796537291093977,0.856510696483173,1.2560418316069497,0.7083251211904358,1276,319,True,
KimiMV,publication,direct_partial_only,50,z_safety_barrier_k50,-0.12346111911986321,0.10549367132703168,0.8838560056754293,-0.33022491551775107,0.08330267727802465,0.7187620545109284,1.0868707298412992,0.2418731097613973,1232,308,True,
KimiMV,publication,direct_partial_only,50,z_propagation_node_k50,0.06955008457219895,0.09842267944880036,1.0720257518113898,-0.1233548224093803,0.2624549915537782,0.8839499616548905,1.3001179505627478,0.4797859151255238,1232,308,True,
KimiMV,publication,direct_partial_only,50,z_other_k50,-0.057397024985415476,0.09789609761118073,0.9442191163576913,-0.24926985053034734,0.13447580055951636,0.7793696316971187,1.1439369760326719,0.5576702045906687,1232,308,True,
DeepSeek,family,direct_partial_only,50,z_safety_barrier_k50,-0.2153123616529634,0.08445215234431347,0.8062895469028375,-0.3808355386647077,-0.04978918464121912,0.6832902552075127,0.9514299794124081,0.010787165253957303,1276,319,True,
DeepSeek,family,direct_partial_only,50,z_propagation_node_k50,-0.029504179268776656,0.08558810574420833,0.9709268198685723,-0.1972537840324307,0.1382454254948774,0.8209822546850442,1.1482573273179326,0.7303027071071673,1276,319,True,
DeepSeek,family,direct_partial_only,50,z_other_k50,0.03633903598560487,0.08332844224417686,1.0370073697137159,-0.12698170970080777,0.1996597816720175,0.8807497816268565,1.2209872852357548,0.662768510258033,1276,319,True,
KimiMV,family,direct_partial_only,50,z_safety_barrier_k50,-0.07949496988106414,0.1033962268524253,0.9235826656875776,-0.28214785064915093,0.12315791088702269,0.7541621729229283,1.1310630140100446,0.44198936305093206,1232,308,True,
KimiMV,family,direct_partial_only,50,z_propagation_node_k50,0.04677085815692909,0.09637351833971988,1.0478818679849693,-0.14211776685233224,0.23565948316619045,0.8675190854778182,1.2657432298989402,0.6274577437613127,1232,308,True,
KimiMV,family,direct_partial_only,50,z_other_k50,0.019828524874922315,0.09617378010665564,1.0200264158723695,-0.16866862039119745,0.20832567014104209,0.8447888027899848,1.2316142042144111,0.8366550620329847,1232,308,True,
