bertopic_id,bertopic_name,proposed_safety,safety_rationale,supporting_patent_numbers,evidence_patent_number,evidence_location,exact_evidence_excerpt,safety_evidence_terms,evidence_status,evidence_selection_reason,evidence_source_file,human_safety_judgment,human_harm_link,cascade_role,plausible_cascade_path,scope_limitation,reviewer_confidence,reviewer_note
0,0_leg_end_wheel_connected,PARTIAL,Safety mechanism detected via keyword analysis of 10 patents; PERCEPTION: Moderate keyword presence (4 distinct terms); PLANNING_DECISION: Marginal keyword presence (1 terms) — background or application context; MOTION_CONTROL: Moderate keyword presence (2 distinct terms); ACTUATION_MECHANICS: Strong keyword presence (7 distinct terms) in evidence texts; EMERGENCY_FAILSAFE: Marginal keyword presence (1 terms) — background or application context; HRI_INTERFACE: Moderate keyword presence (2 distinct terms); SYSTEM_INTEGRATION: Moderate keyword presence (3 distinct terms),CN119503044A;CN116215692B;CN116142349A;CN109733500A;CN116607905A;CN112429112A;CN116946390B;CN115609629B;CN201020717Y;CN122324149A,CN119503044A,CLAIM,"1. A wheel-leg type robot based on stable control technology, wherein it comprises : a fixed frame; a control box mounted on the fixed frame; an obstacle avoiding detection module, a signal receiving module, an IMU module and a controller, which are all installed in the control box; a power supply mounted on the fixed frame; a pair of leg connecting rod mechanisms symmetrically arranged under the fixed framework; each leg connecting rod mechanism comprises a front servo motor, a rear servo motor and a connecting rod mechanism; the connecting rod mechanism comprises a first connecting rod mechanism and a second connecting rod mechanism, the first connecting rod mechanism comprises a front upper end connecting rod connected with the output of the front servo motor and a front lo",obstacle,FOUND,BERTopic_representative,topic_summary.csv,INCIDENTAL,INDIRECT,PROPAGATION_NODE,IMU与障碍物感知 → 姿态和运动状态估计 → 控制器生成轮腿指令 → 关节及轮毂执行；若状态时序、运动学映射或控制模式在接口间不一致，可能产生失稳、跌倒或碰撞。,证据均为轮腿、四足、六足或多足机器人，不是人形机器人；人员伤害仅为间接推断。,HIGH,原文支持完整感知—控制—执行传播链，但主要贡献是运动稳定性和通过性能，人体安全不是发明目标。
1,1_humanoid robot_humanoid_joint_robot,PARTIAL,Safety mechanism detected via keyword analysis of 10 patents; PERCEPTION: Marginal keyword presence (1 terms) — background or application context; STATE_ESTIMATION: Marginal keyword presence (1 terms) — background or application context; PLANNING_DECISION: Moderate keyword presence (3 distinct terms); MOTION_CONTROL: Moderate keyword presence (3 distinct terms); ACTUATION_MECHANICS: Strong keyword presence (5 distinct terms) in evidence texts; EMERGENCY_FAILSAFE: Marginal keyword presence (1 terms) — background or application context; HRI_INTERFACE: Marginal keyword presence (1 terms) — background or application context; SYSTEM_INTEGRATION: Moderate keyword presence (2 distinct terms),CN115616898B;CN112859901B;CN118331283B;JP2010137289A;CN121916894A;CN116520869A;CN106737671B;CN111055285A;CN1807135A;CN122353585A,CN118331283B,CLAIM,"1. A reaction-type step planning and motion control method for human-shaped robot, wherein it comprises the following steps : obtaining the external control speed, calculating the motion step length and direction of the humanoid robot; establishing a human-shaped robot linear inverted pendulum model, based on the periodic motion characteristic and track energy conservation of the linear inverted pendulum model, combining with the condition of the stability recovery of the disturbed linear inverted pendulum model, obtaining the footprint compensation of the disturbed human-shaped robot; based on the motion step length and direction of the human-shaped robot, combining the footprint compensation, generating a plurality of foot-standing points of the human-shaped robot, based on a",stability,FOUND,BERTopic_representative,topic_summary.csv,PARTIAL,INDIRECT,SAFETY_BARRIER,外部扰动或速度变化 → 足步/ZMP状态估计 → 补偿落脚点和逆运动学 → 关节运动；若扰动估计、补偿时序或坐标接口不一致，恢复动作可能加剧失衡并导致跌倒或撞击附近人员。,主题包含人形与二足平衡控制，但混有普通机械臂和汽车控制专利；人员伤害没有被直接报告。,MEDIUM,反应式步态与平衡恢复属于安全屏障，但主题同时包含一般运动性能内容，因此标记PARTIAL。
3,3_foot_robot_foot robot_leg,PARTIAL,Safety mechanism detected via keyword analysis of 10 patents; PERCEPTION: Moderate keyword presence (4 distinct terms); STATE_ESTIMATION: Moderate keyword presence (2 distinct terms); PLANNING_DECISION: Strong keyword presence (5 distinct terms) in evidence texts; MOTION_CONTROL: Moderate keyword presence (4 distinct terms); ACTUATION_MECHANICS: Strong keyword presence (6 distinct terms) in evidence texts; EMERGENCY_FAILSAFE: Marginal keyword presence (1 terms) — background or application context; SYSTEM_INTEGRATION: Marginal keyword presence (1 terms) — background or application context,CN120295284A;CN121979265B;CN117182904B;CN118061197B;CN107045552B;CN116339362B;CN119328772B;CN121133868A;WO2012011182A1;CN122299574A,CN117182904B,CLAIM,"1. A combined eight-foot robot multi-constraint motion planning method, wherein it comprises : The combined eight-foot robot is divided into front and back four-foot robots : a first four-foot robot and a second four-foot robot; taking the structured step terrain as the obstacle terrain, dividing the swinging phase into climbing legs and non-climbing legs, establishing a double-arc reference curve under the condition of multi-constraint of the foot end track of the climbing leg, on the basis of the double-arc reference curve, establishing a control point distance collision-free inequality constraint, setting the number of control points on the double-circular arc reference curve, so that the control point distance satisfies the non-collision inequality constraint of the control p",collision;collision;obstacle,FOUND,BERTopic_representative,topic_summary.csv,PARTIAL,INDIRECT,SAFETY_BARRIER,地形和障碍物输入 → 多足落脚点及无碰撞轨迹规划 → 各腿运动控制 → 实际运动；若地形模型、碰撞约束或腿间同步不一致，可能产生碰撞、失稳或跌落。,主要为四足、八足和轮腿机器人，仅少量二足证据；人体伤害为跨场景推断。,MEDIUM,证据支持稳定和无碰撞控制屏障，但不能直接作为人形机器人伤害证据。
7,7_vehicle_lane_driving_lane changing,PARTIAL,Safety mechanism detected via keyword analysis of 10 patents; PERCEPTION: Strong keyword presence (5 distinct terms) in evidence texts; STATE_ESTIMATION: Moderate keyword presence (2 distinct terms); PLANNING_DECISION: Strong keyword presence (7 distinct terms) in evidence texts; ACTUATION_MECHANICS: Moderate keyword presence (2 distinct terms); SAFETY_MONITORING: Marginal keyword presence (1 terms) — background or application context; EMERGENCY_FAILSAFE: Marginal keyword presence (1 terms) — background or application context; HRI_INTERFACE: Marginal keyword presence (1 terms) — background or application context,CN121929149A;CN119441810A;CN116424368B;CN115871700A;CN116534055B;CN117133096A;CN117290997A;LU102027B1;CN101439733B;CN122101237A,CN119441810A,CLAIM,"1. A human-like driving track evaluation and generation method, wherein it comprises the following steps : S1, constructing a driving track data set THAD; S2, constructing the deep characteristic mapping between the vehicle state-track and the corresponding human class based on the comparison network, training the class evaluator for accurately evaluating the state-track human class degree; S3, combining the level evaluator with the enhanced learning, using the level evaluator to train the driving reward signal provided for the enhanced learning to generate a track generator of safe and human-like driving track.",safe ,FOUND,BERTopic_representative,topic_summary.csv,NOT_SAFETY,INDIRECT,OUT_OF_SCOPE,车辆状态及道路环境 → 类人轨迹评价或强化学习规划 → 换道控制 → 车辆运动；规划和执行接口不一致可能导致交通碰撞，但该链条属于自动驾驶。,主题主体是车辆换道、车道保持和类人驾驶，不属于人形机器人研究范围。,HIGH,“human-like”主要指驾驶风格，不是人形机器人；应从主要人形机器人分析中排除。
12,12_bearing_shaft_motor_output,PARTIAL,Safety mechanism detected via keyword analysis of 10 patents; PERCEPTION: Moderate keyword presence (2 distinct terms); MOTION_CONTROL: Moderate keyword presence (2 distinct terms); ACTUATION_MECHANICS: Strong keyword presence (8 distinct terms) in evidence texts; SAFETY_MONITORING: Marginal keyword presence (1 terms) — background or application context; EMERGENCY_FAILSAFE: Moderate keyword presence (2 distinct terms); SYSTEM_INTEGRATION: Marginal keyword presence (1 terms) — background or application context,CN110666836A;CN112888534B;CN112888535B;CN121649957A;CN210061197U;CN111086022A;CN121157000A;CN118636189A;JP2010069565A;CN224183069U,CN110666836A,CLAIM,"1. The bidirectional output-for humanoid robot integrated joint, wherein the arm part comprises frameless torque motor (100), electromagnetic safe brake (200), the absolute value of the position sensor (300); the harmonic speed reducer (400), an output part (500), a bearing and a bearing frame (600), shell (700), frameless torque motor (100) comprises a motor stator (110), a motor rotor (120), a high speed motor shaft (130); wherein the motor stator (120) is installed on the inner wall of the shell (700), a motor rotor (120) is installed on the high speed motor shaft (130); the electromagnetic safe brake (200) comprises a stator body (210); the locating disc (220), sensing the brake disc (230), the outer cover (240), a shaft supporting the auxiliary structure (250), an el",safe ,FOUND,BERTopic_representative,topic_summary.csv,PARTIAL,INDIRECT,SAFETY_BARRIER,位置和速度传感器 → 伺服驱动 → 电机、减速器及关节输出；异常或断电时安全制动器应限制运动，若传感器、驱动状态和制动触发条件不匹配，机械臂可能继续运动并接触人员。,主题混合安全制动、被动阻抗和普通关节结构；专利没有明确报告人员受伤。,MEDIUM,安全制动属于明确屏障，但不少专利主要优化紧凑性、输出性能和关节结构，因此标记PARTIAL。
15,15_point_point cloud_cloud_map,PARTIAL,Safety mechanism detected via keyword analysis of 10 patents; PERCEPTION: Strong keyword presence (10 distinct terms) in evidence texts; STATE_ESTIMATION: Strong keyword presence (5 distinct terms) in evidence texts; PLANNING_DECISION: Marginal keyword presence (1 terms) — background or application context; EMERGENCY_FAILSAFE: Marginal keyword presence (1 terms) — background or application context; SYSTEM_INTEGRATION: Moderate keyword presence (3 distinct terms),CN121541648B;CN120125755B;CN116147642B;US20210276185A1;EP4114622A1;CN114663754B;CN110954100A;CN113865556B;JP2009042145A;CN121682451B,CN120125755B,ABSTRACT,"The invention discloses a building model reconstruction method and system based on a quadruped robot and machine vision. Based on the quadruped robot equipped with a laser scanner, a global map of an area to be reconstructed is generated by using synchronous positioning and map construction technology. Combine three-dimensional ray tracing and A * path search algorithm to determine the target scanning point and perform global path planning. Based on the high-precision sensor carried by the quadruped robot, the adaptive Monte Carlo positioning and improved dynamic window method algorithm are used to achieve the precise positioning and obstacle avoidance of the quadruped robot in complex environments. After moving to the target scanning point, the robot stops and starts the laser scanner",avoidance;obstacle,FOUND,BERTopic_representative,topic_summary.csv,INCIDENTAL,INDIRECT,CONTEXT_ONLY,点云和图像采集 → SLAM及地图构建 → 路径与避障规划 → 四足机器人运动；地图误差可能传播为错误路径并造成碰撞。,代表专利是四足机器人建筑扫描和重建，不是人形机器人；安全仅是完成测绘任务的辅助条件。,HIGH,障碍物规避存在，但发明的主要目标是点云重建和测绘性能，适合作为背景链条而非核心安全证据。
22,22_force_external force_human robot_robot,PARTIAL,Safety mechanism detected via keyword analysis of 10 patents; PERCEPTION: Moderate keyword presence (4 distinct terms); PLANNING_DECISION: Marginal keyword presence (1 terms) — background or application context; ACTUATION_MECHANICS: Moderate keyword presence (3 distinct terms); SAFETY_MONITORING: Moderate keyword presence (4 distinct terms); EMERGENCY_FAILSAFE: Moderate keyword presence (2 distinct terms); HRI_INTERFACE: Strong keyword presence (5 distinct terms) in evidence texts; SYSTEM_INTEGRATION: Moderate keyword presence (2 distinct terms),DE102016001643B4;CN108297056B;CN108297056A;US12552034B2;CN108789408A;CN107765686A;CN105690383A;WO2025005980A1;KR1020090056699A;KR1020260100240A,CN108297056B,ABSTRACT,"A human-collaborative robot system includes a first force detection section that detects external force acting on a robot; a second force detection section that detects only an operating force acting on the robot when a human manually operates the robot; and a safety assurance operation command section that, in the case where the external force detected by the first force detection section exceeds a predetermined threshold value, commands a safety assurance operation of causing the robot to move in a direction that reduces the external force or causing the robot to stop. When the human is manually operating the robot while the robot is in the stopped state, the safety assurance operation command section compares a value obtained by subtracting the operating force detected by the secon",safety,FOUND,BERTopic_representative,topic_summary.csv,DIRECT,DIRECT,SAFETY_BARRIER,人与机器人发生物理接触 → 外力及人工操作力检测 → 区分预期操作力与异常接触力 → 降低接触力或停止；若传感器、阈值或意图区分错误，机器人可能未能停止或产生错误避让动作。,主要是通用协作机器人或工业机器人，并非全部属于人形机器人。,HIGH,原文明示共享空间、人体接触、外力阈值及停止行为，人体伤害关联和安全屏障均明确。
25,25_industrial robot_industrial_tool_work,PARTIAL,Safety mechanism detected via keyword analysis of 9 patents; STATE_ESTIMATION: Marginal keyword presence (1 terms) — background or application context; EMERGENCY_FAILSAFE: Marginal keyword presence (1 terms) — background or application context; HRI_INTERFACE: Moderate keyword presence (4 distinct terms); SYSTEM_INTEGRATION: Marginal keyword presence (1 terms) — background or application context,CN105555490B;CN105555490A;DE202013104264U1;WO2018219744A1;US20190105779A1;DE102017124713B3;DE102012006180A1;JP2008022023A;IN202517091964A,CN105555490B,CLAIM,"[CLAIM 1] 1. A work station having a programmable industrial robot (4), wherein said work station (1) of the industrial robot (4) has a manual station near the worker (5), wherein said work station (1) is designed for human collaboration, MRK, wherein the industrial robot (4) and the working space of the worker (5) crossing the working space, and can have physical contact between the said industrial robot (4) and said worker (5). wherein said work station (1) is divided into a plurality of different areas (17, 18, 19, 20), the regions with different degree, from dangerous degree of the industrial robot (4), and wherein the industrial robot (4) is designed to be suitable to the MRK, wherein said work station (1) on different areas (17, 18, 19, 20) are provided with different",dangerous,FOUND,BERTopic_representative,topic_summary.csv,DIRECT,DIRECT,SAFETY_BARRIER,人员进入人机共享区域 → 区域危险等级和触觉状态识别 → 选择机器人速度、力和行为模式；若区域状态、危险等级或行为阈值不同步，机器人可能在人员附近执行不安全动作。,证据主要是工业机器人和协作工作站，不应被表述为人形机器人发生率证据。,HIGH,对人员危险和物理接触的描述明确，可作为跨机器人类型的直接安全屏障及外部对照。
27,27_path_navigation_obstacle_point,DIRECT,Safety mechanism detected via keyword analysis of 8 patents; PERCEPTION: Strong keyword presence (12 distinct terms) in evidence texts; STATE_ESTIMATION: Moderate keyword presence (2 distinct terms); PLANNING_DECISION: Strong keyword presence (5 distinct terms) in evidence texts; MOTION_CONTROL: Marginal keyword presence (1 terms) — background or application context; ACTUATION_MECHANICS: Marginal keyword presence (1 terms) — background or application context; SAFETY_MONITORING: Marginal keyword presence (1 terms) — background or application context; EMERGENCY_FAILSAFE: Marginal keyword presence (1 terms) — background or application context; SYSTEM_INTEGRATION: Moderate keyword presence (2 distinct terms),CN120447563B;CN120928375B;CN120991885A;CN120886273B;CN120886273A;CN117841002A;CN121677735B;KR1020160032608A,CN120447563B,CLAIM,"1. A planning method of autonomous navigation path of humanoid robot in complex environment, wherein it comprises : obtaining the current position of the robot as the initial position, receiving the path requirement request of the navigation task of the humanoid robot, and determining the target position according to the path requirement request; constructing a robot feasible motion space based on the body size constraint, joint motion constraint and dynamic balance constraint of the human-shaped robot, generating a constraint preposed map, comprising : analyzing the body width, height and gravity centre position parameter of the human-shaped robot, determining the body size boundary; determining the joint motion boundary based on the joint angle range and motion speed limit of",balance,FOUND,BERTopic_representative,topic_summary.csv,DIRECT,DIRECT,SAFETY_BARRIER,环境和人员行为感知 → 动态障碍预测及冲突区域识别 → 人形机器人约束规划和社会协商 → 风险评价及安全路径；若人员预测、优先级或平衡约束不一致，可能选择局部可行但会碰撞或失稳的路径。,专利描述的是风险预防方法，并非真实事故记录。,HIGH,证据同时覆盖人形机器人约束、人员冲突、碰撞风险和安全路径选择，是较强的直接安全证据。
28,28_tobacco_robotic_operation_shelf,PARTIAL,Safety mechanism detected via keyword analysis of 10 patents; PERCEPTION: Strong keyword presence (7 distinct terms) in evidence texts; STATE_ESTIMATION: Moderate keyword presence (2 distinct terms); PLANNING_DECISION: Marginal keyword presence (1 terms) — background or application context; MOTION_CONTROL: Marginal keyword presence (1 terms) — background or application context; ACTUATION_MECHANICS: Moderate keyword presence (3 distinct terms); SAFETY_MONITORING: Marginal keyword presence (1 terms) — background or application context; EMERGENCY_FAILSAFE: Marginal keyword presence (1 terms) — background or application context; HRI_INTERFACE: Moderate keyword presence (4 distinct terms); SYSTEM_INTEGRATION: Moderate keyword presence (2 distinct terms),CN118544362B;CN120717223B;CN120717223A;EP4025394A1;IN202311074144A;US10668623B2;CN121403406A;IN202511040243A;CN202794402U;CN121973246A,CN118544362B,CLAIM,"1. A human-guided visual-force fusion mechanical arm impedance iterative learning control method, wherein the method comprises the following steps : S100 : obtaining the coordinate conversion relation between the camera carried on the actuator at the tail end of the mechanical arm and the tail end of the mechanical arm by hand-eye calibration, solving the coordinate relation between the six-dimensional force sensor and the tail end of the mechanical arm by geometric relation; S200 : according to the coordinate conversion relation between the camera and the mechanical arm end, deducing the visual servo acceleration model, combining the human-mechanical arm interactive dynamic equation and the coordinate conversion relation between the mechanical arm end and the six-dimensional force",impedance,FOUND,BERTopic_representative,topic_summary.csv,INCIDENTAL,INDIRECT,PROPAGATION_NODE,人工引导、视觉及力觉数据 → 接触动力学和阻抗学习 → 轨迹控制 → 机械臂接触作业；若坐标标定、接触模型或阻抗参数不一致，可能产生超出预期的接触力。,主题混有烟草、仓储、工业装配和少量人形机器人抓取；人员伤害是间接推断。,MEDIUM,传播链明确，但主要目标是柔顺装配和作业性能，不是人体保护，因此标记INCIDENTAL。
29,29_module_intelligent_service_display,DIRECT,Safety mechanism detected via keyword analysis of 9 patents; PERCEPTION: Strong keyword presence (9 distinct terms) in evidence texts; PLANNING_DECISION: Moderate keyword presence (2 distinct terms); MOTION_CONTROL: Marginal keyword presence (1 terms) — background or application context; ACTUATION_MECHANICS: Strong keyword presence (6 distinct terms) in evidence texts; SAFETY_MONITORING: Marginal keyword presence (1 terms) — background or application context; EMERGENCY_FAILSAFE: Moderate keyword presence (3 distinct terms); HRI_INTERFACE: Moderate keyword presence (3 distinct terms); SYSTEM_INTEGRATION: Moderate keyword presence (3 distinct terms),CN112578716B;CN104375417B;CN113858158A;CN103759734A;TW201634200A;CN215252430U;CN106891338A;KR200435980Y1;CN122260507A,CN112578716B,CLAIM,"1. A humanoid robot control system for shoes and clothes display, comprising a power supply module, a chassis control module, a network control module, a model motion control module and a visual voice module, further comprising a PC end software system; the power supply module comprises a power supply and a power supply electric quantity display device; the chassis control module comprises an industrial computer, a chassis control plate, a laser radar, a lamp belt controller, a coulometer, an anti-collision switch, an emergency stop switch, an ultrasonic wave, an IR receiver, a motor driver and a motor; the network control module comprises a switch and a router; the visual voice module comprises a camera, a core plate, a microphone bottom plate, a microphone array, a",collision;emergency stop;collision,FOUND,BERTopic_representative,topic_summary.csv,INCIDENTAL,INDIRECT,SAFETY_BARRIER,视觉、语音或网络命令 → 服务行为与底盘规划 → 电机和展示动作；防碰撞开关及急停应中断动作，若通信模式、运动状态和安全开关不同步，机器人可能继续靠近人员。,主题高度混杂，包含展示、接待、警务、交通提示和服务机器人；安全装置通常是附属组件。,MEDIUM,急停和防碰撞机制属于安全屏障，但代表发明的主要目的仍是服务或展示，不能自动认定为核心安全主题。
32,32_action_data_sequence_motion,PARTIAL,Safety mechanism detected via keyword analysis of 8 patents; PERCEPTION: Strong keyword presence (5 distinct terms) in evidence texts; STATE_ESTIMATION: Moderate keyword presence (3 distinct terms); PLANNING_DECISION: Moderate keyword presence (3 distinct terms); MOTION_CONTROL: Moderate keyword presence (4 distinct terms); ACTUATION_MECHANICS: Strong keyword presence (5 distinct terms) in evidence texts; SAFETY_MONITORING: Marginal keyword presence (1 terms) — background or application context; EMERGENCY_FAILSAFE: Marginal keyword presence (1 terms) — background or application context,CN106078752B;CN121132640B;CN122008250A;CN119610085A;CN121552445B;CN122353572A;KR101460140B1;CN121704883B,CN106078752B,CLAIM,"[CLAIM 1] 1. A humanoid robot based on human behaviour simulating method of Kinect, based on the collected from the Kinect RGB-D image extracted from the human framework information, constructing the motion model of human movement chain, and mapping the operation to the robot motion model in real time, the real-time action imitate the continuous image sequence, starting and ending time point of the human-action are contained in the image sequence is unknown, by mapping model and a balance control mechanism the feature is that it includes the following step : 1) establishing collecting motion data, the motion data processing and joint configuration of three modules, the action data collecting module is responsible for constructing human body action of the abstract model, the motio",balance,FOUND,BERTopic_representative,topic_summary.csv,PARTIAL,INDIRECT,PROPAGATION_NODE,人体姿态或多模态指令 → 动作映射及逆运动学 → 平衡和自碰撞校正 → 人形机器人关节指令；时序、坐标系或人体—机器人形态映射错误可能产生失稳、碰撞或非预期接触。,主题混合动作模仿、多模态控制、OTA和VLA应用；人体伤害未被直接描述。,HIGH,这是较清晰的信息—控制传播链，平衡和自碰撞约束构成局部屏障，但总体发明目标仍是动作生成。
33,33_path_grid_map_point,PARTIAL,Safety mechanism detected via keyword analysis of 9 patents; PERCEPTION: Strong keyword presence (9 distinct terms) in evidence texts; STATE_ESTIMATION: Moderate keyword presence (3 distinct terms); PLANNING_DECISION: Strong keyword presence (7 distinct terms) in evidence texts; EMERGENCY_FAILSAFE: Marginal keyword presence (1 terms) — background or application context; HRI_INTERFACE: Moderate keyword presence (2 distinct terms); SYSTEM_INTEGRATION: Moderate keyword presence (2 distinct terms),CN120742904B;CN119469168B;CN117590747A;CN120909299A;CN119309582A;CN120213071A;CN121783173A;CN105843222A;CN122258922A,CN120742904B,CLAIM,"1. A four-foot robot obstacle avoidance control method based on path planning, wherein The method comprises the following steps : obtaining environmental point cloud data, image data and motion speed data of a four-foot robot, generating semantic point cloud data by performing terrain semantic segmentation and semantic pixel back projection on the image data, and combining the semantic point cloud data with the motion compensated environmental point cloud data to construct a semantic marking grid map; performing global path search on the semantic annotation grid map to generate a global smooth path; when the four-foot robot travels along the global smooth path, the path node on the global smooth path is extracted with a fixed step distance, and the terrain type and the grid occupi",avoidance;obstacle,FOUND,BERTopic_representative,topic_summary.csv,DIRECT,INDIRECT,SAFETY_BARRIER,点云和图像 → 语义栅格地图 → 全局及局部路径规划 → 多级避障和足端轨迹 → 四足机器人运动；地图、障碍等级或重规划时序不一致可能导致实际碰撞。,证据集中于四足及其他非人形巡检机器人；对人员的伤害属于间接推断，只能用于跨平台机制比较。,HIGH,多级避障和重规划是明确的碰撞预防屏障，但不能直接验证人形机器人样本中的发生率。
37,37_foot_sole_heel_arch,PARTIAL,Safety mechanism detected via keyword analysis of 9 patents; PERCEPTION: Moderate keyword presence (2 distinct terms); ACTUATION_MECHANICS: Strong keyword presence (6 distinct terms) in evidence texts; EMERGENCY_FAILSAFE: Marginal keyword presence (1 terms) — background or application context,CN118928586B;CN120697869B;CN120621535B;CN113349762A;CN223934846U;CN120461477A;CN221214319U;CN200967506Y;CN121608822A,CN120697869B,ABSTRACT,"The invention discloses a humanoid robot bionic foot with autonomous terrain testing ability, which includes a front sole component and a rear sole component that are flexibly connected through the sole fascia. The support connecting frame and the arch component are hinged to form a space transmission structure, which cooperates with the fascia to form an arched composite support. Its innovative points are : the locust-like foot pad realizes segmented flexibility and local fit buffering; the plantar fascia and arched arch absorb impact in the early stage of gait and reduce rigid body transmission; the dorsal muscle-imitating elastic sheet and the Achilles tendon-imitating elastic sheet store and release energy in the second half of gait to improve dynamic stability; pressure sensors are",stability,FOUND,BERTopic_representative,topic_summary.csv,PARTIAL,INDIRECT,SAFETY_BARRIER,足底压力及地形接触 → 压力中心和地面状态判断 → 足弓柔顺、缓冲与整机平衡 → 步态执行；传感、载荷与柔性结构能力不匹配可能造成支撑失败和跌倒。,主要证明机器人自身稳定、缓冲和地形适应；人员伤害为跌倒后的间接推断，且含少量四足污染。,MEDIUM,柔顺足底和冲击吸收可作为机械安全屏障，但安全并非所有专利的主要贡献。
40,40_wheel_leg_wheel leg_wheel legged,PARTIAL,Safety mechanism detected via keyword analysis of 6 patents; PERCEPTION: Moderate keyword presence (2 distinct terms); PLANNING_DECISION: Marginal keyword presence (1 terms) — background or application context; MOTION_CONTROL: Moderate keyword presence (2 distinct terms); ACTUATION_MECHANICS: Moderate keyword presence (4 distinct terms); EMERGENCY_FAILSAFE: Marginal keyword presence (1 terms) — background or application context; SYSTEM_INTEGRATION: Marginal keyword presence (1 terms) — background or application context,CN119024875B;CN116774713A;CN101982809B;CN112975978B;CN121756299A;CN118056744A,CN119024875B,CLAIM,"1. A balance control method of wheel-leg type robot, wherein the wheel-leg type robot is simplified into n-order inverted pendulum model, the n-order inverted pendulum model comprises : wheels, n connecting rods and n rotating joints, the wheel and the first connecting rod in the n connecting rods are connected through the first rotating joint in the n rotating joints, the n connecting rod is connected through n-1 rotating joints except the first rotating joint in series, the first connecting rod is the equivalent connecting rod corresponding to at least two leg mechanisms of the wheel-leg robot, the wheel is the equivalent moving wheel corresponding to the moving wheel respectively connected with at least two leg mechanisms, n is a positive integer greater than or equal to 2; Th",balance,FOUND,BERTopic_representative,topic_summary.csv,DIRECT,INDIRECT,SAFETY_BARRIER,机器人姿态和运动状态 → 等效倒立摆状态及滑模面 → 轮腿力矩分配 → 关节与轮毂执行；模型、状态估计和执行器约束不一致可能使平衡控制失效并导致跌倒或碰撞。,主要是轮腿和多足机器人，不是人形机器人；人体风险为间接推断。,HIGH,平衡控制是明确的稳定性保护机制，但只能作为非人形平台的Cascade机制对照。
47,47_fault_health_state_data,DIRECT,Safety mechanism detected via keyword analysis of 8 patents; PERCEPTION: Moderate keyword presence (2 distinct terms); STATE_ESTIMATION: Marginal keyword presence (1 terms) — background or application context; ACTUATION_MECHANICS: Marginal keyword presence (1 terms) — background or application context; SAFETY_MONITORING: Marginal keyword presence (1 terms) — background or application context; EMERGENCY_FAILSAFE: Marginal keyword presence (1 terms) — background or application context; HRI_INTERFACE: Marginal keyword presence (1 terms) — background or application context,CN121200084B;CN120029227B;US11511431B2;CN121580141B;CN120533752A;CN119717618B;CN118927306A;EP1842630A1,CN121200084B,CLAIM,"1. A human-shaped robot state monitoring method, wherein it is applied to the controller in the human-shaped robot, the method comprises : obtaining the multi-modal information data of the humanoid robot, the multi-modal information data is used for representing the multi-dimensional physical information sensed by the humanoid robot in the current anthropomorphic functional scene, the multi-modal information data comprises energy state data, an external environment data and posture dynamics data, the energy state data is used for representing the energy using condition of the humanoid robot, the external environment data is used for representing the external environment condition of the humanoid robot, the posture dynamics data is used for representing the body movement condition",monitor,FOUND,BERTopic_representative,topic_summary.csv,DIRECT,INDIRECT,SAFETY_BARRIER,能源、环境、姿态及关节数据 → 健康和故障概率融合 → 异常判定 → 维护、状态更新或跌倒控制；错误校准或模式不一致可能把不安全机器人判断为健康并延迟缓解措施。,部分“健康”指标面向机器人寿命、维护和用户体验；人员伤害没有被直接报告。,HIGH,主题整体覆盖故障诊断、状态监测、关节寿命和跌倒控制，属于较强的故障响应安全屏障。
62,62_electrode_measurement electrode_108_elements,PARTIAL,Safety mechanism detected via keyword analysis of 8 patents; PERCEPTION: Moderate keyword presence (2 distinct terms); MOTION_CONTROL: Marginal keyword presence (1 terms) — background or application context; ACTUATION_MECHANICS: Moderate keyword presence (4 distinct terms); SYSTEM_INTEGRATION: Marginal keyword presence (1 terms) — background or application context,DE102019107851B4;US20250241544A1;FR3084002A1;US63484517P0;CA3134287A1;FR3083728A1;FR3084002B1;US20250219277A1,DE102019107851B4,ABSTRACT,"A robot gripper includes : a drive unit to drive a powertrain with active elements, wherein each element has a working region arranged in a body-fixed manner relative to the robot gripper, a respective element being moveable in and capable of reaching the working region; a control unit to control the drive unit; and a sensor system connected to the control unit to ascertain forces/moments applied externally to individual elements, the control unit configured such that collision monitoring is capable of being carried out for the elements, and when a collision is detected for an element, the drive unit is actuated according to a specified operation, including : providing a defined region within the working region for the elements, and collision monitoring for the elements only whe",collision;collision;monitor,FOUND,BERTopic_representative,topic_summary.csv,UNCLEAR,UNCLEAR,UNCLEAR,候选链条为外力检测 → 带空间区域门控的碰撞监测 → 驱动响应；若区域边界或门控状态错误，碰撞监测可能在实际危险区域被关闭。但该链条目前只能归属于单个夹持器专利。,主题严重混合机器人夹持器、血压测量、电极及传输线等不相关专利，且代表机器人并非人形机器人。,LOW,无法把单个夹持器碰撞监测机制推广到整个Topic；建议保持UNCLEAR，并在建图前拆分或排除该主题。
65,65_social_reasoning_instruction_remote,NOT_SAFETY,No substantial safety mechanism found in evidence texts; PERCEPTION: Strong keyword presence (7 distinct terms) in evidence texts; STATE_ESTIMATION: Marginal keyword presence (1 terms) — background or application context; PLANNING_DECISION: Strong keyword presence (7 distinct terms) in evidence texts; MOTION_CONTROL: Marginal keyword presence (1 terms) — background or application context; ACTUATION_MECHANICS: Moderate keyword presence (3 distinct terms); EMERGENCY_FAILSAFE: Marginal keyword presence (1 terms) — background or application context; HRI_INTERFACE: Moderate keyword presence (3 distinct terms); SYSTEM_INTEGRATION: Moderate keyword presence (3 distinct terms),CN120620231B;CN117103261B;CN121989231A;CN121290419A;CN120572534A;CN121290419B;CN120416181A;KR1020100003097A;CN122231896A,,,,,INSUFFICIENT,,,PARTIAL,INDIRECT,PROPAGATION_NODE,操作者意图或人机接触任务 → 语义解析与期望校准 → 无线通信或高层动作锚点 → 全身控制命令；若意图、时序、坐标、接触阶段或禁止动作边界在接口间不一致，即使各模块分别按自身输入正确运行，仍可能产生非预期全身运动或身体接触并伤及人员；互锁验证和并行监控构成阻断屏障。,主题较混杂；主要是信息—控制传播链，部分专利同时包含安全互锁屏障。专利没有明确报告人员受伤。,MEDIUM,原文支持从人机输入、通信、规划到全身控制的跨系统传播链，并包含物理接触场景。未明确描述人员受伤，因此标记为INDIRECT；主题内部分远程操控专利包含互锁和安全解锁机制，但主题的主要Cascade角色仍为PROPAGATION_NODE。
74,74_target_foot_state data_landing,NOT_SAFETY,No substantial safety mechanism found in evidence texts; STATE_ESTIMATION: Marginal keyword presence (1 terms) — background or application context; MOTION_CONTROL: Marginal keyword presence (1 terms) — background or application context; EMERGENCY_FAILSAFE: Marginal keyword presence (1 terms) — background or application context,HK40071432B;CN114474034B;EP4116782A1;WO2022089195A1;WO2022048472A1;EP4144487C0;EP4144487B1;CN112051797B;CN121704503A,,,,,INSUFFICIENT,,,DIRECT,INDIRECT,PROPAGATION_NODE,感知及历史状态 → 世界模型或落脚点规划 → 质心、接触力与摩擦约束 → 期望关节角和关节力矩；若地形法向量、摩擦系数、接触相位或状态时间戳在模块间不一致，各模块即使分别正确求解，整体仍可能选择实际上不稳定的落脚点并导致打滑或跌倒，进而可能撞击附近人员。,代表专利覆盖一般足式机器人，包括二足、四足和六足，并非严格的人形机器人证据；人员伤害是间接推断。,MEDIUM,原文支持状态估计、落脚点规划、接触约束与关节控制之间的传播链，并明确涉及打滑、跌倒和运动故障风险；但代表专利适用于一般足式机器人，且未直接描述人员受伤，因此标记为INDIRECT/PROPAGATION_NODE，并保留非人形机器人范围限制。
76,76_elements_elements articulation_articulation_given,NOT_SAFETY,No substantial safety mechanism found in evidence texts; ACTUATION_MECHANICS: Marginal keyword presence (1 terms) — background or application context; EMERGENCY_FAILSAFE: Marginal keyword presence (1 terms) — background or application context,JP6556167B2;JP2017516672A;IN201617039124A;KR1020170021800A;JP6449337B2;FR3021572A1;DE102007022973A1,,,,,INSUFFICIENT,,,DIRECT,DIRECT,SAFETY_BARRIER,正常关节运动接近行程端或执行器发生异常 → 相邻刚性部件夹住人体手指，或活动部件产生过大止挡力 → 柔性皮肤限制夹持力，或阈值开关触发急停/断电；若柔性区域、允许行程、触发阈值、开关或断电链之间不匹配，最后安全屏障可能失效并导致夹伤或撞击伤害。,主题包含防夹手柔性结构和过力急停两类安全屏障；二者机制不同，但都针对人形机器人关节安全。,HIGH,专利原文明示人形机器人关节可能夹伤附近人员手指，并提供柔性防夹结构、过力检测开关及急停/断电机制。人体伤害关联明确，故标记为DIRECT；这些机制主要用于阻断上游运动或执行器异常，故标记为SAFETY_BARRIER。
