bertopic_id,bertopic_name,proposed_safety,subsystem_id,proposed_role,supporting_patent_numbers,evidence_patent_number,evidence_location,exact_evidence_excerpt,evidence_status,human_subsystem_decision,human_role_judgment,reviewer_confidence,reviewer_note
0,0_leg_end_wheel_connected,PARTIAL,PERCEPTION,SECONDARY,CN109733500A;CN112429112A;CN115609629B;CN116142349A;CN116215692B;CN116607905A;CN116946390B;CN119503044A;CN122324149A;CN201020717Y,CN119503044A,CLAIM,"1. A wheel-leg type robot based on stable control technology, wherein it comprises : a fixed frame; a control box mounted on the fixed frame; an obstacle avoiding detection module, a signal receiving module, an IMU module and a controller, which are all installed in the control box; a power supply mounted on the fixed frame; a pair of leg connecting rod mechanisms symmetrically arranged under the fixed framework; each leg connecting rod mechanism comprises a front servo motor, a rear servo motor and a connecting rod mechanism; the connecting rod mechanism comprises a first connecting rod mechanism and a second connecting rod mechanism, the first connecting rod mechanism comprises a front upper end connecting rod connected with the output of the front servo motor and a front lo",FOUND,,,,
0,0_leg_end_wheel_connected,PARTIAL,PLANNING_DECISION,CONTEXT_ONLY,CN109733500A;CN112429112A;CN115609629B;CN116142349A;CN116215692B;CN116607905A;CN116946390B;CN119503044A;CN122324149A;CN201020717Y,CN201020717Y,CLAIM,"[CLAIM 1] A modularized embedded motion controller for multi-legged robot, wherein said controller includes PC module (1), main body control module (2) and leg unit control module (3) lies on each leg; PC module (1) includes operating software module (11) and the first communication module (12), operating software module (11) is used to achieve environmental identification, route plan and pace plan function, and it delivers calculated data to the first communication module (12); the first communication module (12) had function of processing main body bus and it connects main body control module (2) and PC module (1) together through USB bus; main body control module (2) includes the second communication module (21), status display module (22) and main body controller (23); the se",FOUND,,,,
0,0_leg_end_wheel_connected,PARTIAL,MOTION_CONTROL,SECONDARY,CN109733500A;CN112429112A;CN115609629B;CN116142349A;CN116215692B;CN116607905A;CN116946390B;CN119503044A;CN122324149A;CN201020717Y,CN119503044A,CLAIM,"1. A wheel-leg type robot based on stable control technology, wherein it comprises : a fixed frame; a control box mounted on the fixed frame; an obstacle avoiding detection module, a signal receiving module, an IMU module and a controller, which are all installed in the control box; a power supply mounted on the fixed frame; a pair of leg connecting rod mechanisms symmetrically arranged under the fixed framework; each leg connecting rod mechanism comprises a front servo motor, a rear servo motor and a connecting rod mechanism; the connecting rod mechanism comprises a first connecting rod mechanism and a second connecting rod mechanism, the first connecting rod mechanism comprises a front upper end connecting rod connected with the output of the front servo motor and a front lo",FOUND,,,,
0,0_leg_end_wheel_connected,PARTIAL,ACTUATION_MECHANICS,PRIMARY,CN109733500A;CN112429112A;CN115609629B;CN116142349A;CN116215692B;CN116607905A;CN116946390B;CN119503044A;CN122324149A;CN201020717Y,CN119503044A,CLAIM,"1. A wheel-leg type robot based on stable control technology, wherein it comprises : a fixed frame; a control box mounted on the fixed frame; an obstacle avoiding detection module, a signal receiving module, an IMU module and a controller, which are all installed in the control box; a power supply mounted on the fixed frame; a pair of leg connecting rod mechanisms symmetrically arranged under the fixed framework; each leg connecting rod mechanism comprises a front servo motor, a rear servo motor and a connecting rod mechanism; the connecting rod mechanism comprises a first connecting rod mechanism and a second connecting rod mechanism, the first connecting rod mechanism comprises a front upper end connecting rod connected with the output of the front servo motor and a front lo",FOUND,,,,
0,0_leg_end_wheel_connected,PARTIAL,EMERGENCY_FAILSAFE,CONTEXT_ONLY,CN109733500A;CN112429112A;CN115609629B;CN116142349A;CN116215692B;CN116607905A;CN116946390B;CN119503044A;CN122324149A;CN201020717Y,,,,NO_DIRECT_EVIDENCE,,,,
0,0_leg_end_wheel_connected,PARTIAL,HRI_INTERFACE,SECONDARY,CN109733500A;CN112429112A;CN115609629B;CN116142349A;CN116215692B;CN116607905A;CN116946390B;CN119503044A;CN122324149A;CN201020717Y,CN122324149A,ABSTRACT,"The invention relates to the field of fully autonomous robots, specifically an unmanned autonomous small hexapod robot that can climb columns and a column climbing method. A column-climbing unmanned autonomous small six-legged robot, including a body; six machine legs are installed on the machine body, and the six machine legs are paired in pairs and respectively installed at the front end, middle part and rear end of the machine body; the paired robot legs have at least four movement postures : holding column posture, releasing posture, moving forward posture and retreating posture, and each robot leg can move independently; the body is equipped with a central control system that can receive wireless signals for remote control and/or autonomously control the movement of the six ro",FOUND,,,,
0,0_leg_end_wheel_connected,PARTIAL,SYSTEM_INTEGRATION,SECONDARY,CN109733500A;CN112429112A;CN115609629B;CN116142349A;CN116215692B;CN116607905A;CN116946390B;CN119503044A;CN122324149A;CN201020717Y,,,,INSUFFICIENT,,,,
1,1_humanoid robot_humanoid_joint_robot,PARTIAL,PERCEPTION,CONTEXT_ONLY,CN106737671B;CN111055285A;CN112859901B;CN115616898B;CN116520869A;CN118331283B;CN121916894A;CN122353585A;CN1807135A;JP2010137289A,CN1807135A,CLAIM,"1. A quasi-magneto imitating automotive vehicle intelligent control of the active suspension component posture coordinated method, comprising the steps of : (1) using an acceleration sensor and an inclination sensor on-line extraction of the car body motion gesture signal; (2) a method of using the humanoid intelligent control, determining a motion gesture; (3) adopt different control modes for different motion gesture; (4) determining a control parameter so that the vertical vibration, pitch and roll motion in each of the resonant frequency has a minimum pass characteristic, thereby adjusting the magneto-rheological damper damping force, causing the car to obtain good ride comfort and steering stability;",FOUND,,,,
1,1_humanoid robot_humanoid_joint_robot,PARTIAL,STATE_ESTIMATION,CONTEXT_ONLY,CN106737671B;CN111055285A;CN112859901B;CN115616898B;CN116520869A;CN118331283B;CN121916894A;CN122353585A;CN1807135A;JP2010137289A,CN122353585A,ABSTRACT,"The invention relates to a dual-arm humanoid robot trajectory tracking method based on an improved terminal sliding mode algorithm The method aims at the problems that the controller is easy to induce high-frequency vibration and the robustness is reduced due to neglect of joint flexibility in the prior art, and the instantaneous vibration frequency and damping characteristic parameters of the system are extracted on line by establishing a state space model containing flexibility dynamics Using these characteristic parameters to dynamically construct an adaptive non-singular terminal sliding mode surface with frequency avoidance and damping injection capabilities; combined with linear expansion state observer, the lumped disturbance of the system is estimated in real time and feedforward",FOUND,,,,
1,1_humanoid robot_humanoid_joint_robot,PARTIAL,PLANNING_DECISION,SECONDARY,CN106737671B;CN111055285A;CN112859901B;CN115616898B;CN116520869A;CN118331283B;CN121916894A;CN122353585A;CN1807135A;JP2010137289A,CN106737671B,CLAIM,"[CLAIM 1] 1. The seven-freedom imitated double layer humanoid motion planning method of mechanical arm, the method comprising first layer motion planning and second layer motion planning, first layer motion planning is the mechanical arm task space in the complex environment of anthropomorphic path planning, the second layer motion planning is imitated human arm configuration programming human-like mechanical arm along the end arm configuration without available space of the collision path; the method comprises : step one, in the task space of the humanoid mechanical arm, end effector is planning of the humanoid mechanical arm with a strip from its initial position to a target position of the humanoid collision-free path; step three, step two, using the smoothing spline path smoo",FOUND,,,,
1,1_humanoid robot_humanoid_joint_robot,PARTIAL,MOTION_CONTROL,SECONDARY,CN106737671B;CN111055285A;CN112859901B;CN115616898B;CN116520869A;CN118331283B;CN121916894A;CN122353585A;CN1807135A;JP2010137289A,CN118331283B,CLAIM,"1. A reaction-type step planning and motion control method for human-shaped robot, wherein it comprises the following steps : obtaining the external control speed, calculating the motion step length and direction of the humanoid robot; establishing a human-shaped robot linear inverted pendulum model, based on the periodic motion characteristic and track energy conservation of the linear inverted pendulum model, combining with the condition of the stability recovery of the disturbed linear inverted pendulum model, obtaining the footprint compensation of the disturbed human-shaped robot; based on the motion step length and direction of the human-shaped robot, combining the footprint compensation, generating a plurality of foot-standing points of the human-shaped robot, based on a",FOUND,,,,
1,1_humanoid robot_humanoid_joint_robot,PARTIAL,ACTUATION_MECHANICS,PRIMARY,CN106737671B;CN111055285A;CN112859901B;CN115616898B;CN116520869A;CN118331283B;CN121916894A;CN122353585A;CN1807135A;JP2010137289A,CN115616898B,CLAIM,"1. A variable-load standing method of humanoid robot based on model reference self-adaptive control, wherein it comprises the following steps : step one : constructing a simplified humanoid robot dynamics model, deducing dynamics equation, specifically realized by the following method : the humanoid robot with two legs standing side by side is equivalently simplified into a three-connecting-rod model; deducing the dynamic equation of the three-link model based on the Lagrange equation; converting the form of the dynamic equation to obtain a three-link model joint moment expression related to the dynamic parameter; step two : Designing the model reference adaptive control algorithm under the parallel standing of the two legs of the humanoid robot, specifically realized by the fol",FOUND,,,,
1,1_humanoid robot_humanoid_joint_robot,PARTIAL,EMERGENCY_FAILSAFE,CONTEXT_ONLY,CN106737671B;CN111055285A;CN112859901B;CN115616898B;CN116520869A;CN118331283B;CN121916894A;CN122353585A;CN1807135A;JP2010137289A,,,,NO_DIRECT_EVIDENCE,,,,
1,1_humanoid robot_humanoid_joint_robot,PARTIAL,HRI_INTERFACE,CONTEXT_ONLY,CN106737671B;CN111055285A;CN112859901B;CN115616898B;CN116520869A;CN118331283B;CN121916894A;CN122353585A;CN1807135A;JP2010137289A,CN1807135A,CLAIM,"1. A quasi-magneto imitating automotive vehicle intelligent control of the active suspension component posture coordinated method, comprising the steps of : (1) using an acceleration sensor and an inclination sensor on-line extraction of the car body motion gesture signal; (2) a method of using the humanoid intelligent control, determining a motion gesture; (3) adopt different control modes for different motion gesture; (4) determining a control parameter so that the vertical vibration, pitch and roll motion in each of the resonant frequency has a minimum pass characteristic, thereby adjusting the magneto-rheological damper damping force, causing the car to obtain good ride comfort and steering stability;",FOUND,,,,
1,1_humanoid robot_humanoid_joint_robot,PARTIAL,SYSTEM_INTEGRATION,SECONDARY,CN106737671B;CN111055285A;CN112859901B;CN115616898B;CN116520869A;CN118331283B;CN121916894A;CN122353585A;CN1807135A;JP2010137289A,,,,INSUFFICIENT,,,,
3,3_foot_robot_foot robot_leg,PARTIAL,PERCEPTION,SECONDARY,CN107045552B;CN116339362B;CN117182904B;CN118061197B;CN119328772B;CN120295284A;CN121133868A;CN121979265B;CN122299574A;WO2012011182A1,CN120295284A,CLAIM,"1. A four-foot robot foot end track motion control method based on local terrain self-adaptation, wherein it comprises the following steps : S1 : Classification of External Terrain Information : through the foot end three-dimensional force sensor of the robot, the machine body IMU sensor is combined with the four-foot robot machine body kinematics positive solution algorithm model to classify the current motion terrain : it is divided into flat terrain, concave-convex terrain and gradient terrain; S2 : sensing the posture of the robot body : through obtaining robot foot end touchdown state, machine body attitude angle, leg joint encoder information, spinal column joint angle information, foot end position information, the multi-sensor information to proceed fusion estimation",FOUND,,,,
3,3_foot_robot_foot robot_leg,PARTIAL,STATE_ESTIMATION,SECONDARY,CN107045552B;CN116339362B;CN117182904B;CN118061197B;CN119328772B;CN120295284A;CN121133868A;CN121979265B;CN122299574A;WO2012011182A1,CN120295284A,CLAIM,"1. A four-foot robot foot end track motion control method based on local terrain self-adaptation, wherein it comprises the following steps : S1 : Classification of External Terrain Information : through the foot end three-dimensional force sensor of the robot, the machine body IMU sensor is combined with the four-foot robot machine body kinematics positive solution algorithm model to classify the current motion terrain : it is divided into flat terrain, concave-convex terrain and gradient terrain; S2 : sensing the posture of the robot body : through obtaining robot foot end touchdown state, machine body attitude angle, leg joint encoder information, spinal column joint angle information, foot end position information, the multi-sensor information to proceed fusion estimation",FOUND,,,,
3,3_foot_robot_foot robot_leg,PARTIAL,PLANNING_DECISION,PRIMARY,CN107045552B;CN116339362B;CN117182904B;CN118061197B;CN119328772B;CN120295284A;CN121133868A;CN121979265B;CN122299574A;WO2012011182A1,CN121979265B,CLAIM,"1. A four-foot robot gait self-adaptive control method based on active anti-interference, wherein it comprises the following steps : collecting the position and leg state of the current centroid of the four-foot robot under the world coordinate system, using the centroid planner to obtain the expected centroid position of the current moment; judging whether the four-foot robot is disturbed by the external force greater than the disturbance threshold value according to the position of the current centroid under the world coordinate system, the expected centroid position at the current moment and the expected centroid position at the last moment; if the four-foot robot is disturbed by the external force greater than the disturbance threshold value, determining the foot falling point p",FOUND,,,,
3,3_foot_robot_foot robot_leg,PARTIAL,MOTION_CONTROL,SECONDARY,CN107045552B;CN116339362B;CN117182904B;CN118061197B;CN119328772B;CN120295284A;CN121133868A;CN121979265B;CN122299574A;WO2012011182A1,CN120295284A,CLAIM,"1. A four-foot robot foot end track motion control method based on local terrain self-adaptation, wherein it comprises the following steps : S1 : Classification of External Terrain Information : through the foot end three-dimensional force sensor of the robot, the machine body IMU sensor is combined with the four-foot robot machine body kinematics positive solution algorithm model to classify the current motion terrain : it is divided into flat terrain, concave-convex terrain and gradient terrain; S2 : sensing the posture of the robot body : through obtaining robot foot end touchdown state, machine body attitude angle, leg joint encoder information, spinal column joint angle information, foot end position information, the multi-sensor information to proceed fusion estimation",FOUND,,,,
3,3_foot_robot_foot robot_leg,PARTIAL,ACTUATION_MECHANICS,PRIMARY,CN107045552B;CN116339362B;CN117182904B;CN118061197B;CN119328772B;CN120295284A;CN121133868A;CN121979265B;CN122299574A;WO2012011182A1,CN120295284A,CLAIM,"1. A four-foot robot foot end track motion control method based on local terrain self-adaptation, wherein it comprises the following steps : S1 : Classification of External Terrain Information : through the foot end three-dimensional force sensor of the robot, the machine body IMU sensor is combined with the four-foot robot machine body kinematics positive solution algorithm model to classify the current motion terrain : it is divided into flat terrain, concave-convex terrain and gradient terrain; S2 : sensing the posture of the robot body : through obtaining robot foot end touchdown state, machine body attitude angle, leg joint encoder information, spinal column joint angle information, foot end position information, the multi-sensor information to proceed fusion estimation",FOUND,,,,
3,3_foot_robot_foot robot_leg,PARTIAL,EMERGENCY_FAILSAFE,CONTEXT_ONLY,CN107045552B;CN116339362B;CN117182904B;CN118061197B;CN119328772B;CN120295284A;CN121133868A;CN121979265B;CN122299574A;WO2012011182A1,,,,NO_DIRECT_EVIDENCE,,,,
3,3_foot_robot_foot robot_leg,PARTIAL,SYSTEM_INTEGRATION,CONTEXT_ONLY,CN107045552B;CN116339362B;CN117182904B;CN118061197B;CN119328772B;CN120295284A;CN121133868A;CN121979265B;CN122299574A;WO2012011182A1,,,,NO_DIRECT_EVIDENCE,,,,
7,7_vehicle_lane_driving_lane changing,PARTIAL,PERCEPTION,PRIMARY,CN101439733B;CN115871700A;CN116424368B;CN116534055B;CN117133096A;CN117290997A;CN119441810A;CN121929149A;CN122101237A;LU102027B1,CN101439733B,CLAIM,"1. A vehicle the DE device, comprising : A steering wheel for rotating the humanoid actuator, the actuator motor includes a humanoid, mounting plate and the hold lever, the mounting plate can be detachably connected to the steering wheel, the motor shaft and the mounting plate is detachably connected to drive a steering wheel mounting plate and rotatable together, the motor is fixed to the body within the rod, the rod can be telescopically slid so as to prevent the seizure caused by the non-concentric with the steering wheel shaft of the motor; Detection means, detecting means for detecting the excursion of the vehicle status information; and The controller, the controller based on the detection means detects the offset of the motor rotates the control conditi",FOUND,,,,
7,7_vehicle_lane_driving_lane changing,PARTIAL,STATE_ESTIMATION,SECONDARY,CN101439733B;CN115871700A;CN116424368B;CN116534055B;CN117133096A;CN117290997A;CN119441810A;CN121929149A;CN122101237A;LU102027B1,CN121929149A,CLAIM,"1. A vehicle anthropogenic lane-changing control method of fusion prediction track, wherein it comprises : constructing a vehicle lane-changing expert track set based on the historical vehicle track data, and generating a vehicle lane-changing candidate track set by perturbation expert track end state and polynomial interpolation; extracting the track characteristics of the vehicle lane changing expert track set and the vehicle lane changing candidate track set, and combining the future track information of the environment vehicle to construct the track characteristic vector; the expert track set is used as the real sample, the candidate track set is used as the decision space, the track characteristic vector is used as the characteristic input, the anthropotropic track-changing r",FOUND,,,,
7,7_vehicle_lane_driving_lane changing,PARTIAL,PLANNING_DECISION,PRIMARY,CN101439733B;CN115871700A;CN116424368B;CN116534055B;CN117133096A;CN117290997A;CN119441810A;CN121929149A;CN122101237A;LU102027B1,CN121929149A,CLAIM,"1. A vehicle anthropogenic lane-changing control method of fusion prediction track, wherein it comprises : constructing a vehicle lane-changing expert track set based on the historical vehicle track data, and generating a vehicle lane-changing candidate track set by perturbation expert track end state and polynomial interpolation; extracting the track characteristics of the vehicle lane changing expert track set and the vehicle lane changing candidate track set, and combining the future track information of the environment vehicle to construct the track characteristic vector; the expert track set is used as the real sample, the candidate track set is used as the decision space, the track characteristic vector is used as the characteristic input, the anthropotropic track-changing r",FOUND,,,,
7,7_vehicle_lane_driving_lane changing,PARTIAL,ACTUATION_MECHANICS,SECONDARY,CN101439733B;CN115871700A;CN116424368B;CN116534055B;CN117133096A;CN117290997A;CN119441810A;CN121929149A;CN122101237A;LU102027B1,CN115871700A,CLAIM,"1. A method for monitoring the uncertainty of the class behavior adjustment of the trajectory planning, comprising : searching the map information and agent information of the current driving state of the main motor vehicle operated automatically; dividing the uncertainty condition affecting the track of the main motor vehicle into expected uncertainty and accidental uncertainty; calculating the expected uncertainty in the first operation branch by forming the attention area according to the identification part of the lane, the identification part of the lane may potentially conflict with the planned route of the main motor vehicle; determining the accident uncertainty in the second operation branch by calculating the abnormal score of any other vehicle in the surrounding area of the",FOUND,,,,
7,7_vehicle_lane_driving_lane changing,PARTIAL,SAFETY_MONITORING,CONTEXT_ONLY,CN101439733B;CN115871700A;CN116424368B;CN116534055B;CN117133096A;CN117290997A;CN119441810A;CN121929149A;CN122101237A;LU102027B1,CN116534055B,CLAIM,"1. An anthropomorphic trajectory optimization method based on driver individuation, wherein it comprises the following steps : S1, according to the vehicle state of the starting point of the vehicle lane-changing behaviour decision, constructing the constraint of the lane-changing track, through traversing the vehicle state of the end point of all possible lane-changing behaviour decision, generating the candidate lane-changing track; S2, constructing a maximum entropy inverse reinforcement learning model, the reward function of the maximum entropy inverse reinforcement learning model is composed of a group of basic functions, the basic function is safe from driving, the individual driving style is designed in two aspects to ensure the safety of the vehicle lane change and the i",FOUND,,,,
7,7_vehicle_lane_driving_lane changing,PARTIAL,EMERGENCY_FAILSAFE,CONTEXT_ONLY,CN101439733B;CN115871700A;CN116424368B;CN116534055B;CN117133096A;CN117290997A;CN119441810A;CN121929149A;CN122101237A;LU102027B1,,,,NO_DIRECT_EVIDENCE,,,,
7,7_vehicle_lane_driving_lane changing,PARTIAL,HRI_INTERFACE,CONTEXT_ONLY,CN101439733B;CN115871700A;CN116424368B;CN116534055B;CN117133096A;CN117290997A;CN119441810A;CN121929149A;CN122101237A;LU102027B1,LU102027B1,ABSTRACT,"The present disclosure provides an intelligent obstacle avoidance method and system of a human-robot safe interaction oriented robotic arm. The robot monitors an identification marker on the obstacle in real time through an identification marker visual positioning method to obtain the position of the obstacle; and the motion state of the obstacle is calculated through a position detection result and a position change of the obstacle, and a corresponding obstacle avoidance strategy is adopted according to the motion state of the obstacle. The present disclosure allows the robotic arm to make different obstacle avoidance strategies for obstacles in different motion states or human-body. Compared with the existing obstacle avoidance methods, the present disclosure gets rid of the limitatio",FOUND,,,,
12,12_bearing_shaft_motor_output,PARTIAL,PERCEPTION,SECONDARY,CN110666836A;CN111086022A;CN112888534B;CN112888535B;CN118636189A;CN121157000A;CN121649957A;CN210061197U;CN224183069U;JP2010069565A,CN110666836A,CLAIM,"1. The bidirectional output-for humanoid robot integrated joint, wherein the arm part comprises frameless torque motor (100), electromagnetic safe brake (200), the absolute value of the position sensor (300); the harmonic speed reducer (400), an output part (500), a bearing and a bearing frame (600), shell (700), frameless torque motor (100) comprises a motor stator (110), a motor rotor (120), a high speed motor shaft (130); wherein the motor stator (120) is installed on the inner wall of the shell (700), a motor rotor (120) is installed on the high speed motor shaft (130); the electromagnetic safe brake (200) comprises a stator body (210); the locating disc (220), sensing the brake disc (230), the outer cover (240), a shaft supporting the auxiliary structure (250), an el",FOUND,,,,
12,12_bearing_shaft_motor_output,PARTIAL,MOTION_CONTROL,SECONDARY,CN110666836A;CN111086022A;CN112888534B;CN112888535B;CN118636189A;CN121157000A;CN121649957A;CN210061197U;CN224183069U;JP2010069565A,CN110666836A,ABSTRACT,"The invention provides a two-way output arm integrated joint for a humanoid robot. The two-way output arm integrated joint is composed of a frameless torque motor, an electromagnetic safety brake, anabsolute value position sensor, a harmonic reducer, an output portion, bearings, bearing frames and a shell body. The frameless torque motor, the electromagnetic safety brake and the absolute value position sensor are mounted on a high-speed motor shaft. The harmonic reducer is connected with the high-speed motor shaft and a low-speed output shaft. The output portion is mounted on the low-speed output shaft. The bearings and the bearing frames are fixed into the shell body. A reduction gear, a sensing detection device and a braking device are integrated, and a special servo driver is a",FOUND,,,,
12,12_bearing_shaft_motor_output,PARTIAL,ACTUATION_MECHANICS,PRIMARY,CN110666836A;CN111086022A;CN112888534B;CN112888535B;CN118636189A;CN121157000A;CN121649957A;CN210061197U;CN224183069U;JP2010069565A,CN110666836A,CLAIM,"1. The bidirectional output-for humanoid robot integrated joint, wherein the arm part comprises frameless torque motor (100), electromagnetic safe brake (200), the absolute value of the position sensor (300); the harmonic speed reducer (400), an output part (500), a bearing and a bearing frame (600), shell (700), frameless torque motor (100) comprises a motor stator (110), a motor rotor (120), a high speed motor shaft (130); wherein the motor stator (120) is installed on the inner wall of the shell (700), a motor rotor (120) is installed on the high speed motor shaft (130); the electromagnetic safe brake (200) comprises a stator body (210); the locating disc (220), sensing the brake disc (230), the outer cover (240), a shaft supporting the auxiliary structure (250), an el",FOUND,,,,
12,12_bearing_shaft_motor_output,PARTIAL,SAFETY_MONITORING,CONTEXT_ONLY,CN110666836A;CN111086022A;CN112888534B;CN112888535B;CN118636189A;CN121157000A;CN121649957A;CN210061197U;CN224183069U;JP2010069565A,CN210061197U,CLAIM,"[CLAIM 1] 1. A passive safety impedance mechanism with feedback and damping, wherein the elastic device comprises bearing, comprising an outer ring and an inner ring, which is connected with the outer ring and the inner ring, for providing a damping force, a detecting device for detecting the outer ring and the inner ring relative to the rotation amount.",FOUND,,,,
12,12_bearing_shaft_motor_output,PARTIAL,EMERGENCY_FAILSAFE,SECONDARY,CN110666836A;CN111086022A;CN112888534B;CN112888535B;CN118636189A;CN121157000A;CN121649957A;CN210061197U;CN224183069U;JP2010069565A,,,,INSUFFICIENT,,,,
12,12_bearing_shaft_motor_output,PARTIAL,SYSTEM_INTEGRATION,CONTEXT_ONLY,CN110666836A;CN111086022A;CN112888534B;CN112888535B;CN118636189A;CN121157000A;CN121649957A;CN210061197U;CN224183069U;JP2010069565A,,,,NO_DIRECT_EVIDENCE,,,,
15,15_point_point cloud_cloud_map,PARTIAL,PERCEPTION,PRIMARY,CN110954100A;CN113865556B;CN114663754B;CN116147642B;CN120125755B;CN121541648B;CN121682451B;EP4114622A1;JP2009042145A;US20210276185A1,CN121541648B,CLAIM,"1. A foot-type robot target following method, wherein it comprises : performing boundary frame representation to the following target in the previous video frame collected by the foot-type robot to obtain the real-time boundary frame of the following target; matching the central point coordinate of the real-time detecting frame of the current video frame and the central point coordinate of the real-time boundary frame to obtain the following point coordinate corresponding to the current video frame; performing coordinate transformation on the following point coordinate to convert the following point coordinate to the radar coordinate system to obtain the point cloud central coordinate of the following point coordinate corresponding to the radar coordinate system; obtaining the passabl",FOUND,,,,
15,15_point_point cloud_cloud_map,PARTIAL,STATE_ESTIMATION,PRIMARY,CN110954100A;CN113865556B;CN114663754B;CN116147642B;CN120125755B;CN121541648B;CN121682451B;EP4114622A1;JP2009042145A;US20210276185A1,CN120125755B,CLAIM,"1. A building model reconstruction method based on four-foot robot and machine vision, wherein Specifically, the method includes : Step 1 (S1) : obtaining the three-dimensional point cloud data of the reconstruction area and the IMU pose data of the four-legged robot, using synchronous positioning and map construction algorithm, performing environment sensing and mapping on the reconstruction area, obtaining a global map; step S2 : based on the global map, combining the three-dimensional light tracing algorithm and A* path searching algorithm, determining the target scanning point and the corresponding scanning path, and generating the global path plan; step S3 : planning the four-foot robot to start to walk according to the generated global path, in the walking process of t",FOUND,,,,
15,15_point_point cloud_cloud_map,PARTIAL,PLANNING_DECISION,CONTEXT_ONLY,CN110954100A;CN113865556B;CN114663754B;CN116147642B;CN120125755B;CN121541648B;CN121682451B;EP4114622A1;JP2009042145A;US20210276185A1,CN120125755B,CLAIM,"1. A building model reconstruction method based on four-foot robot and machine vision, wherein Specifically, the method includes : Step 1 (S1) : obtaining the three-dimensional point cloud data of the reconstruction area and the IMU pose data of the four-legged robot, using synchronous positioning and map construction algorithm, performing environment sensing and mapping on the reconstruction area, obtaining a global map; step S2 : based on the global map, combining the three-dimensional light tracing algorithm and A* path searching algorithm, determining the target scanning point and the corresponding scanning path, and generating the global path plan; step S3 : planning the four-foot robot to start to walk according to the generated global path, in the walking process of t",FOUND,,,,
15,15_point_point cloud_cloud_map,PARTIAL,EMERGENCY_FAILSAFE,CONTEXT_ONLY,CN110954100A;CN113865556B;CN114663754B;CN116147642B;CN120125755B;CN121541648B;CN121682451B;EP4114622A1;JP2009042145A;US20210276185A1,,,,NO_DIRECT_EVIDENCE,,,,
15,15_point_point cloud_cloud_map,PARTIAL,SYSTEM_INTEGRATION,SECONDARY,CN110954100A;CN113865556B;CN114663754B;CN116147642B;CN120125755B;CN121541648B;CN121682451B;EP4114622A1;JP2009042145A;US20210276185A1,CN110954100A,CLAIM,"1. A biped robot main-based state estimation method of laser and inertial fusion, wherein the method comprises the following steps : collecting IMU data and laser data of biped robot main body; to the IMU data and the laser data to time-stamp synchronization with the pre-processing in the time-stamp synchronization after the pre-treatment, performing integration of the IMU data to obtain the integral data, at the same time, the laser data for inter-point line matching, obtaining the incremental movement change; the integration data as the state prediction input to recursive Bayesian filter, and the obtained increment motion change as the state correction and update input to the recursive Bayesian filter, the recursive Bayesian filter by comparing data input by the state predictio",FOUND,,,,
22,22_force_external force_human robot_robot,PARTIAL,PERCEPTION,SECONDARY,CN105690383A;CN107765686A;CN108297056A;CN108297056B;CN108789408A;DE102016001643B4;KR1020090056699A;KR1020260100240A;US12552034B2;WO2025005980A1,CN108297056B,CLAIM,"[CLAIM 1] 1. A human coordination robot system, which makes the robot and human shared work space and to coordinate work, wherein the human coordination robot system comprising : a first force detecting part, which detects the external force acting on the robot, and a second force detecting part, operation force which only detects the person manually operating said robot when acting on the robot, and a security ensuring the motion commanding, by the first force detecting unit detects the external force with a predetermined threshold value, when the external force greater than the predetermined threshold value. the security to make the robot to for reducing the external force direction moves or causes the robot to stop to ensure the action instruction, when the person manually ope",FOUND,,,,
22,22_force_external force_human robot_robot,PARTIAL,PLANNING_DECISION,CONTEXT_ONLY,CN105690383A;CN107765686A;CN108297056A;CN108297056B;CN108789408A;DE102016001643B4;KR1020090056699A;KR1020260100240A;US12552034B2;WO2025005980A1,WO2025005980A1,ABSTRACT,"Techniques are disclosed for task error correction for robots, such as collaborative robots (cobots). A controller of a robot may include an error detector to detect an error in a performance of a human-robot collaborative task, and an error corrector to correct the detected error. The error corrector may include a correction planner and a facilitator. The correction planner may determine an error correction plan based on the detected error. The error correction plan may include corrective subtasks to control the cobot to correct the detected error. The facilitator may determine a facilitation plan based on the determined error correction plan. The facilitation plan including an assistance subtask configured to control the cobot to assist a human operator in correcting the detected error",FOUND,,,,
22,22_force_external force_human robot_robot,PARTIAL,ACTUATION_MECHANICS,SECONDARY,CN105690383A;CN107765686A;CN108297056A;CN108297056B;CN108789408A;DE102016001643B4;KR1020090056699A;KR1020260100240A;US12552034B2;WO2025005980A1,CN108789408A,CLAIM,"[CLAIM 1] 1. A cooperative robot based on driving control integrated control system of torque sensor, wherein it comprises a central control unit and are respectively connected with the driving module, a sensing module, a communication module, a power supply module and an external equipment module; wherein the driving module is connected with the electric motor and transmitting the current information sensing module is connected with the central control unit and transmitting the analogue quantity information, communication module connected with the server and central control unit and transmitting the control instruction information, a power supply module and driving module. sensing module, and transmitting the voltage information, a central control unit connected with the drive mo",FOUND,,,,
22,22_force_external force_human robot_robot,PARTIAL,SAFETY_MONITORING,SECONDARY,CN105690383A;CN107765686A;CN108297056A;CN108297056B;CN108789408A;DE102016001643B4;KR1020090056699A;KR1020260100240A;US12552034B2;WO2025005980A1,CN108297056A,CLAIM,"[CLAIM 1] A human coordination robot system, the robot and the human shared work space and to coordinate work, wherein the human coordination robot system comprising : a first force detecting part for detecting the acting on the robot external force, a second force detecting. it only detects the person manually operating said robot acting to the robot operation force and ensures the safety action instruction by the first force detecting section detects that an external force with a predetermined threshold value, when the external force is large than the predetermined threshold value. to make the robot move to the direction of reducing the external force or to make the robot stop ensures the safety action instruction, when the person manually operating said robot in a stop state, and",FOUND,,,,
22,22_force_external force_human robot_robot,PARTIAL,EMERGENCY_FAILSAFE,SECONDARY,CN105690383A;CN107765686A;CN108297056A;CN108297056B;CN108789408A;DE102016001643B4;KR1020090056699A;KR1020260100240A;US12552034B2;WO2025005980A1,KR1020260100240A,ABSTRACT,"When an unscheduled human physical intervention (contact, grabbing, blocking, or occupying a path) occurs to a robot autonomously working in a shared space, a human-robot task coordination system and method are disclosed that interprets this as a semantic signal rather than a uniform emergency stop target. The present invention detects unscheduled physical interventions, identifies intervention subjects, assigns authority grades, and assigns the lowest base grade to unidentified subjects. Based on the intervention force profile, contact location, duration, direction of action, path occupancy, and work context, the invention classifies interventions into intent categories such as accidental contact, trajectory correction, partial concession, demand for substitute performance",FOUND,,,,
22,22_force_external force_human robot_robot,PARTIAL,HRI_INTERFACE,PRIMARY,CN105690383A;CN107765686A;CN108297056A;CN108297056B;CN108789408A;DE102016001643B4;KR1020090056699A;KR1020260100240A;US12552034B2;WO2025005980A1,CN105690383A,CLAIM,"[CLAIM 1] A human-robot interactive system, robot and human shared work space to coordinate work, wherein it comprises a force sensor that measures force applied to the robot from the outside output measurements, force detection value calculating part; the force detection value is calculated by subtracting a corrected value from the measurement value, and a correction value updating unit, wherein the force detection value updated when predetermined condition is satisfied is the correction value, and the predetermined condition is that the robot is stopped or operates at a constant speed and the predetermined unit time of the force detecting change amplitude value below the threshold value for the fluctuation range.",FOUND,,,,
22,22_force_external force_human robot_robot,PARTIAL,SYSTEM_INTEGRATION,SECONDARY,CN105690383A;CN107765686A;CN108297056A;CN108297056B;CN108789408A;DE102016001643B4;KR1020090056699A;KR1020260100240A;US12552034B2;WO2025005980A1,,,,INSUFFICIENT,,,,
25,25_industrial robot_industrial_tool_work,PARTIAL,STATE_ESTIMATION,CONTEXT_ONLY,CN105555490A;CN105555490B;DE102012006180A1;DE102017124713B3;DE202013104264U1;IN202517091964A;JP2008022023A;US20190105779A1;WO2018219744A1,US20190105779A1,ABSTRACT,"Robotic systems for simultaneous human-performed and robotic operations within a collaborative workspace are described. In some embodiments, the collaborative workspace is defined by a reconfigurable workbench, to which robotic members are optionally added and/or removed according to task need. Tasks themselves are optionally defined within a production system, potentially reducing computational complexity of predicting and/or interpreting human operator actions, while retaining flexibility in how the assembly process itself is carried out. In some embodiments, robotic systems comprise a motion tracking system for motions of individual body members of the human operator. Optionally, the robotic system plans and/or adjusts robotic motions based on motions which have been previously ob",FOUND,,,,
25,25_industrial robot_industrial_tool_work,PARTIAL,EMERGENCY_FAILSAFE,CONTEXT_ONLY,CN105555490A;CN105555490B;DE102012006180A1;DE102017124713B3;DE202013104264U1;IN202517091964A;JP2008022023A;US20190105779A1;WO2018219744A1,,,,NO_DIRECT_EVIDENCE,,,,
25,25_industrial robot_industrial_tool_work,PARTIAL,HRI_INTERFACE,SECONDARY,CN105555490A;CN105555490B;DE102012006180A1;DE102017124713B3;DE202013104264U1;IN202517091964A;JP2008022023A;US20190105779A1;WO2018219744A1,CN105555490B,CLAIM,"[CLAIM 1] 1. A work station having a programmable industrial robot (4), wherein said work station (1) of the industrial robot (4) has a manual station near the worker (5), wherein said work station (1) is designed for human collaboration, MRK, wherein the industrial robot (4) and the working space of the worker (5) crossing the working space, and can have physical contact between the said industrial robot (4) and said worker (5). wherein said work station (1) is divided into a plurality of different areas (17, 18, 19, 20), the regions with different degree, from dangerous degree of the industrial robot (4), and wherein the industrial robot (4) is designed to be suitable to the MRK, wherein said work station (1) on different areas (17, 18, 19, 20) are provided with different",FOUND,,,,
25,25_industrial robot_industrial_tool_work,PARTIAL,SYSTEM_INTEGRATION,CONTEXT_ONLY,CN105555490A;CN105555490B;DE102012006180A1;DE102017124713B3;DE202013104264U1;IN202517091964A;JP2008022023A;US20190105779A1;WO2018219744A1,,,,NO_DIRECT_EVIDENCE,,,,
27,27_path_navigation_obstacle_point,DIRECT,PERCEPTION,PRIMARY,CN117841002A;CN120447563B;CN120886273A;CN120886273B;CN120928375B;CN120991885A;CN121677735B;KR1020160032608A,CN120928375B,CLAIM,"1. A humanoid robot navigation method based on visual semantic segmentation and radar obstacle detection, wherein the specific steps comprise : Step 1 : the environment sensing data collection uses the visual sensor to synchronously obtain the RGB image and depth image of the current environment of the humanoid robot, and uses the laser radar to collect the point cloud data; Step 2 : Data pre-processing and feature extraction 1) visual data pre-processing and feature extraction to the RGB image distortion correction and de-noising; performing cavity filling and scale conversion on the depth map, converting the pixel distance into the actual physical distance; extracting the nearest barrier point of each line in the depth map, keeping the height characteristic of the barrier; 2)",FOUND,,,,
27,27_path_navigation_obstacle_point,DIRECT,STATE_ESTIMATION,SECONDARY,CN117841002A;CN120447563B;CN120886273A;CN120886273B;CN120928375B;CN120991885A;CN121677735B;KR1020160032608A,CN120886273B,CLAIM,"1. A humanoid robot fusion system with autonomous navigation, wherein it comprises a human-computer interaction module, a data collecting module, a data fusion processing module, a navigation module and a motion control module, the human-computer interaction module is used for receiving the user instruction, the data collecting module is used for collecting the environment data near the human-shaped robot according to the user instruction, the data fusion processing module is used for performing fusion and processing on the collected data of the data collecting module, the navigation module is used for obtaining the risk index of each obstacle in the environment and generating the moving path of the humanoid robot according to the risk index and the user instruction, the motion co",FOUND,,,,
27,27_path_navigation_obstacle_point,DIRECT,PLANNING_DECISION,PRIMARY,CN117841002A;CN120447563B;CN120886273A;CN120886273B;CN120928375B;CN120991885A;CN121677735B;KR1020160032608A,CN117841002A,CLAIM,"1. A humanoid robot real-time grabbing path planning method based on multimodal model, wherein it comprises the following steps : S1, using a multi-modal deep learning model to perform zero sample instance division on the environment scene, the input parameter of the model has original point cloud, BEV and post-processed point cloud and two-dimensional picture, and semantic characteristic from the word embedding model; four modal characteristics are interacted and combined with the example centre of the two-dimensional division result to generate the final three-dimensional example division; S2, calculating the coordinate and rotation pose of the object by the example after the three-dimensional example is divided, inputting the semantic and the example of the object to generate",FOUND,,,,
27,27_path_navigation_obstacle_point,DIRECT,MOTION_CONTROL,CONTEXT_ONLY,CN117841002A;CN120447563B;CN120886273A;CN120886273B;CN120928375B;CN120991885A;CN121677735B;KR1020160032608A,CN120886273B,CLAIM,"1. A humanoid robot fusion system with autonomous navigation, wherein it comprises a human-computer interaction module, a data collecting module, a data fusion processing module, a navigation module and a motion control module, the human-computer interaction module is used for receiving the user instruction, the data collecting module is used for collecting the environment data near the human-shaped robot according to the user instruction, the data fusion processing module is used for performing fusion and processing on the collected data of the data collecting module, the navigation module is used for obtaining the risk index of each obstacle in the environment and generating the moving path of the humanoid robot according to the risk index and the user instruction, the motion co",FOUND,,,,
27,27_path_navigation_obstacle_point,DIRECT,ACTUATION_MECHANICS,CONTEXT_ONLY,CN117841002A;CN120447563B;CN120886273A;CN120886273B;CN120928375B;CN120991885A;CN121677735B;KR1020160032608A,CN120447563B,CLAIM,"1. A planning method of autonomous navigation path of humanoid robot in complex environment, wherein it comprises : obtaining the current position of the robot as the initial position, receiving the path requirement request of the navigation task of the humanoid robot, and determining the target position according to the path requirement request; constructing a robot feasible motion space based on the body size constraint, joint motion constraint and dynamic balance constraint of the human-shaped robot, generating a constraint preposed map, comprising : analyzing the body width, height and gravity centre position parameter of the human-shaped robot, determining the body size boundary; determining the joint motion boundary based on the joint angle range and motion speed limit of",FOUND,,,,
27,27_path_navigation_obstacle_point,DIRECT,SAFETY_MONITORING,CONTEXT_ONLY,CN117841002A;CN120447563B;CN120886273A;CN120886273B;CN120928375B;CN120991885A;CN121677735B;KR1020160032608A,CN120991885A,CLAIM,"1. A three-dimensional complex environment navigation method of humanoid robot, wherein it comprises : S1, obtaining a random path node; S2, constructing a collision detection model according to the gait period of the robot; using the collision detection model to detect whether the random path node passes the collision detection; if not, deleting the random path node and returning to the S1; if so, adding the random path node to the random tree; for each node added to the random tree, performing the collision detection at the node, if the collision detection is passed, taking the node as the candidate node, otherwise, returning to the S1; detecting the plane size of each candidate node, if the detection is passed, adding the candidate node to the global path point sequen",FOUND,,,,
27,27_path_navigation_obstacle_point,DIRECT,EMERGENCY_FAILSAFE,CONTEXT_ONLY,CN117841002A;CN120447563B;CN120886273A;CN120886273B;CN120928375B;CN120991885A;CN121677735B;KR1020160032608A,,,,NO_DIRECT_EVIDENCE,,,,
27,27_path_navigation_obstacle_point,DIRECT,SYSTEM_INTEGRATION,SECONDARY,CN117841002A;CN120447563B;CN120886273A;CN120886273B;CN120928375B;CN120991885A;CN121677735B;KR1020160032608A,,,,INSUFFICIENT,,,,
28,28_tobacco_robotic_operation_shelf,PARTIAL,PERCEPTION,PRIMARY,CN118544362B;CN120717223A;CN120717223B;CN121403406A;CN121973246A;CN202794402U;EP4025394A1;IN202311074144A;IN202511040243A;US10668623B2,CN118544362B,CLAIM,"1. A human-guided visual-force fusion mechanical arm impedance iterative learning control method, wherein the method comprises the following steps : S100 : obtaining the coordinate conversion relation between the camera carried on the actuator at the tail end of the mechanical arm and the tail end of the mechanical arm by hand-eye calibration, solving the coordinate relation between the six-dimensional force sensor and the tail end of the mechanical arm by geometric relation; S200 : according to the coordinate conversion relation between the camera and the mechanical arm end, deducing the visual servo acceleration model, combining the human-mechanical arm interactive dynamic equation and the coordinate conversion relation between the mechanical arm end and the six-dimensional force",FOUND,,,,
28,28_tobacco_robotic_operation_shelf,PARTIAL,STATE_ESTIMATION,SECONDARY,CN118544362B;CN120717223A;CN120717223B;CN121403406A;CN121973246A;CN202794402U;EP4025394A1;IN202311074144A;IN202511040243A;US10668623B2,CN118544362B,CLAIM,"1. A human-guided visual-force fusion mechanical arm impedance iterative learning control method, wherein the method comprises the following steps : S100 : obtaining the coordinate conversion relation between the camera carried on the actuator at the tail end of the mechanical arm and the tail end of the mechanical arm by hand-eye calibration, solving the coordinate relation between the six-dimensional force sensor and the tail end of the mechanical arm by geometric relation; S200 : according to the coordinate conversion relation between the camera and the mechanical arm end, deducing the visual servo acceleration model, combining the human-mechanical arm interactive dynamic equation and the coordinate conversion relation between the mechanical arm end and the six-dimensional force",FOUND,,,,
28,28_tobacco_robotic_operation_shelf,PARTIAL,PLANNING_DECISION,CONTEXT_ONLY,CN118544362B;CN120717223A;CN120717223B;CN121403406A;CN121973246A;CN202794402U;EP4025394A1;IN202311074144A;IN202511040243A;US10668623B2,IN202511040243A,ABSTRACT,"The present invention discloses an AI-driven adaptive control mechanism designed to facilitate seamless collaboration between human workers and robots in Industry 5.0 manufacturing environments. By integrating advanced artificial intelligence techniques such as deep learning, reinforcement learning, and real-time sensor fusion, the system enables dynamic interaction, where robotic operations are continually adjusted based on human behavior, emotional states, and environmental factors. This allows for a safer, more efficient, and context-aware manufacturing process that goes beyond traditional automation. The invention includes a multi-layered architecture comprising a central AI engine, human physiological monitoring modules, collaborative robots with adaptive control capabilitie",FOUND,,,,
28,28_tobacco_robotic_operation_shelf,PARTIAL,MOTION_CONTROL,CONTEXT_ONLY,CN118544362B;CN120717223A;CN120717223B;CN121403406A;CN121973246A;CN202794402U;EP4025394A1;IN202311074144A;IN202511040243A;US10668623B2,CN118544362B,CLAIM,"1. A human-guided visual-force fusion mechanical arm impedance iterative learning control method, wherein the method comprises the following steps : S100 : obtaining the coordinate conversion relation between the camera carried on the actuator at the tail end of the mechanical arm and the tail end of the mechanical arm by hand-eye calibration, solving the coordinate relation between the six-dimensional force sensor and the tail end of the mechanical arm by geometric relation; S200 : according to the coordinate conversion relation between the camera and the mechanical arm end, deducing the visual servo acceleration model, combining the human-mechanical arm interactive dynamic equation and the coordinate conversion relation between the mechanical arm end and the six-dimensional force",FOUND,,,,
28,28_tobacco_robotic_operation_shelf,PARTIAL,ACTUATION_MECHANICS,SECONDARY,CN118544362B;CN120717223A;CN120717223B;CN121403406A;CN121973246A;CN202794402U;EP4025394A1;IN202311074144A;IN202511040243A;US10668623B2,CN118544362B,CLAIM,"1. A human-guided visual-force fusion mechanical arm impedance iterative learning control method, wherein the method comprises the following steps : S100 : obtaining the coordinate conversion relation between the camera carried on the actuator at the tail end of the mechanical arm and the tail end of the mechanical arm by hand-eye calibration, solving the coordinate relation between the six-dimensional force sensor and the tail end of the mechanical arm by geometric relation; S200 : according to the coordinate conversion relation between the camera and the mechanical arm end, deducing the visual servo acceleration model, combining the human-mechanical arm interactive dynamic equation and the coordinate conversion relation between the mechanical arm end and the six-dimensional force",FOUND,,,,
28,28_tobacco_robotic_operation_shelf,PARTIAL,SAFETY_MONITORING,CONTEXT_ONLY,CN118544362B;CN120717223A;CN120717223B;CN121403406A;CN121973246A;CN202794402U;EP4025394A1;IN202311074144A;IN202511040243A;US10668623B2,CN120717223B,ABSTRACT,"The invention discloses a method and a system for transferring and feeding raw tobacco of formula threshing. The method comprises the steps of system initialization, raw tobacco formula information acquisition, raw tobacco transferring scheme formulation, material taking and transferring, material feeding, tobacco material summary, tobacco frame recovery and state monitoring The invention realizes the intelligent operation of transferring the raw tobacco from the formula library to the handle preparation area, and solves the problems of the traditional production scheduling mode such as large cigarette frame transfer volume, chaotic field operations, potential safety hazards in personnel and vehicles, chaotic formula data information, and large manual demand for handle placement",FOUND,,,,
28,28_tobacco_robotic_operation_shelf,PARTIAL,EMERGENCY_FAILSAFE,CONTEXT_ONLY,CN118544362B;CN120717223A;CN120717223B;CN121403406A;CN121973246A;CN202794402U;EP4025394A1;IN202311074144A;IN202511040243A;US10668623B2,,,,NO_DIRECT_EVIDENCE,,,,
28,28_tobacco_robotic_operation_shelf,PARTIAL,HRI_INTERFACE,SECONDARY,CN118544362B;CN120717223A;CN120717223B;CN121403406A;CN121973246A;CN202794402U;EP4025394A1;IN202311074144A;IN202511040243A;US10668623B2,CN202794402U,CLAIM,"1. A touch screen painting screen function testing apparatus, characterized in, includes an operator station (1), fixed on the stage of the detection frame (2), provided in the detection frame (2) of the detecting means, provided in the worktop (1) movement of the assembly, provided in the mobile assembly provided in the worktop and fixed on the touch screen assembly (1) of the powered device (3).",FOUND,,,,
28,28_tobacco_robotic_operation_shelf,PARTIAL,SYSTEM_INTEGRATION,SECONDARY,CN118544362B;CN120717223A;CN120717223B;CN121403406A;CN121973246A;CN202794402U;EP4025394A1;IN202311074144A;IN202511040243A;US10668623B2,,,,INSUFFICIENT,,,,
29,29_module_intelligent_service_display,DIRECT,PERCEPTION,PRIMARY,CN103759734A;CN104375417B;CN106891338A;CN112578716B;CN113858158A;CN122260507A;CN215252430U;KR200435980Y1;TW201634200A,CN112578716B,CLAIM,"1. A humanoid robot control system for shoes and clothes display, comprising a power supply module, a chassis control module, a network control module, a model motion control module and a visual voice module, further comprising a PC end software system; the power supply module comprises a power supply and a power supply electric quantity display device; the chassis control module comprises an industrial computer, a chassis control plate, a laser radar, a lamp belt controller, a coulometer, an anti-collision switch, an emergency stop switch, an ultrasonic wave, an IR receiver, a motor driver and a motor; the network control module comprises a switch and a router; the visual voice module comprises a camera, a core plate, a microphone bottom plate, a microphone array, a",FOUND,,,,
29,29_module_intelligent_service_display,DIRECT,PLANNING_DECISION,SECONDARY,CN103759734A;CN104375417B;CN106891338A;CN112578716B;CN113858158A;CN122260507A;CN215252430U;KR200435980Y1;TW201634200A,CN122260507A,CLAIM,"1. An intelligent security inspection system based on edge computing and humanoid robot, wherein it comprises a hardware layer, a sensing layer, a decision layer and an interaction layer; the hardware layer comprises a human-shaped robot main body, an X-ray security inspection machine, a metal detection door and a server; wherein the humanoid robot is used as the edge computing node to process the real-time task; the server is used as the non-real-time data centre of the system and is connected with the edge computing node through the TCP/IP protocol for storing the history security check log, the long-period data analysis and the cluster management of multiple humanoid robots; the sensing layer is used for completely digitizing the environment, personnel and articles; the deci",FOUND,,,,
29,29_module_intelligent_service_display,DIRECT,MOTION_CONTROL,CONTEXT_ONLY,CN103759734A;CN104375417B;CN106891338A;CN112578716B;CN113858158A;CN122260507A;CN215252430U;KR200435980Y1;TW201634200A,CN112578716B,CLAIM,"1. A humanoid robot control system for shoes and clothes display, comprising a power supply module, a chassis control module, a network control module, a model motion control module and a visual voice module, further comprising a PC end software system; the power supply module comprises a power supply and a power supply electric quantity display device; the chassis control module comprises an industrial computer, a chassis control plate, a laser radar, a lamp belt controller, a coulometer, an anti-collision switch, an emergency stop switch, an ultrasonic wave, an IR receiver, a motor driver and a motor; the network control module comprises a switch and a router; the visual voice module comprises a camera, a core plate, a microphone bottom plate, a microphone array, a",FOUND,,,,
29,29_module_intelligent_service_display,DIRECT,ACTUATION_MECHANICS,PRIMARY,CN103759734A;CN104375417B;CN106891338A;CN112578716B;CN113858158A;CN122260507A;CN215252430U;KR200435980Y1;TW201634200A,CN112578716B,CLAIM,"1. A humanoid robot control system for shoes and clothes display, comprising a power supply module, a chassis control module, a network control module, a model motion control module and a visual voice module, further comprising a PC end software system; the power supply module comprises a power supply and a power supply electric quantity display device; the chassis control module comprises an industrial computer, a chassis control plate, a laser radar, a lamp belt controller, a coulometer, an anti-collision switch, an emergency stop switch, an ultrasonic wave, an IR receiver, a motor driver and a motor; the network control module comprises a switch and a router; the visual voice module comprises a camera, a core plate, a microphone bottom plate, a microphone array, a",FOUND,,,,
29,29_module_intelligent_service_display,DIRECT,SAFETY_MONITORING,CONTEXT_ONLY,CN103759734A;CN104375417B;CN106891338A;CN112578716B;CN113858158A;CN122260507A;CN215252430U;KR200435980Y1;TW201634200A,TW201634200A,CLAIM,"A solar-powered intelligent voice industrial safety roadblock robot, which includes : a humanoid body; a control module, which is arranged on the humanoid body; two swing arms, which are movably arranged on the humanoid body, and the two pendulums A warning flag is arranged at the end of the arm; a power transmission mechanism is arranged on the humanoid body, which can be driven by the control module to drive the two swing arms to swing back and forth; a construction display module is arranged on At a position where the humanoid body can be viewed, it can be controlled by the control module to display construction warning information; and a power supply module for supplying power to the control module, the power transmission mechanism, and the construction The display module",FOUND,,,,
29,29_module_intelligent_service_display,DIRECT,EMERGENCY_FAILSAFE,SECONDARY,CN103759734A;CN104375417B;CN106891338A;CN112578716B;CN113858158A;CN122260507A;CN215252430U;KR200435980Y1;TW201634200A,CN112578716B,CLAIM,"1. A humanoid robot control system for shoes and clothes display, comprising a power supply module, a chassis control module, a network control module, a model motion control module and a visual voice module, further comprising a PC end software system; the power supply module comprises a power supply and a power supply electric quantity display device; the chassis control module comprises an industrial computer, a chassis control plate, a laser radar, a lamp belt controller, a coulometer, an anti-collision switch, an emergency stop switch, an ultrasonic wave, an IR receiver, a motor driver and a motor; the network control module comprises a switch and a router; the visual voice module comprises a camera, a core plate, a microphone bottom plate, a microphone array, a",FOUND,,,,
29,29_module_intelligent_service_display,DIRECT,HRI_INTERFACE,SECONDARY,CN103759734A;CN104375417B;CN106891338A;CN112578716B;CN113858158A;CN122260507A;CN215252430U;KR200435980Y1;TW201634200A,CN113858158A,CLAIM,"1. A network robot, using the intelligent mobile phone microcomputer as the brain and the software control of the robot, using the high-speed mobile internet to match with multiple remote intelligent network devices, a mobile walking mechanism, a function expansion component combined into a new multiple use intelligent product, composed of an intelligent mobile phone (1), a three-shaft holder stabilizer (2), a replaceable expansion cover plate (3), a network camera (4), an intelligent sound box (5), a display screen (6), a mechanical arm (7), a bearing shell (8), a walking mechanism (9), a driving motor (10), a speed reducer (11), a remote control and driving module (12), a function expansion component (13), an expansion vehicle frame (14), a mechanical telescopic transm",FOUND,,,,
29,29_module_intelligent_service_display,DIRECT,SYSTEM_INTEGRATION,SECONDARY,CN103759734A;CN104375417B;CN106891338A;CN112578716B;CN113858158A;CN122260507A;CN215252430U;KR200435980Y1;TW201634200A,,,,INSUFFICIENT,,,,
32,32_action_data_sequence_motion,PARTIAL,PERCEPTION,PRIMARY,CN106078752B;CN119610085A;CN121132640B;CN121552445B;CN121704883B;CN122008250A;CN122353572A;KR101460140B1,CN106078752B,CLAIM,"[CLAIM 1] 1. A humanoid robot based on human behaviour simulating method of Kinect, based on the collected from the Kinect RGB-D image extracted from the human framework information, constructing the motion model of human movement chain, and mapping the operation to the robot motion model in real time, the real-time action imitate the continuous image sequence, starting and ending time point of the human-action are contained in the image sequence is unknown, by mapping model and a balance control mechanism the feature is that it includes the following step : 1) establishing collecting motion data, the motion data processing and joint configuration of three modules, the action data collecting module is responsible for constructing human body action of the abstract model, the motio",FOUND,,,,
32,32_action_data_sequence_motion,PARTIAL,STATE_ESTIMATION,SECONDARY,CN106078752B;CN119610085A;CN121132640B;CN121552445B;CN121704883B;CN122008250A;CN122353572A;KR101460140B1,CN106078752B,CLAIM,"[CLAIM 1] 1. A humanoid robot based on human behaviour simulating method of Kinect, based on the collected from the Kinect RGB-D image extracted from the human framework information, constructing the motion model of human movement chain, and mapping the operation to the robot motion model in real time, the real-time action imitate the continuous image sequence, starting and ending time point of the human-action are contained in the image sequence is unknown, by mapping model and a balance control mechanism the feature is that it includes the following step : 1) establishing collecting motion data, the motion data processing and joint configuration of three modules, the action data collecting module is responsible for constructing human body action of the abstract model, the motio",FOUND,,,,
32,32_action_data_sequence_motion,PARTIAL,PLANNING_DECISION,SECONDARY,CN106078752B;CN119610085A;CN121132640B;CN121552445B;CN121704883B;CN122008250A;CN122353572A;KR101460140B1,CN106078752B,ABSTRACT,"The invention discloses a Kinect-based human behavior imitation method of a humanoid robot. The method comprises the following step : 1) extracting human skeleton information from an RGB-D image acquired by Kinect, and building a motion model of a human body; 2) building a motion model of the humanoid robot according to structural features of the limbs of the humanoid robot; 3) converting acquired human motion into motion of the motion model of the humanoid robot by means of model mapping; 4) adjusting the joint angles of the humanoid robot by a balance control technology to keep the humanoid robot stale during an imitation process; and 5) after self-collision avoidance treatment of the state of the humanoid robot, sending final joint configuration data to the humanoid robot so that",FOUND,,,,
32,32_action_data_sequence_motion,PARTIAL,MOTION_CONTROL,SECONDARY,CN106078752B;CN119610085A;CN121132640B;CN121552445B;CN121704883B;CN122008250A;CN122353572A;KR101460140B1,CN106078752B,CLAIM,"[CLAIM 1] 1. A humanoid robot based on human behaviour simulating method of Kinect, based on the collected from the Kinect RGB-D image extracted from the human framework information, constructing the motion model of human movement chain, and mapping the operation to the robot motion model in real time, the real-time action imitate the continuous image sequence, starting and ending time point of the human-action are contained in the image sequence is unknown, by mapping model and a balance control mechanism the feature is that it includes the following step : 1) establishing collecting motion data, the motion data processing and joint configuration of three modules, the action data collecting module is responsible for constructing human body action of the abstract model, the motio",FOUND,,,,
32,32_action_data_sequence_motion,PARTIAL,ACTUATION_MECHANICS,PRIMARY,CN106078752B;CN119610085A;CN121132640B;CN121552445B;CN121704883B;CN122008250A;CN122353572A;KR101460140B1,CN106078752B,CLAIM,"[CLAIM 1] 1. A humanoid robot based on human behaviour simulating method of Kinect, based on the collected from the Kinect RGB-D image extracted from the human framework information, constructing the motion model of human movement chain, and mapping the operation to the robot motion model in real time, the real-time action imitate the continuous image sequence, starting and ending time point of the human-action are contained in the image sequence is unknown, by mapping model and a balance control mechanism the feature is that it includes the following step : 1) establishing collecting motion data, the motion data processing and joint configuration of three modules, the action data collecting module is responsible for constructing human body action of the abstract model, the motio",FOUND,,,,
32,32_action_data_sequence_motion,PARTIAL,SAFETY_MONITORING,CONTEXT_ONLY,CN106078752B;CN119610085A;CN121132640B;CN121552445B;CN121704883B;CN122008250A;CN122353572A;KR101460140B1,CN121704883B,CLAIM,"1. A humanoid robot OTA automatic upgrading method, wherein it comprises : collecting the robot state information; determining a target robot set based on the robot state information; controlling the preset cloud management platform to send batch upgrading task to the target robot set, and controlling the robot to collect OTA upgrading packet through the safety channel, and performing installation upgrading by the preset silent installation method; in the process of executing silent installation, collecting the current battery electric quantity of the robot; judging whether it is lower than the pre-set upgrading maintaining threshold value according to the current battery electric quantity; if the electric quantity of the current battery is lower than the upgrading maintaining th",FOUND,,,,
32,32_action_data_sequence_motion,PARTIAL,EMERGENCY_FAILSAFE,CONTEXT_ONLY,CN106078752B;CN119610085A;CN121132640B;CN121552445B;CN121704883B;CN122008250A;CN122353572A;KR101460140B1,,,,NO_DIRECT_EVIDENCE,,,,
33,33_path_grid_map_point,PARTIAL,PERCEPTION,PRIMARY,CN105843222A;CN117590747A;CN119309582A;CN119469168B;CN120213071A;CN120742904B;CN120909299A;CN121783173A;CN122258922A,CN120742904B,CLAIM,"1. A four-foot robot obstacle avoidance control method based on path planning, wherein The method comprises the following steps : obtaining environmental point cloud data, image data and motion speed data of a four-foot robot, generating semantic point cloud data by performing terrain semantic segmentation and semantic pixel back projection on the image data, and combining the semantic point cloud data with the motion compensated environmental point cloud data to construct a semantic marking grid map; performing global path search on the semantic annotation grid map to generate a global smooth path; when the four-foot robot travels along the global smooth path, the path node on the global smooth path is extracted with a fixed step distance, and the terrain type and the grid occupi",FOUND,,,,
33,33_path_grid_map_point,PARTIAL,STATE_ESTIMATION,SECONDARY,CN105843222A;CN117590747A;CN119309582A;CN119469168B;CN120213071A;CN120742904B;CN120909299A;CN121783173A;CN122258922A,CN119309582A,CLAIM,"1. A four-foot robot navigation system under semi-dynamic environment based on hierarchical positioning strategy, wherein it comprises : a data obtaining module, a first map constructing module, a second map constructing module, a first navigation control module, a relocation module and an obstacle sensing module; the data obtaining module is used for obtaining the first original point cloud data and the first inertia measuring unit data in the target area, performing the first pre-processing to the first original point cloud data, and obtaining the first point cloud data; the first map constructing module, based on the first point cloud data and the first inertia measuring unit data, adopts graph optimization SLAM algorithm to construct the first map of the target area; the s",FOUND,,,,
33,33_path_grid_map_point,PARTIAL,PLANNING_DECISION,PRIMARY,CN105843222A;CN117590747A;CN119309582A;CN119469168B;CN120213071A;CN120742904B;CN120909299A;CN121783173A;CN122258922A,CN120742904B,CLAIM,"1. A four-foot robot obstacle avoidance control method based on path planning, wherein The method comprises the following steps : obtaining environmental point cloud data, image data and motion speed data of a four-foot robot, generating semantic point cloud data by performing terrain semantic segmentation and semantic pixel back projection on the image data, and combining the semantic point cloud data with the motion compensated environmental point cloud data to construct a semantic marking grid map; performing global path search on the semantic annotation grid map to generate a global smooth path; when the four-foot robot travels along the global smooth path, the path node on the global smooth path is extracted with a fixed step distance, and the terrain type and the grid occupi",FOUND,,,,
33,33_path_grid_map_point,PARTIAL,EMERGENCY_FAILSAFE,CONTEXT_ONLY,CN105843222A;CN117590747A;CN119309582A;CN119469168B;CN120213071A;CN120742904B;CN120909299A;CN121783173A;CN122258922A,,,,NO_DIRECT_EVIDENCE,,,,
33,33_path_grid_map_point,PARTIAL,HRI_INTERFACE,SECONDARY,CN105843222A;CN117590747A;CN119309582A;CN119469168B;CN120213071A;CN120742904B;CN120909299A;CN121783173A;CN122258922A,CN120909299A,CLAIM,"1. A four-foot robot path planning method based on large model, wherein it comprises the following steps : obtaining the motion data of the four-foot robot based on the large model, recording as the motion analysis data; screening the motion analysis data, obtaining multiple four-foot motion topographies in the motion analysis data and motion contrast data of each four-foot motion topographies based on the screening result, wherein the motion contrast data comprises normal data and accident data; analyzing the motion contrast data of each four-foot motion terrain, and obtaining the preferred stepping point area, the warning stepping point area and the dangerous stepping point area corresponding to each four-foot motion terrain based on the analysis result; obtaining the path to b",FOUND,,,,
33,33_path_grid_map_point,PARTIAL,SYSTEM_INTEGRATION,SECONDARY,CN105843222A;CN117590747A;CN119309582A;CN119469168B;CN120213071A;CN120742904B;CN120909299A;CN121783173A;CN122258922A,,,,INSUFFICIENT,,,,
37,37_foot_sole_heel_arch,PARTIAL,PERCEPTION,SECONDARY,CN113349762A;CN118928586B;CN120461477A;CN120621535B;CN120697869B;CN121608822A;CN200967506Y;CN221214319U;CN223934846U,CN200967506Y,CLAIM,"1. One having a force sensing capability of the sole of a foot mechanism imitating, comprising a forefoot, rear foot, the forefoot member and the attachment force sensing detection, transmission components of the rear foot, wherein : the forefoot is provided with four force sensation known detecting means, which are symmetrically distributed in the outermost edge of the support surface; the rear foot is provided with two force sensation known detecting means and to the ankle joint connection end of the seat, wherein both of the rear foot force sensation known detecting section is symmetrically disposed rear side edge, and is wrapped around the ankle joint is fixedly connected to the connection socket.",FOUND,,,,
37,37_foot_sole_heel_arch,PARTIAL,ACTUATION_MECHANICS,PRIMARY,CN113349762A;CN118928586B;CN120461477A;CN120621535B;CN120697869B;CN121608822A;CN200967506Y;CN221214319U;CN223934846U,CN118928586B,CLAIM,"1. A humanoid foot mechanical foot for humanoid robot, wherein It comprises foot frame, heel elastic buffering component, heel component, arch elastic buffering component, arch component and toe component; the front part and the rear part of the foot frame are respectively provided with an arch component and a heel component; at the same time, the middle part and the back end of the foot frame are respectively provided with a bearing hole and a through hole, which are respectively used for connecting the lower leg and the ankle joint driving component of the robot; there are two sets of arch components, which are respectively arranged on the left and right sides of the foot frame; the middle parts of the two sets of arch components are connected with the foot frame to form a ro",FOUND,,,,
37,37_foot_sole_heel_arch,PARTIAL,EMERGENCY_FAILSAFE,CONTEXT_ONLY,CN113349762A;CN118928586B;CN120461477A;CN120621535B;CN120697869B;CN121608822A;CN200967506Y;CN221214319U;CN223934846U,,,,NO_DIRECT_EVIDENCE,,,,
40,40_wheel_leg_wheel leg_wheel legged,PARTIAL,PERCEPTION,SECONDARY,CN101982809B;CN112975978B;CN116774713A;CN118056744A;CN119024875B;CN121756299A,CN112975978B,CLAIM,"1. A load balancing method of multi-foot robot, wherein the body of the multi-foot robot is provided with a force sensor, the state of the body is described by the motion state of a plurality of virtual joints constructed between the trunk and the world coordinate origin, the method comprises : calculating the current position and speed of the goods on the trunk according to the measured value of the force sensor; according to the current position and speed of the cargo through feedback control law to solve the multi-foot robot to make the cargo reach the desired attitude needed by the trunk when balancing; wherein the relationship between the posture of the trunk and the acceleration of the cargo is solved by using the Lagrange satisfy of the cargo on the trunk, so as to construct",FOUND,,,,
40,40_wheel_leg_wheel leg_wheel legged,PARTIAL,PLANNING_DECISION,CONTEXT_ONLY,CN101982809B;CN112975978B;CN116774713A;CN118056744A;CN119024875B;CN121756299A,CN101982809B,ABSTRACT,"The invention discloses a coupling with optimized control method of the robot, which belongs to the automation field. The stability of the robot with the definition of the function is defined as : θ itilts the axis the stability of the angle, when the Robot from the; function with the traction force of the robot To glide rate S i expressed as : In order to improve the traction it is necessary to make all S i obtain the maximum value of the in is extremely small. The invention integrates the stability and traction, the weighting of the two RMS and function as a coupling optimization criteria. Control the optimization standard function make it reach the minimum, thereby ensuring θ i and the maximization of the S i minimized, that is to maximize the stability of the robot, to minimiz",FOUND,,,,
40,40_wheel_leg_wheel leg_wheel legged,PARTIAL,MOTION_CONTROL,SECONDARY,CN101982809B;CN112975978B;CN116774713A;CN118056744A;CN119024875B;CN121756299A,CN119024875B,CLAIM,"1. A balance control method of wheel-leg type robot, wherein the wheel-leg type robot is simplified into n-order inverted pendulum model, the n-order inverted pendulum model comprises : wheels, n connecting rods and n rotating joints, the wheel and the first connecting rod in the n connecting rods are connected through the first rotating joint in the n rotating joints, the n connecting rod is connected through n-1 rotating joints except the first rotating joint in series, the first connecting rod is the equivalent connecting rod corresponding to at least two leg mechanisms of the wheel-leg robot, the wheel is the equivalent moving wheel corresponding to the moving wheel respectively connected with at least two leg mechanisms, n is a positive integer greater than or equal to 2; Th",FOUND,,,,
40,40_wheel_leg_wheel leg_wheel legged,PARTIAL,ACTUATION_MECHANICS,SECONDARY,CN101982809B;CN112975978B;CN116774713A;CN118056744A;CN119024875B;CN121756299A,CN119024875B,CLAIM,"1. A balance control method of wheel-leg type robot, wherein the wheel-leg type robot is simplified into n-order inverted pendulum model, the n-order inverted pendulum model comprises : wheels, n connecting rods and n rotating joints, the wheel and the first connecting rod in the n connecting rods are connected through the first rotating joint in the n rotating joints, the n connecting rod is connected through n-1 rotating joints except the first rotating joint in series, the first connecting rod is the equivalent connecting rod corresponding to at least two leg mechanisms of the wheel-leg robot, the wheel is the equivalent moving wheel corresponding to the moving wheel respectively connected with at least two leg mechanisms, n is a positive integer greater than or equal to 2; Th",FOUND,,,,
40,40_wheel_leg_wheel leg_wheel legged,PARTIAL,EMERGENCY_FAILSAFE,CONTEXT_ONLY,CN101982809B;CN112975978B;CN116774713A;CN118056744A;CN119024875B;CN121756299A,,,,NO_DIRECT_EVIDENCE,,,,
40,40_wheel_leg_wheel leg_wheel legged,PARTIAL,SYSTEM_INTEGRATION,CONTEXT_ONLY,CN101982809B;CN112975978B;CN116774713A;CN118056744A;CN119024875B;CN121756299A,,,,NO_DIRECT_EVIDENCE,,,,
47,47_fault_health_state_data,DIRECT,PERCEPTION,SECONDARY,CN118927306A;CN119717618B;CN120029227B;CN120533752A;CN121200084B;CN121580141B;EP1842630A1;US11511431B2,CN121580141B,CLAIM,"1. A fault prediction and health management method in human-shaped robot training field, wherein it comprises : S1 : collecting the robot main body health data, the controller log and the interactive detection data between the robots and pre-processing to obtain the main body health characteristic data and the interactive health data; S2 : based on the main body health characteristic data, the interactive health data and interactive requirement, performing health initial evaluation, obtaining multi-robot diagnosis set and health initial evaluation result; S3 : based on the multi-robot diagnosis set and the health initial evaluation result, constructing a dynamic interactive health map, and deducing the health attenuation trend through a time sequence map neural network; combi",FOUND,,,,
47,47_fault_health_state_data,DIRECT,STATE_ESTIMATION,CONTEXT_ONLY,CN118927306A;CN119717618B;CN120029227B;CN120533752A;CN121200084B;CN121580141B;EP1842630A1;US11511431B2,EP1842630A1,ABSTRACT,"The system has a gravito-inertial sensor system detecting body movements in a translation section of a humanoid robot. An evaluation unit is provided for identifying signals for body foot movement, body translation, rotation and body foot torque fusion. A control unit is provided to generate control signals on the basis of mainly estimated values, where the control signals serve for actuation and control of the robot so that assigned position and motion of the robot are realized. An independent claim is also included for a method for controlling position and motion of a humanoid robot.",FOUND,,,,
47,47_fault_health_state_data,DIRECT,ACTUATION_MECHANICS,CONTEXT_ONLY,CN118927306A;CN119717618B;CN120029227B;CN120533752A;CN121200084B;CN121580141B;EP1842630A1;US11511431B2,CN120533752A,CLAIM,"1. A method for monitoring joint life of humanoid robot, wherein it comprises : step 1 : constructing a multi-modal sensor array to collect the original joint motion data of the target robot; step 2 : standardizing the original joint motion data according to the characteristic type to obtain the standard characteristic data of all parameter types; step 3 : establishing a joint degradation model of the target robot based on the standard characteristic data; step 4 : inputting the real-time motion data of the target robot into the joint degeneration model and outputting the joint residual life index; step 5 : when the residual life index of the joint is lower than the preset threshold value, triggering the self-adaptive maintenance strategy.",FOUND,,,,
47,47_fault_health_state_data,DIRECT,SAFETY_MONITORING,CONTEXT_ONLY,CN118927306A;CN119717618B;CN120029227B;CN120533752A;CN121200084B;CN121580141B;EP1842630A1;US11511431B2,CN119717618B,ABSTRACT,"This application provides a humanoid robot fall control method, device, equipment and storage medium, and relates to the technical field of humanoid robots. The control method comprises the following steps of : acquiring state data of the humanoid robot in real time; predicting the current state of the humanoid robot based on the state data; if the current state is a high-risk fall state, control the humanoid robot to perform fall protection actions. The humanoid robot fall control method of the present application improves the accuracy of fall prediction by monitoring the center of gravity position, movement speed and acceleration in real time. The method can quickly start the protection action under high-risk conditions, reduce the risk of injury, and protect the safety of surrou",FOUND,,,,
47,47_fault_health_state_data,DIRECT,EMERGENCY_FAILSAFE,CONTEXT_ONLY,CN118927306A;CN119717618B;CN120029227B;CN120533752A;CN121200084B;CN121580141B;EP1842630A1;US11511431B2,,,,NO_DIRECT_EVIDENCE,,,,
47,47_fault_health_state_data,DIRECT,HRI_INTERFACE,CONTEXT_ONLY,CN118927306A;CN119717618B;CN120029227B;CN120533752A;CN121200084B;CN121580141B;EP1842630A1;US11511431B2,CN121580141B,ABSTRACT,"The invention provides a fault prediction and health management method in a humanoid robot training ground, and relates to the technical field of robot health management. The method comprises the following steps of : acquiring and preprocessing robot body health data, controller logs and interaction detection data among robots; then conduct a preliminary health assessment; construct a dynamic interactive health graph, and infer the health attenuation trend through time series graph neural network; combining historical fault data with historical health status data to construct and correct health-fault causal diagrams; adjust alarm levels and verify abnormal relevance; construct a multi-modal health embedding model and update the model; obtain fault root causes and health impact links,",FOUND,,,,
62,62_electrode_measurement electrode_108_elements,PARTIAL,PERCEPTION,SECONDARY,CA3134287A1;DE102019107851B4;FR3083728A1;FR3084002A1;FR3084002B1;US20250219277A1;US20250241544A1;US63484517P0,DE102019107851B4,ABSTRACT,"A robot gripper includes : a drive unit to drive a powertrain with active elements, wherein each element has a working region arranged in a body-fixed manner relative to the robot gripper, a respective element being moveable in and capable of reaching the working region; a control unit to control the drive unit; and a sensor system connected to the control unit to ascertain forces/moments applied externally to individual elements, the control unit configured such that collision monitoring is capable of being carried out for the elements, and when a collision is detected for an element, the drive unit is actuated according to a specified operation, including : providing a defined region within the working region for the elements, and collision monitoring for the elements only whe",FOUND,,,,
62,62_electrode_measurement electrode_108_elements,PARTIAL,MOTION_CONTROL,CONTEXT_ONLY,CA3134287A1;DE102019107851B4;FR3083728A1;FR3084002A1;FR3084002B1;US20250219277A1;US20250241544A1;US63484517P0,US63484517P0,ABSTRACT,"A gripper designed for grasping objects when mounted on a robotic manipulator is disclosed. The robot gripper may utilize a single actuator to facilitate the grasping of objects of varying shape and size with three degrees of freedom of passive alignment, thus enabling said robot gripper to grasp, push and pull. Passive alignment features assist the robot gripper in executing robust and fast grasping of objects with minimal requirement for active feedback control. The mechanical robot gripper jaw is constructed of a compliant material and a curved rigid member to allow the gripper to cage objects.",FOUND,,,,
62,62_electrode_measurement electrode_108_elements,PARTIAL,ACTUATION_MECHANICS,SECONDARY,CA3134287A1;DE102019107851B4;FR3083728A1;FR3084002A1;FR3084002B1;US20250219277A1;US20250241544A1;US63484517P0,DE102019107851B4,ABSTRACT,"A robot gripper includes : a drive unit to drive a powertrain with active elements, wherein each element has a working region arranged in a body-fixed manner relative to the robot gripper, a respective element being moveable in and capable of reaching the working region; a control unit to control the drive unit; and a sensor system connected to the control unit to ascertain forces/moments applied externally to individual elements, the control unit configured such that collision monitoring is capable of being carried out for the elements, and when a collision is detected for an element, the drive unit is actuated according to a specified operation, including : providing a defined region within the working region for the elements, and collision monitoring for the elements only whe",FOUND,,,,
62,62_electrode_measurement electrode_108_elements,PARTIAL,SYSTEM_INTEGRATION,CONTEXT_ONLY,CA3134287A1;DE102019107851B4;FR3083728A1;FR3084002A1;FR3084002B1;US20250219277A1;US20250241544A1;US63484517P0,,,,NO_DIRECT_EVIDENCE,,,,
65,65_social_reasoning_instruction_remote,NOT_SAFETY,PERCEPTION,PRIMARY,CN117103261B;CN120416181A;CN120572534A;CN120620231B;CN121290419A;CN121290419B;CN121989231A;CN122231896A;KR1020100003097A,CN117103261B,CLAIM,"1. A robot social behaviour control method based on comprehensive evaluation and optimal control principle, wherein it comprises the following steps : (1) collecting visual and acoustic multimodal information represented by a plurality of social objects; (2) further through entropy weight calculating to obtain multimodal information weight, through comprehensive evaluation to obtain social intention EA of each social object, the robot will select the highest EA value, namely the social object with the highest social intention as communication object for gaze; (3) determining the movement track of the head and eye when the robot gaze the social object with the highest EA value under the condition of minimum nerve conduction noise; (4) finally through the model prediction control sys",FOUND,,,,
65,65_social_reasoning_instruction_remote,NOT_SAFETY,STATE_ESTIMATION,CONTEXT_ONLY,CN117103261B;CN120416181A;CN120572534A;CN120620231B;CN121290419A;CN121290419B;CN121989231A;CN122231896A;KR1020100003097A,CN122231896A,CLAIM,"1. A multi-degree-of-freedom human-shaped robot collaborative motion planning method under dynamic environment, wherein the method comprises the following steps : obtaining environment information, robot main body parameter and task semantic instruction; establishing a universal kinematics model based on the degree-of-freedom adaptation coefficient in combination with the robot body parameter; combining the environment information, the task semantic instruction and the universal kinematics model, based on the visual language action model and the world model, performing semantic task analysis and global feasible path search for each robot, generating the initial space-time track result under uniform motion of each humanoid robot; performing conflict detection based on the initial",FOUND,,,,
65,65_social_reasoning_instruction_remote,NOT_SAFETY,PLANNING_DECISION,PRIMARY,CN117103261B;CN120416181A;CN120572534A;CN120620231B;CN121290419A;CN121290419B;CN121989231A;CN122231896A;KR1020100003097A,CN120620231B,CLAIM,"1. A humanoid robot remote control method based on wireless communication, wherein it comprises : receiving a remote control instruction of an operator, performing semantic analysis on the remote control instruction to generate control intention data, establishing a bidirectional expected calibration channel based on the control intention data, and generating an expected consistency parameter and a deviation tolerance threshold based on the bidirectional expected calibration channel; obtaining a desired execution result based on the desired consistency parameter, inversely deducing an optimal control sequence according to the desired execution result, performing negative space analysis on the optimal control sequence to identify a set of prohibited execution actions; combining the",FOUND,,,,
65,65_social_reasoning_instruction_remote,NOT_SAFETY,MOTION_CONTROL,CONTEXT_ONLY,CN117103261B;CN120416181A;CN120572534A;CN120620231B;CN121290419A;CN121290419B;CN121989231A;CN122231896A;KR1020100003097A,CN120572534A,ABSTRACT,"The invention relates to the technical field of intelligent robots The dynamic sparse attention-multi-modal spatiotemporal constraint humanoid robot control method is disclosed, which includes the following steps : S1 multi-modal information collection, collecting environmental information around the robot, S2 inference engine processing and instruction generation, processing the information, generating control instructions, S3 spatiotemporal synchronization and force constraints, S4 drive mechanism motion control, S5 emotional expression unit response. The present invention greatly improves the computing efficiency of the system and reduces the reasoning delay by adopting a dynamic sparse attention mechanism and an optimized computing method. The NSA inference engine significantl",FOUND,,,,
65,65_social_reasoning_instruction_remote,NOT_SAFETY,ACTUATION_MECHANICS,SECONDARY,CN117103261B;CN120416181A;CN120572534A;CN120620231B;CN121290419A;CN121290419B;CN121989231A;CN122231896A;KR1020100003097A,CN120416181A,CLAIM,"1. A high-performance humanoid robot communication method based on DDS and TSN, wherein it comprises the following specific steps : environmental deployment : deploying FastDDS middleware in OpenEuler embedded real-time environment to realize distributed data distribution; transmission layer optimization : constructing a transmission layer module using the DPDK frame based on the standard FastDDS transmission layer interface; Flow scheduling : using QBV scheduling rule of TSN to optimize data transmission of DDS; Network card architecture : the network card is designed based on the FPGA so as to realize the message timing scheduling of the TSN QBV rule.",FOUND,,,,
65,65_social_reasoning_instruction_remote,NOT_SAFETY,EMERGENCY_FAILSAFE,CONTEXT_ONLY,CN117103261B;CN120416181A;CN120572534A;CN120620231B;CN121290419A;CN121290419B;CN121989231A;CN122231896A;KR1020100003097A,,,,NO_DIRECT_EVIDENCE,,,,
65,65_social_reasoning_instruction_remote,NOT_SAFETY,HRI_INTERFACE,SECONDARY,CN117103261B;CN120416181A;CN120572534A;CN120620231B;CN121290419A;CN121290419B;CN121989231A;CN122231896A;KR1020100003097A,CN120620231B,CLAIM,"1. A humanoid robot remote control method based on wireless communication, wherein it comprises : receiving a remote control instruction of an operator, performing semantic analysis on the remote control instruction to generate control intention data, establishing a bidirectional expected calibration channel based on the control intention data, and generating an expected consistency parameter and a deviation tolerance threshold based on the bidirectional expected calibration channel; obtaining a desired execution result based on the desired consistency parameter, inversely deducing an optimal control sequence according to the desired execution result, performing negative space analysis on the optimal control sequence to identify a set of prohibited execution actions; combining the",FOUND,,,,
65,65_social_reasoning_instruction_remote,NOT_SAFETY,SYSTEM_INTEGRATION,SECONDARY,CN117103261B;CN120416181A;CN120572534A;CN120620231B;CN121290419A;CN121290419B;CN121989231A;CN122231896A;KR1020100003097A,CN120572534A,CLAIM,"1. A dynamic sparse attention-multi-modal space-time constrained humanoid robot control method, wherein it comprises the following steps : S1 : the multimodal information collection uses the multimodal sensing module to collect the robot surrounding environment information in real time, the multimodal sensing module integrates an RGB-D camera, a 6-axis force sensor and an annular microphone array; S2 : the reasoning engine processes and generates the instruction to transmit the collected environment information to the NSA reasoning engine; (N is input sequence length), and through axial block calculation, KV cache compression and supporting 4-bit integer calculation to process the information, generating control instruction; S3 : Space-time synchronization and force constraint",FOUND,,,,
74,74_target_foot_state data_landing,NOT_SAFETY,STATE_ESTIMATION,CONTEXT_ONLY,CN112051797B;CN114474034B;CN121704503A;EP4116782A1;EP4144487B1;EP4144487C0;HK40071432B;WO2022048472A1;WO2022089195A1,CN121704503A,CLAIM,"1. A motion control method of foot-type robot, wherein it comprises : obtaining the state information, coding information and history action of the foot-type robot at the previous time, and the first sensing information at the current time; inputting the state information, the coding information and the history action of the previous moment into the world model to obtain the state information of the current moment output by the world model; inputting the state information of the current time and the first sensing information into the motion strategy model to obtain the target action of the current time output by the motion strategy model; controlling the movement of the foot robot according to the target action at the current time.",FOUND,,,,
74,74_target_foot_state data_landing,NOT_SAFETY,MOTION_CONTROL,CONTEXT_ONLY,CN112051797B;CN114474034B;CN121704503A;EP4116782A1;EP4144487B1;EP4144487C0;HK40071432B;WO2022048472A1;WO2022089195A1,CN114474034B,CLAIM,"1. A foot-type robot motion control method, wherein it comprises : according to the state data of the starting time in the planning period, determining the candidate landing point of each foot end in the planning period; according to the state data of the starting time, and the candidate landing point of each foot end, determining the mass centre position change coefficient, the first relational expression between the landing point and the foot end contact force; under the constraint of the constraint condition set, determining the target centroid position change coefficient, the target stepping sequence and the target landing point satisfying the first relational expression; wherein the set of constraint conditions comprises constraint conditions for constraining a stepping ord",FOUND,,,,
74,74_target_foot_state data_landing,NOT_SAFETY,EMERGENCY_FAILSAFE,CONTEXT_ONLY,CN112051797B;CN114474034B;CN121704503A;EP4116782A1;EP4144487B1;EP4144487C0;HK40071432B;WO2022048472A1;WO2022089195A1,,,,NO_DIRECT_EVIDENCE,,,,
76,76_elements_elements articulation_articulation_given,NOT_SAFETY,ACTUATION_MECHANICS,CONTEXT_ONLY,DE102007022973A1;FR3021572A1;IN201617039124A;JP2017516672A;JP6449337B2;JP6556167B2;KR1020170021800A,DE102007022973A1,ABSTRACT,"It an approach is proposed for providing a humanoid joint for a robotic system. A Articulation device includes a holding part, a rotary member and a pair of joint parts, wherein the retaining part and the rotating member are coupled, wherein the pair of hinge parts is arranged, wherein a rotational force and the rotational force to the other joint part initially a hinge member drives using a sliding friction movement, each articulated member is generated on an abutment surface is transmitted, wherein the surface is formed at the end of the articulated member, wherein the torsional forces transmitted by a limit of travel of the articulated member within said limited space is formed by the coupling of said rotary member and of the retaining part can be converted, into a movement.",FOUND,,,,
76,76_elements_elements articulation_articulation_given,NOT_SAFETY,EMERGENCY_FAILSAFE,CONTEXT_ONLY,DE102007022973A1;FR3021572A1;IN201617039124A;JP2017516672A;JP6449337B2;JP6556167B2;KR1020170021800A,,,,NO_DIRECT_EVIDENCE,,,,
