topic,covariate,coefficient,std_error,t_value,p_value,ci_lower,ci_upper,q_value,nominal,bh_retained
1,C1_std,0.103142842329073,0.0425088847321336,2.42638316622559,0.0153402017439877,0.0197752665576538,0.186510418100492,0.08367382769447837,True,False
1,C2_std,0.0269892238206072,0.0087922494270807,3.06966084668601,0.0021725297277753,0.0097460398384293,0.0442324078027849,0.02005412056407969,True,True
1,C3_std,-0.0073312298500139,0.0064216608839854,-1.14164076591102,0.253743398614833,-0.0199252629256293,0.0052628032256014,0.5480005282347878,False,False
1,C4_std,0.008931113668825,0.0303470902254744,0.294298847186606,0.768560844951839,-0.0505849936051412,0.0684472209427912,0.9172335355962435,False,False
1,C5_std,-0.12027400345862,0.0134863004894547,-8.91823547552314,1.06358556570006e-18,-0.146723066637189,-0.0938249402800498,1.276302678840072e-16,True,True
1,C6_std,-0.0122766194926801,0.0091530120992686,-1.34126551560672,0.179990293721767,-0.0302273240225891,0.005674085037229,0.4799741165913787,False,False
1,C7_std,-0.0021819925704581,0.00983878954013,-0.221774493860071,0.824512634202126,-0.0214776301213959,0.0171136449804796,0.9311746993312833,False,False
1,C8_std,-0.165172943941248,0.0337770466164544,-4.89009432401896,1.09033219207814e-06,-0.231415813187907,-0.0989300746945888,1.8691409007053826e-05,True,True
1,C9_std,-0.0205041601345321,0.0079229524795499,-2.58794435375646,0.0097266770265826,-0.0360424963043571,-0.004965823964707,0.0583600621594956,True,False
1,C10_std,0.006003631411646,0.0083272592960607,0.720961266870376,0.471019679878685,-0.0103276232121154,0.0223348860354075,0.7246456613518231,False,False
2,C1_std,-0.0164460784414082,0.0241516235042986,-0.680951259383496,0.495983099088585,-0.0638117601144296,0.0309196032316133,0.7439746486328775,False,False
2,C2_std,0.0072924432241622,0.0049953580117857,1.45984396052434,0.144493875858927,-0.002504353143871,0.0170892395921955,0.41394843695941147,False,False
2,C3_std,-0.0098970980085507,0.0036484969417477,-2.7126507618257,0.0067333425791597,-0.0170524573448313,-0.0027417386722702,0.04752947702936259,True,True
2,C4_std,-0.0076250837933015,0.0172418425511548,-0.442242977841766,0.65836238237652,-0.0414394410595533,0.0261892734729501,0.8375216244265162,False,False
2,C5_std,0.0430038668442406,0.0076623052789933,5.61239278238342,2.28075832404706e-08,0.0279767067586375,0.0580310269298438,9.12303329618824e-07,True,True
2,C6_std,-0.0059403815070096,0.0052003270268043,-1.14230921947615,0.253465605163885,-0.0161391590137634,0.0042583959997441,0.5480005282347878,False,False
2,C7_std,0.016895802741568,0.0055899547167283,3.02252944751163,0.0025393265361236,0.005932895190776,0.0278587102923601,0.02176565602391657,True,True
2,C8_std,0.0332470331449082,0.0191905884642296,1.73246553678534,0.0833486607925621,-0.0043891656867304,0.0708832319765468,0.30308603924568034,False,False
2,C9_std,0.0004334361273644,0.0045014628479276,0.0962878384221291,0.923301853868011,-0.0083947429091266,0.0092616151638556,0.9634454127318375,False,False
2,C10_std,-0.0061388658833635,0.0047311716740736,-1.29753606638372,0.19460012075316,-0.0154175452820673,0.0031398135153402,0.49685137213572766,False,False
3,C1_std,0.0408153652467,0.0205905257659713,1.9822400705354,0.0475924025157583,0.0004336373377021,0.0811970931556978,0.1969340793755516,True,False
3,C2_std,0.0011930667538807,0.0042588047065911,0.280141221792646,0.779398843588887,-0.0071592159820628,0.0095453494898243,0.9172335355962435,False,False
3,C3_std,-0.0008703767216049,0.0031105350028644,-0.279815761855562,0.779648505256807,-0.0069706958472423,0.0052299424040325,0.9172335355962435,False,False
3,C4_std,-0.0320279175205124,0.0146995750922991,-2.17883287914161,0.0294633312233267,-0.0608564306192941,-0.0031994044217307,0.1473166561166335,True,False
3,C5_std,-0.0447465101385417,0.006532517130609,-6.84981137345597,9.875427793248259e-12,-0.0575579522710723,-0.0319350680060112,5.925256675948955e-10,True,True
3,C6_std,0.0067211866331221,0.0044335515423149,1.51598251852346,0.129685685589679,-0.0019738061070903,0.0154161793733346,0.4095337439674074,False,False
3,C7_std,0.002465843207141,0.0047657295835587,0.517411482105059,0.604927571933366,-0.0068806104734725,0.0118122968877546,0.7890359633913469,False,False
3,C8_std,-0.0293352379005896,0.0163609831929743,-1.79299969656999,0.0731277419895037,-0.0614220713856406,0.0027515955844613,0.27422903246063884,False,False
3,C9_std,0.0019887664176214,0.0038377331750936,0.518213832719871,0.60436781547211,-0.0055377192401698,0.0095152520754127,0.7890359633913469,False,False
3,C10_std,-0.0118544786225215,0.0040335719973817,-2.9389530248168,0.0033318903655995,-0.0197650394673936,-0.0039439177776493,0.02582826721197075,True,True
4,C1_std,-0.000451061010326,0.0393052048297156,-0.0114758595529568,0.990844962511074,-0.0775356437393446,0.0766335217186926,0.997563360393595,False,False
4,C2_std,-0.0364707708285343,0.0081296220030944,-4.48615825122648,7.67386858350198e-06,-0.0524144231404389,-0.0205271185166297,0.0001151080287525297,True,True
4,C3_std,-0.0088721027296761,0.0059376927431177,-1.49420037605678,0.135284880015856,-0.0205169871529808,0.0027727816936284,0.41394843695941147,False,False
4,C4_std,0.0409236213065967,0.0280599833379412,1.45843355691741,0.144881952935794,-0.0141070576164435,0.0959543002296369,0.41394843695941147,False,False
4,C5_std,0.0230860925175294,0.0124699061495821,1.85134452822671,0.0642709477002502,-0.0013696383805791,0.0475418234156378,0.24879076529129107,False,False
4,C6_std,0.0064577603630031,0.0084631958151248,0.76304040507514,0.445531501926291,-0.0101400902470937,0.0230556109731,0.7128504030820656,False,False
4,C7_std,0.0464944229668247,0.0090972896745735,5.11079943917517,3.52119431479195e-07,0.0286530001433684,0.0643358457902809,7.0423886295839e-06,True,True
4,C8_std,0.0062329423891111,0.031231441242659,0.199572678720876,0.841835583839613,-0.055017536437961,0.0674834212161832,0.9311746993312833,False,False
4,C9_std,0.0087377692789387,0.0073258395751185,1.19273281776682,0.233118989595255,-0.0056295209879422,0.0231050595458199,0.5453037542177884,False,False
4,C10_std,0.0098390485697173,0.0076996758292838,1.27785231324894,0.201453446303747,-0.0052614018927704,0.024939499032205,0.5036336157593675,False,False
5,C1_std,-0.0299949125282691,0.0437450411629207,-0.685675718455912,0.492999044964571,-0.115786813603877,0.0557969885473391,0.7439746486328775,False,False
5,C2_std,0.0148220820782548,0.009047927639738,1.63817425032854,0.101546515226199,-0.0029225329083148,0.0325666970648245,0.34191925013307667,False,False
5,C3_std,-0.0107932338682606,0.0066084024898424,-1.63325915527246,0.102575775039923,-0.023753500851777,0.0021670331152558,0.34191925013307667,False,False
5,C4_std,-0.0230476099731931,0.0312295822262475,-0.738005709017213,0.460599690820341,-0.0842944429344064,0.0381992229880201,0.7246456613518231,False,False
5,C5_std,0.0036980221603586,0.0138784814930876,0.266457260630458,0.789915213955339,-0.0235201785701019,0.0309162228908191,0.9202895696567057,False,False
5,C6_std,-0.0133992455172635,0.0094191812739924,-1.42254885297308,0.155026758123996,-0.0318719557168493,0.0050734646823222,0.42615908523312274,False,False
5,C7_std,-0.0105095089045549,0.0101249010915818,-1.03798632791513,0.299404978726177,-0.0303662627161293,0.0093472449070194,0.6089592787651058,False,False
5,C8_std,0.0427566861112561,0.0347592815927666,1.23007968381469,0.218815490935132,-0.0254125227542623,0.110925894976775,0.5251571782443167,False,False
5,C9_std,2.49025433460396e-05,0.0081533515765889,0.0030542707636382,0.997563360393595,-0.0159652877341814,0.0160150928208734,0.997563360393595,False,False
5,C10_std,-0.0033982608383037,0.0085694156168986,-0.396556893751591,0.691737592045166,-0.020204427602273,0.0134079059256655,0.8557578458290714,False,False
6,C1_std,-0.0033387702721548,0.0233480541950863,-0.142999936708107,0.886304990240088,-0.0491285078644156,0.042450967320106,0.9558982134766393,False,False
6,C2_std,-0.0028616555721309,0.0048291531855931,-0.592579167020033,0.553531462194059,-0.0123324943543914,0.0066091832101295,0.7634916719918056,False,False
6,C3_std,-0.003598294031586,0.003527104681446,-1.0201835093,0.3077678570897,-0.0105155812913456,0.0033189932281735,0.6155357141794,False,False
6,C4_std,-0.0033591630523134,0.01666817447017,-0.201531550940097,0.840303959765589,-0.036048453935137,0.0293301278305101,0.9311746993312833,False,False
6,C5_std,0.0189550354345402,0.0074073661707003,2.55894402919035,0.0105738817877565,0.0044278568366106,0.0334822140324698,0.06042218164432286,True,False
6,C6_std,0.0003066161006297,0.0050273025013159,0.0609901832144462,0.951373270790336,-0.0095528291622915,0.0101660613635509,0.9841792456451751,False,False
6,C7_std,-0.0116594860173645,0.0054039665553341,-2.15757923332364,0.0310822248141724,-0.0222576373004886,-0.0010613347342403,0.14919467910802753,True,False
6,C8_std,0.0076797390483084,0.0185520819922803,0.413955643981308,0.678952069563057,-0.0287042336424608,0.0440637117390777,0.8486900869538212,False,False
6,C9_std,-0.0056477657142108,0.0043516908298888,-1.29783248281799,0.194498241787578,-0.0141822148600927,0.0028866834316709,0.49685137213572766,False,False
6,C10_std,-0.0014827383367514,0.0045737568173363,-0.324183903073121,0.745833540887233,-0.0104526988622295,0.0074872221887266,0.9040406556208885,False,False
7,C1_std,-0.0438030883635116,0.0369754119869481,-1.1846545044305,0.236298293494375,-0.1163185278987,0.0287123511716769,0.5453037542177884,False,False
7,C2_std,0.0072377768205384,0.0076477434519134,0.9463937782494,0.344064913233812,-0.0077608249006167,0.0222363785416937,0.6255725695160218,False,False
7,C3_std,0.0293493627504394,0.0055857395065069,5.25433789317415,1.64779113210156e-07,0.0183947219857497,0.0403040035151292,4.94337339630468e-06,True,True
7,C4_std,0.0256429375326346,0.0263967443691548,0.971443189130508,0.331447987152736,-0.0261258303421617,0.0774117054074309,0.6255725695160218,False,False
7,C5_std,0.0127006801156979,0.0117307598145574,1.08268179695716,0.27908340836137,-0.0103054517520046,0.0357068119834004,0.577413948333869,False,False
7,C6_std,0.0154308683225571,0.0079615448729038,1.93817513672179,0.0527458844430565,-0.0001831544783664,0.0310448911234806,0.210983537772226,False,False
7,C7_std,0.0029678961962108,0.0085580531926819,0.346795717365805,0.728782175614447,-0.013815986808309,0.0197517792007307,0.892386337487078,False,False
7,C8_std,0.0152632534675955,0.0293802159763947,0.519507871550658,0.603465525413752,-0.0423566393389832,0.0728831462741741,0.7890359633913469,False,False
7,C9_std,-0.006803279773537,0.0068916047534627,-0.987183684630003,0.323674944769802,-0.0203189573804979,0.0067123978334238,0.6255725695160218,False,False
7,C10_std,0.0102732584570224,0.0072432820840683,1.41831539042481,0.156258331252145,-0.0039321217072061,0.024478638621251,0.42615908523312274,False,False
8,C1_std,-0.0111754372728876,0.0204089669641559,-0.547574862192434,0.584046455950651,-0.0512010956857626,0.0288502211399874,0.788162376097711,False,False
8,C2_std,-0.0033229694183562,0.0042212523153369,-0.787199904228183,0.431260420016093,-0.0116016051545487,0.0049556663178362,0.7128504030820656,False,False
8,C3_std,-0.0001463259510508,0.0030831075823826,-0.047460540101486,0.962151034355179,-0.0061928549674055,0.0059002030653037,0.9868215736976195,False,False
8,C4_std,0.0079673819700472,0.014569960274723,0.546836217794611,0.584553762272469,-0.0206069331371035,0.036541697077198,0.788162376097711,False,False
8,C5_std,0.0046700069830822,0.0064749160767771,0.721245947855848,0.470844580092709,-0.0080284691130514,0.0173684830792159,0.7246456613518231,False,False
8,C6_std,-0.0038652963534843,0.0043944583052136,-0.87958425931555,0.379192836975857,-0.0124836202178435,0.0047530275108747,0.6597098492274103,False,False
8,C7_std,-0.0031419610555346,0.0047237073368807,-0.665147273414564,0.506034878451335,-0.0124060015452096,0.0061220794341404,0.7496813014093852,False,False
8,C8_std,0.0154966795873962,0.016216718760934,0.955598960298159,0.339393213836636,-0.0163072253747113,0.0473005845495037,0.6255725695160218,False,False
8,C9_std,0.0043245197558707,0.0038038936197138,1.13686663934522,0.255733579842901,-0.0031356004417355,0.0117846399534771,0.5480005282347878,False,False
8,C10_std,0.0005420275020953,0.0039980056156776,0.135574472424428,0.89217166591153,-0.0072987812652918,0.0083828362694826,0.9558982134766393,False,False
9,C1_std,0.0279894090587243,0.0345138013269827,0.810962802780068,0.417485896881041,-0.0396983688121423,0.0956771869295909,0.7056099665595059,False,False
9,C2_std,-0.0246383276708365,0.0071386005973982,-3.45142263314415,0.0005695123938894,-0.0386384085940516,-0.0106382467476214,0.006212862478793456,True,True
9,C3_std,0.0064991948524956,0.0052138730370309,1.24651958464194,0.212723266249951,-0.0037261488189806,0.0167245385239719,0.520954937754982,False,False
9,C4_std,0.0047919736708555,0.0246394006686862,0.194484181465727,0.845817018559249,-0.0435303268353322,0.0531142741770433,0.9311746993312833,False,False
9,C5_std,-0.0390142186771914,0.0109497931705832,-3.56300964496787,0.000375426090544,-0.0604887343597897,-0.0175397029945931,0.004505113086528001,True,True
9,C6_std,0.0217643364854446,0.0074315109212645,2.92865565509271,0.0034437689615961,0.0071898056849149,0.0363388672859744,0.02582826721197075,True,True
9,C7_std,-0.0075603974004398,0.0079883071415739,-0.946432988422908,0.344044927054313,-0.0232269058281971,0.0081061110273173,0.6255725695160218,False,False
9,C8_std,-0.0319413629052968,0.0274242498639655,-1.1647123645583,0.244277761896911,-0.0857252540357127,0.0218425282251191,0.5480005282347878,False,False
9,C9_std,0.0094839446114302,0.0064328012726149,1.47431021253591,0.140559338208717,-0.0031319367718754,0.0220998259947359,0.41394843695941147,False,False
9,C10_std,0.0014355066516254,0.006761065945474,0.212319575522901,0.831879892272236,-0.0118241608521609,0.0146951741554117,0.9311746993312833,False,False
10,C1_std,0.0194807396309461,0.0224049965662374,0.869481928879297,0.384690486676127,-0.0244594921738705,0.0634209714357627,0.6597098492274103,False,False
10,C2_std,-0.0040280750808638,0.0046340975413625,-0.869225355079492,0.384830745382656,-0.0131163746292087,0.0050602244674809,0.6597098492274103,False,False
10,C3_std,0.0008069591343481,0.0033846404336849,0.238417979740781,0.811581948820689,-0.005830930087924,0.0074448483566203,0.9311746993312833,False,False
10,C4_std,-0.0353586811707428,0.0159949256862783,-2.21061865895858,0.027177834212872,-0.066727609984371,-0.0039897523571145,0.1417973958932452,True,False
10,C5_std,0.003500208986991,0.007108173222175,0.492420327640802,0.622477609973776,-0.010440198375616,0.017440616349598,0.8031969160951948,False,False
10,C6_std,0.0029741539479826,0.0048242433539975,0.616501641758629,0.537635378322099,-0.006487055770609,0.0124353636665743,0.7634916719918056,False,False
10,C7_std,-0.0105150972018065,0.0051856934674155,-2.02771283491366,0.0427251647245905,-0.0206851756641408,-0.0003450187394722,0.18988962099818,True,False
10,C8_std,0.0139360278583567,0.0178027397855309,0.782802424022574,0.433838098937788,-0.0209783498620068,0.0488504055787201,0.7128504030820656,False,False
10,C9_std,0.0032149193888882,0.0041759204979704,0.769870832179586,0.441469671939135,-0.0049748124924284,0.011404651270205,0.7128504030820656,False,False
10,C10_std,-0.0088180701138695,0.0043890169575155,-2.00912190570826,0.0446616497380117,-0.0174257225157951,-0.000210417711944,0.19140707030576443,True,False
11,C1_std,-0.0249326226471694,0.0408926564142107,-0.609709048847826,0.54212552267504,-0.105130483719946,0.0552652384256072,0.7634916719918056,False,False
11,C2_std,0.0132469067084866,0.0084579597228968,1.56620593411262,0.117462500952026,-0.0033406749821051,0.0298344883990785,0.3809594625471113,False,False
11,C3_std,-0.0009536261338906,0.0061775032159073,-0.154370803310152,0.87733333171113,-0.0130688220670608,0.0111615697992795,0.9558982134766393,False,False
11,C4_std,0.0127221060928502,0.0291932649275856,0.435789080954378,0.663037952670992,-0.0445311420504927,0.0699753542361932,0.8375216244265162,False,False
11,C5_std,0.0670565038267013,0.0129735384894063,5.16871352264126,2.59793773414072e-07,0.0416130592420116,0.0924999484113909,6.2350505619377285e-06,True,True
11,C6_std,-0.0236537663515227,0.0088050058544012,-2.68639984375468,0.0072838934622425,-0.0409219679841969,-0.0063855647188484,0.04855928974828334,True,True
11,C7_std,-0.0200060347410432,0.009464709383263,-2.1137505580912,0.0346631243343384,-0.0385680337592667,-0.0014440357228196,0.15998365077386953,True,False
11,C8_std,0.0287907126055289,0.0324928111070705,0.886064074624309,0.375692143371051,-0.034933539608207,0.0925149648192648,0.6597098492274103,False,False
11,C9_std,0.0073503879162385,0.0076217142739443,0.964400875189804,0.334964441429352,-0.0075971659009248,0.0222979417334018,0.6255725695160218,False,False
11,C10_std,0.0008546644156796,0.0080106489598971,0.106691033392958,0.915045059686592,-0.014855660339974,0.0165649891713333,0.9632053259858864,False,False
12,C1_std,-0.0612863857297171,0.0232305797036965,-2.63817720054421,0.0084015251289183,-0.106845734695603,-0.0157270367638308,0.05306226397211558,True,False
12,C2_std,0.0005402991647919,0.0048048555584941,0.112448575865468,0.910479303677969,-0.0088828875964613,0.0099634859260452,0.9632053259858864,False,False
12,C3_std,0.0058067705573506,0.0035093582420609,1.65465311798447,0.0981556468255679,-0.0010757127399096,0.012689253854611,0.34191925013307667,False,False
12,C4_std,0.0004393212682539,0.01658430943791,0.0264901755420496,0.978869077388541,-0.0320854951882099,0.0329641377247177,0.9954600787002112,False,False
12,C5_std,0.0273643154052116,0.0073700964022575,3.71288432493633,0.0002106583793296,0.0129102295328197,0.0418184012776035,0.0028087783910613335,True,True
12,C6_std,0.0054803873692209,0.0050020078964863,1.0956374885115,0.273372608451148,-0.004329450619879,0.015290225358321,0.5755212809497854,False,False
12,C7_std,-0.003249487220543,0.0053767767853742,-0.604355983194649,0.545677228520421,-0.0137943144698417,0.0072953400287556,0.7634916719918056,False,False
12,C8_std,0.0630464705346736,0.0184587381796416,3.41553522895777,0.0006496001881839,0.0268455618650375,0.0992473792043097,0.006496001881838999,True,True
12,C9_std,-0.0026034404174186,0.0043297955292074,-0.601284841248654,0.547720102025754,-0.0110949489368856,0.0058880681020483,0.7634916719918056,False,False
12,C10_std,0.0027442767870233,0.0045507442034642,0.603039121586812,0.546552720017769,-0.0061805518597245,0.0116691054337713,0.7634916719918056,False,False
