"doc_id","split"
0,"train"
1,"train"
2,"train"
3,"train"
4,"train"
5,"train"
6,"test"
7,"test"
8,"train"
9,"test"
10,"train"
11,"test"
12,"test"
13,"train"
14,"train"
15,"train"
16,"test"
17,"train"
18,"train"
19,"train"
20,"train"
21,"train"
22,"train"
23,"train"
24,"train"
25,"test"
26,"test"
27,"train"
28,"test"
29,"train"
30,"test"
31,"train"
32,"test"
33,"train"
34,"train"
35,"train"
36,"test"
37,"train"
38,"train"
39,"test"
40,"train"
41,"train"
42,"train"
43,"test"
44,"train"
45,"test"
46,"train"
47,"train"
48,"test"
49,"train"
50,"train"
51,"train"
52,"train"
53,"train"
54,"test"
55,"train"
56,"train"
57,"train"
58,"train"
59,"train"
60,"train"
61,"train"
62,"test"
63,"train"
64,"train"
65,"train"
66,"train"
67,"train"
68,"test"
69,"train"
70,"train"
71,"train"
72,"train"
73,"train"
74,"train"
75,"train"
76,"test"
77,"train"
78,"train"
79,"train"
80,"train"
81,"test"
82,"train"
83,"test"
84,"train"
85,"train"
86,"train"
87,"train"
88,"test"
89,"train"
90,"train"
91,"train"
92,"test"
93,"train"
94,"train"
95,"test"
96,"test"
97,"train"
98,"train"
99,"test"
100,"train"
101,"train"
102,"test"
103,"train"
104,"train"
105,"train"
106,"train"
107,"test"
108,"train"
109,"train"
110,"test"
111,"train"
112,"train"
113,"train"
114,"train"
115,"train"
116,"train"
117,"train"
118,"train"
119,"test"
120,"train"
121,"test"
122,"train"
123,"test"
124,"train"
125,"train"
126,"train"
127,"train"
128,"test"
129,"train"
130,"test"
131,"train"
132,"train"
133,"test"
134,"train"
135,"test"
136,"train"
137,"test"
138,"test"
139,"train"
140,"train"
141,"train"
142,"train"
143,"train"
144,"test"
145,"train"
146,"test"
147,"train"
148,"test"
149,"train"
150,"train"
151,"train"
152,"train"
153,"train"
154,"test"
155,"test"
156,"test"
157,"train"
158,"train"
159,"test"
160,"train"
161,"train"
162,"train"
163,"train"
164,"train"
165,"train"
166,"train"
167,"test"
168,"train"
169,"train"
170,"train"
171,"train"
172,"train"
173,"train"
174,"train"
175,"train"
176,"test"
177,"train"
178,"train"
179,"train"
180,"test"
181,"train"
182,"train"
183,"train"
184,"train"
185,"test"
186,"test"
187,"train"
188,"test"
189,"train"
190,"test"
191,"train"
192,"train"
193,"train"
194,"train"
195,"train"
196,"train"
197,"train"
198,"test"
199,"train"
200,"train"
201,"train"
202,"test"
203,"test"
204,"test"
205,"test"
206,"train"
207,"train"
208,"train"
209,"train"
210,"train"
211,"train"
212,"train"
213,"test"
214,"train"
215,"train"
216,"test"
217,"train"
218,"train"
219,"test"
220,"train"
221,"train"
222,"test"
223,"test"
224,"train"
225,"train"
226,"train"
227,"train"
228,"train"
229,"test"
230,"train"
231,"train"
232,"train"
233,"test"
234,"test"
235,"test"
236,"train"
237,"train"
238,"train"
239,"train"
240,"train"
241,"train"
242,"train"
243,"train"
244,"train"
245,"test"
246,"test"
247,"test"
248,"train"
249,"train"
250,"train"
251,"train"
252,"train"
253,"train"
254,"train"
255,"test"
256,"train"
257,"test"
258,"train"
259,"test"
260,"test"
261,"train"
262,"train"
263,"train"
264,"test"
265,"train"
266,"train"
267,"train"
268,"train"
269,"test"
270,"train"
271,"train"
272,"train"
273,"train"
274,"train"
275,"train"
276,"train"
277,"train"
278,"train"
279,"train"
280,"train"
281,"train"
282,"train"
283,"test"
284,"train"
285,"train"
286,"train"
287,"test"
288,"test"
289,"train"
290,"train"
291,"train"
292,"test"
293,"train"
294,"train"
295,"train"
296,"test"
297,"train"
298,"train"
299,"train"
300,"test"
301,"train"
302,"test"
303,"train"
304,"test"
305,"train"
306,"train"
307,"test"
308,"train"
309,"train"
310,"train"
311,"train"
312,"train"
313,"test"
314,"train"
315,"test"
316,"test"
317,"train"
318,"train"
319,"train"
320,"test"
321,"train"
322,"train"
323,"train"
324,"train"
325,"test"
326,"train"
327,"train"
328,"train"
329,"test"
330,"train"
331,"train"
332,"train"
333,"test"
334,"train"
335,"train"
336,"train"
337,"train"
338,"train"
339,"test"
340,"train"
341,"train"
342,"train"
343,"test"
344,"train"
345,"train"
346,"train"
347,"train"
348,"train"
349,"test"
350,"train"
351,"train"
352,"test"
353,"train"
354,"train"
355,"train"
356,"train"
357,"train"
358,"test"
359,"train"
360,"train"
361,"test"
362,"train"
363,"train"
364,"train"
365,"train"
366,"train"
367,"train"
368,"train"
369,"train"
370,"train"
371,"train"
372,"test"
373,"test"
374,"test"
375,"train"
376,"train"
377,"train"
378,"train"
379,"train"
380,"test"
381,"train"
382,"train"
383,"train"
384,"train"
385,"train"
386,"train"
387,"train"
388,"train"
389,"train"
390,"train"
391,"train"
392,"train"
393,"test"
394,"train"
395,"train"
396,"train"
397,"train"
398,"train"
399,"train"
400,"train"
401,"train"
402,"test"
403,"train"
404,"train"
405,"train"
406,"test"
407,"train"
408,"train"
409,"test"
410,"test"
411,"test"
412,"train"
413,"train"
414,"train"
415,"train"
416,"test"
417,"train"
418,"test"
419,"test"
420,"train"
421,"train"
422,"train"
423,"train"
424,"test"
425,"test"
426,"train"
427,"test"
428,"train"
429,"train"
430,"test"
431,"train"
432,"train"
433,"train"
434,"test"
435,"test"
436,"test"
437,"train"
438,"train"
439,"train"
440,"test"
441,"test"
442,"test"
443,"train"
444,"test"
445,"train"
446,"train"
447,"train"
448,"test"
449,"train"
450,"train"
451,"train"
452,"train"
453,"train"
454,"train"
455,"test"
456,"test"
457,"test"
458,"train"
459,"test"
460,"train"
461,"test"
462,"test"
463,"train"
464,"train"
465,"train"
466,"train"
467,"train"
468,"train"
469,"train"
470,"train"
471,"train"
472,"test"
473,"test"
474,"train"
475,"test"
476,"train"
477,"test"
478,"test"
479,"train"
480,"test"
481,"test"
482,"train"
483,"train"
484,"test"
485,"test"
486,"train"
487,"train"
488,"train"
489,"train"
490,"train"
491,"train"
492,"test"
493,"train"
494,"train"
495,"test"
496,"train"
497,"test"
498,"train"
499,"train"
500,"train"
501,"test"
502,"train"
503,"train"
504,"train"
505,"train"
506,"train"
507,"train"
508,"test"
509,"train"
510,"train"
511,"train"
512,"train"
513,"train"
514,"test"
515,"test"
516,"train"
517,"test"
518,"test"
519,"test"
520,"train"
521,"train"
522,"train"
523,"train"
524,"test"
525,"train"
526,"train"
527,"train"
528,"test"
529,"train"
530,"train"
531,"train"
532,"test"
533,"train"
534,"train"
535,"train"
536,"train"
537,"train"
538,"train"
539,"train"
540,"train"
541,"train"
542,"train"
543,"train"
544,"test"
545,"train"
546,"test"
547,"train"
548,"train"
549,"train"
550,"train"
551,"test"
552,"train"
553,"train"
554,"train"
555,"train"
556,"train"
557,"test"
558,"train"
559,"test"
560,"train"
561,"train"
562,"train"
563,"train"
564,"train"
565,"test"
566,"train"
567,"train"
568,"train"
569,"train"
570,"test"
571,"train"
572,"test"
573,"train"
574,"train"
575,"test"
576,"test"
577,"train"
578,"train"
579,"train"
580,"train"
581,"test"
582,"test"
583,"train"
584,"train"
585,"train"
586,"test"
587,"test"
588,"train"
589,"train"
590,"test"
591,"train"
592,"train"
593,"test"
594,"train"
595,"train"
596,"train"
597,"train"
598,"train"
599,"test"
600,"train"
601,"train"
602,"train"
603,"test"
604,"train"
605,"train"
606,"train"
607,"test"
608,"train"
609,"train"
610,"train"
611,"train"
612,"train"
613,"train"
614,"train"
615,"train"
616,"train"
617,"train"
618,"train"
619,"train"
620,"train"
621,"train"
622,"train"
623,"train"
624,"train"
625,"train"
626,"train"
627,"train"
628,"train"
629,"train"
630,"train"
631,"test"
632,"test"
633,"test"
634,"train"
635,"train"
636,"test"
637,"train"
638,"train"
639,"test"
640,"train"
641,"train"
642,"train"
643,"test"
644,"train"
645,"test"
646,"train"
647,"test"
648,"test"
649,"test"
650,"test"
651,"train"
652,"train"
653,"train"
654,"train"
655,"test"
656,"test"
657,"test"
658,"train"
659,"test"
660,"train"
661,"train"
662,"train"
663,"test"
664,"train"
665,"train"
666,"train"
667,"train"
668,"train"
669,"test"
670,"train"
671,"train"
672,"test"
673,"train"
674,"train"
675,"train"
676,"train"
677,"train"
678,"test"
679,"train"
680,"train"
681,"train"
682,"train"
683,"train"
684,"train"
685,"train"
686,"train"
687,"train"
688,"train"
689,"train"
690,"test"
691,"train"
692,"train"
693,"train"
694,"train"
695,"train"
696,"train"
697,"train"
698,"train"
699,"train"
700,"train"
701,"test"
702,"train"
703,"test"
704,"train"
705,"train"
706,"train"
707,"train"
708,"test"
709,"test"
710,"train"
711,"train"
712,"train"
713,"test"
714,"test"
715,"test"
716,"train"
717,"train"
718,"train"
719,"train"
720,"test"
721,"train"
722,"train"
723,"test"
724,"train"
725,"test"
726,"train"
727,"train"
728,"train"
729,"train"
730,"train"
731,"test"
732,"train"
733,"train"
734,"test"
735,"train"
736,"train"
737,"train"
738,"train"
739,"train"
740,"train"
741,"test"
742,"train"
743,"train"
744,"train"
745,"test"
746,"train"
747,"test"
748,"train"
749,"train"
750,"test"
751,"train"
752,"train"
753,"train"
754,"train"
755,"test"
756,"train"
757,"test"
758,"test"
759,"test"
760,"train"
761,"train"
762,"train"
763,"train"
764,"train"
765,"train"
766,"train"
767,"train"
768,"test"
769,"test"
770,"train"
771,"train"
772,"train"
773,"test"
774,"test"
775,"train"
776,"train"
777,"test"
778,"train"
779,"train"
780,"train"
781,"train"
782,"test"
783,"train"
784,"test"
785,"test"
786,"test"
787,"test"
788,"train"
789,"train"
790,"train"
791,"train"
792,"train"
793,"train"
794,"test"
795,"train"
796,"train"
797,"train"
798,"train"
799,"train"
800,"train"
801,"train"
802,"test"
803,"train"
804,"train"
805,"train"
806,"test"
807,"train"
808,"test"
809,"train"
810,"train"
811,"test"
812,"train"
813,"train"
814,"train"
815,"train"
816,"train"
817,"train"
818,"train"
819,"test"
820,"train"
821,"train"
822,"train"
823,"train"
824,"test"
825,"train"
826,"test"
827,"test"
828,"train"
829,"train"
830,"train"
831,"test"
832,"train"
833,"train"
834,"train"
835,"train"
836,"train"
837,"train"
838,"train"
839,"test"
840,"train"
841,"test"
842,"train"
843,"train"
844,"train"
845,"test"
846,"train"
847,"test"
848,"train"
849,"test"
850,"train"
851,"train"
852,"train"
853,"train"
854,"train"
855,"train"
856,"train"
857,"train"
858,"train"
859,"train"
860,"train"
861,"train"
862,"test"
863,"test"
864,"train"
865,"test"
866,"train"
867,"test"
868,"test"
869,"train"
870,"test"
871,"train"
872,"train"
873,"test"
874,"test"
875,"train"
876,"test"
877,"train"
878,"train"
879,"train"
880,"train"
881,"train"
882,"train"
883,"train"
884,"test"
885,"train"
886,"train"
887,"test"
888,"train"
889,"train"
890,"test"
891,"test"
892,"train"
893,"train"
894,"test"
895,"train"
896,"train"
897,"test"
898,"train"
899,"test"
900,"test"
901,"test"
902,"train"
903,"test"
904,"test"
905,"test"
906,"test"
907,"train"
908,"train"
909,"train"
910,"train"
911,"train"
912,"train"
913,"test"
914,"test"
915,"train"
916,"train"
917,"train"
918,"test"
919,"train"
920,"train"
921,"test"
922,"test"
923,"train"
924,"train"
925,"train"
926,"train"
927,"train"
928,"train"
929,"train"
930,"train"
931,"train"
932,"train"
933,"train"
934,"train"
935,"train"
936,"test"
937,"test"
938,"test"
939,"test"
940,"train"
941,"train"
942,"train"
943,"test"
944,"train"
945,"train"
946,"train"
947,"train"
948,"train"
949,"train"
950,"test"
951,"train"
952,"train"
953,"train"
954,"train"
955,"test"
956,"train"
957,"test"
958,"train"
959,"train"
960,"train"
961,"train"
962,"train"
963,"train"
964,"test"
965,"test"
966,"train"
967,"test"
968,"test"
969,"train"
970,"train"
971,"train"
972,"train"
973,"train"
974,"train"
975,"train"
976,"train"
977,"train"
978,"train"
979,"train"
980,"train"
981,"test"
982,"train"
983,"train"
984,"train"
985,"test"
986,"test"
987,"train"
988,"train"
989,"train"
990,"train"
991,"train"
992,"train"
993,"test"
994,"test"
995,"train"
996,"train"
997,"train"
998,"train"
999,"train"
1000,"test"
1001,"test"
1002,"train"
1003,"test"
1004,"train"
1005,"train"
1006,"train"
1007,"train"
1008,"train"
1009,"train"
1010,"train"
1011,"test"
1012,"test"
1013,"train"
1014,"test"
1015,"test"
1016,"train"
1017,"train"
1018,"train"
1019,"train"
1020,"train"
1021,"test"
1022,"train"
1023,"train"
1024,"train"
1025,"train"
1026,"test"
1027,"train"
1028,"train"
1029,"train"
1030,"train"
1031,"test"
1032,"train"
1033,"train"
1034,"train"
1035,"train"
1036,"train"
1037,"train"
1038,"train"
1039,"test"
1040,"train"
1041,"train"
1042,"test"
1043,"test"
1044,"train"
1045,"train"
1046,"train"
1047,"test"
1048,"train"
1049,"train"
1050,"train"
1051,"train"
1052,"test"
1053,"train"
1054,"train"
1055,"train"
1056,"train"
1057,"train"
1058,"train"
1059,"test"
1060,"train"
1061,"train"
1062,"train"
1063,"test"
1064,"train"
1065,"train"
1066,"train"
1067,"train"
1068,"train"
1069,"test"
1070,"train"
1071,"train"
1072,"test"
1073,"train"
1074,"train"
1075,"train"
1076,"train"
1077,"train"
1078,"train"
1079,"train"
1080,"train"
1081,"test"
1082,"test"
1083,"test"
1084,"train"
1085,"train"
1086,"test"
1087,"train"
1088,"train"
1089,"test"
1090,"train"
1091,"train"
1092,"train"
1093,"test"
1094,"test"
1095,"train"
1096,"test"
1097,"train"
1098,"train"
1099,"train"
1100,"train"
1101,"train"
1102,"train"
1103,"train"
1104,"train"
1105,"test"
1106,"train"
1107,"train"
1108,"train"
1109,"train"
1110,"test"
1111,"train"
1112,"test"
1113,"test"
1114,"train"
1115,"train"
1116,"train"
1117,"train"
1118,"test"
1119,"train"
1120,"train"
1121,"test"
1122,"train"
1123,"train"
1124,"train"
1125,"train"
1126,"train"
1127,"test"
1128,"train"
1129,"test"
1130,"test"
1131,"train"
1132,"train"
1133,"train"
1134,"train"
1135,"test"
1136,"test"
1137,"train"
1138,"train"
1139,"train"
1140,"train"
1141,"train"
1142,"test"
1143,"train"
1144,"test"
1145,"test"
1146,"test"
1147,"train"
1148,"test"
1149,"test"
1150,"test"
1151,"train"
1152,"train"
1153,"test"
1154,"train"
1155,"train"
1156,"test"
1157,"train"
1158,"train"
1159,"train"
1160,"train"
1161,"train"
1162,"test"
1163,"train"
1164,"train"
1165,"train"
1166,"test"
1167,"test"
1168,"train"
1169,"train"
1170,"train"
1171,"train"
1172,"test"
1173,"train"
1174,"test"
1175,"test"
1176,"train"
1177,"train"
1178,"train"
1179,"train"
1180,"test"
1181,"train"
1182,"train"
1183,"test"
1184,"test"
1185,"test"
1186,"train"
1187,"test"
1188,"test"
1189,"train"
1190,"train"
1191,"train"
1192,"train"
1193,"train"
1194,"test"
1195,"train"
1196,"train"
1197,"train"
1198,"test"
1199,"train"
1200,"train"
1201,"test"
1202,"train"
1203,"train"
1204,"test"
1205,"test"
1206,"train"
1207,"train"
1208,"test"
1209,"train"
1210,"train"
1211,"train"
1212,"train"
1213,"test"
1214,"train"
1215,"train"
1216,"train"
1217,"test"
1218,"test"
1219,"test"
1220,"train"
1221,"train"
1222,"test"
1223,"train"
1224,"train"
1225,"test"
1226,"train"
1227,"train"
1228,"train"
1229,"train"
1230,"train"
1231,"test"
1232,"test"
1233,"train"
1234,"train"
1235,"train"
1236,"train"
1237,"train"
1238,"train"
1239,"train"
1240,"train"
1241,"test"
1242,"test"
1243,"train"
1244,"test"
1245,"train"
1246,"train"
1247,"train"
1248,"train"
1249,"train"
1250,"test"
1251,"test"
1252,"train"
1253,"test"
1254,"train"
1255,"train"
1256,"test"
1257,"train"
1258,"train"
1259,"train"
1260,"test"
1261,"train"
1262,"train"
1263,"train"
1264,"train"
1265,"train"
1266,"test"
1267,"train"
1268,"train"
1269,"train"
1270,"train"
1271,"train"
1272,"test"
1273,"test"
1274,"train"
1275,"train"
1276,"train"
1277,"train"
1278,"train"
1279,"test"
1280,"train"
1281,"train"
1282,"train"
1283,"train"
1284,"train"
1285,"test"
1286,"train"
1287,"test"
1288,"train"
1289,"train"
1290,"train"
1291,"train"
1292,"train"
1293,"train"
1294,"test"
1295,"train"
1296,"train"
1297,"train"
1298,"test"
1299,"test"
1300,"train"
1301,"train"
1302,"test"
1303,"train"
1304,"train"
1305,"test"
1306,"train"
1307,"train"
1308,"train"
1309,"train"
1310,"train"
1311,"test"
1312,"train"
1313,"test"
1314,"train"
1315,"test"
1316,"test"
1317,"train"
1318,"train"
1319,"test"
1320,"train"
1321,"train"
1322,"train"
1323,"train"
1324,"test"
1325,"train"
1326,"train"
1327,"train"
1328,"test"
1329,"train"
1330,"test"
1331,"train"
1332,"test"
1333,"test"
1334,"train"
1335,"test"
1336,"train"
1337,"train"
1338,"train"
1339,"train"
1340,"train"
1341,"train"
1342,"test"
1343,"test"
1344,"train"
1345,"train"
1346,"train"
1347,"test"
1348,"train"
1349,"train"
1350,"train"
1351,"test"
1352,"train"
1353,"train"
1354,"train"
1355,"train"
1356,"train"
1357,"test"
1358,"train"
1359,"test"
1360,"test"
1361,"test"
1362,"train"
1363,"test"
1364,"train"
1365,"train"
1366,"train"
1367,"train"
1368,"test"
1369,"train"
1370,"train"
1371,"train"
1372,"train"
1373,"train"
1374,"train"
1375,"train"
1376,"train"
1377,"train"
1378,"train"
1379,"train"
1380,"test"
1381,"train"
1382,"test"
1383,"train"
1384,"test"
1385,"train"
1386,"test"
1387,"train"
1388,"train"
1389,"train"
1390,"train"
1391,"test"
1392,"train"
1393,"test"
1394,"test"
1395,"test"
1396,"train"
1397,"train"
1398,"test"
1399,"train"
1400,"train"
1401,"train"
1402,"train"
1403,"test"
1404,"train"
1405,"train"
1406,"test"
1407,"test"
1408,"train"
1409,"train"
1410,"train"
1411,"train"
1412,"train"
1413,"test"
1414,"train"
1415,"train"
1416,"train"
1417,"train"
1418,"train"
1419,"train"
1420,"train"
1421,"test"
1422,"train"
1423,"train"
1424,"train"
1425,"train"
1426,"train"
1427,"train"
1428,"train"
1429,"train"
1430,"train"
1431,"train"
1432,"train"
1433,"train"
1434,"train"
1435,"train"
1436,"train"
1437,"test"
1438,"train"
1439,"train"
1440,"test"
1441,"test"
1442,"train"
1443,"train"
1444,"train"
1445,"train"
1446,"train"
1447,"test"
1448,"test"
1449,"train"
1450,"train"
1451,"train"
1452,"train"
1453,"train"
1454,"test"
1455,"train"
1456,"train"
1457,"test"
1458,"test"
1459,"train"
1460,"test"
1461,"train"
1462,"train"
1463,"train"
1464,"train"
1465,"test"
1466,"train"
1467,"train"
1468,"test"
1469,"train"
1470,"train"
1471,"test"
1472,"test"
1473,"train"
1474,"train"
1475,"train"
1476,"train"
1477,"test"
1478,"train"
1479,"train"
1480,"train"
1481,"train"
1482,"train"
1483,"train"
1484,"train"
1485,"train"
1486,"test"
1487,"train"
1488,"train"
1489,"test"
1490,"train"
1491,"train"
1492,"train"
1493,"test"
1494,"test"
1495,"train"
1496,"train"
1497,"train"
1498,"train"
1499,"test"
1500,"test"
1501,"test"
1502,"train"
1503,"train"
1504,"train"
1505,"test"
1506,"train"
1507,"train"
1508,"test"
1509,"train"
1510,"train"
1511,"train"
1512,"test"
1513,"train"
1514,"train"
1515,"train"
1516,"train"
1517,"test"
1518,"train"
1519,"train"
1520,"train"
1521,"train"
1522,"test"
1523,"train"
1524,"train"
1525,"train"
1526,"train"
1527,"train"
1528,"test"
1529,"train"
1530,"train"
1531,"test"
1532,"train"
1533,"train"
1534,"train"
1535,"train"
1536,"train"
1537,"train"
1538,"test"
1539,"train"
1540,"train"
1541,"test"
1542,"train"
1543,"test"
1544,"test"
1545,"train"
1546,"test"
1547,"test"
1548,"train"
1549,"train"
1550,"test"
1551,"test"
1552,"train"
1553,"test"
1554,"train"
1555,"train"
1556,"train"
1557,"test"
1558,"train"
1559,"test"
1560,"train"
1561,"test"
1562,"test"
1563,"train"
1564,"test"
1565,"train"
1566,"test"
1567,"train"
1568,"test"
1569,"train"
1570,"train"
1571,"train"
1572,"test"
1573,"train"
1574,"train"
1575,"test"
1576,"train"
1577,"train"
1578,"train"
1579,"test"
1580,"train"
1581,"train"
1582,"test"
1583,"train"
1584,"train"
1585,"test"
1586,"train"
1587,"test"
1588,"train"
1589,"train"
1590,"train"
1591,"test"
1592,"train"
1593,"train"
1594,"test"
1595,"train"
1596,"test"
1597,"train"
1598,"train"
1599,"test"
1600,"test"
1601,"test"
1602,"train"
1603,"train"
1604,"train"
1605,"train"
1606,"train"
1607,"train"
1608,"test"
1609,"train"
1610,"test"
1611,"test"
1612,"train"
1613,"test"
1614,"train"
1615,"train"
1616,"train"
1617,"test"
1618,"test"
1619,"train"
1620,"train"
1621,"train"
1622,"test"
1623,"train"
1624,"test"
1625,"train"
1626,"train"
1627,"train"
1628,"test"
1629,"train"
1630,"train"
1631,"test"
1632,"train"
1633,"train"
1634,"train"
1635,"test"
1636,"train"
1637,"train"
1638,"test"
1639,"train"
1640,"train"
1641,"train"
1642,"test"
1643,"test"
1644,"train"
1645,"train"
1646,"train"
1647,"train"
1648,"test"
1649,"test"
1650,"train"
1651,"test"
1652,"train"
1653,"train"
1654,"train"
1655,"test"
1656,"train"
1657,"test"
1658,"test"
1659,"train"
1660,"train"
1661,"train"
1662,"test"
1663,"train"
1664,"test"
1665,"train"
1666,"train"
1667,"test"
1668,"train"
1669,"test"
1670,"test"
1671,"train"
1672,"train"
1673,"train"
1674,"test"
1675,"train"
1676,"test"
1677,"train"
1678,"test"
1679,"train"
1680,"test"
1681,"train"
1682,"test"
1683,"train"
1684,"train"
1685,"test"
1686,"train"
1687,"train"
1688,"train"
1689,"test"
1690,"train"
1691,"test"
1692,"test"
1693,"test"
1694,"train"
1695,"train"
1696,"train"
1697,"test"
1698,"test"
1699,"train"
1700,"test"
1701,"train"
1702,"train"
1703,"train"
1704,"train"
1705,"train"
1706,"train"
1707,"train"
1708,"train"
1709,"train"
1710,"train"
1711,"train"
1712,"train"
1713,"train"
1714,"train"
1715,"train"
1716,"train"
1717,"train"
1718,"train"
1719,"train"
1720,"train"
1721,"train"
1722,"train"
1723,"train"
1724,"train"
1725,"test"
1726,"test"
1727,"train"
1728,"train"
1729,"train"
1730,"test"
1731,"train"
1732,"train"
1733,"train"
1734,"train"
1735,"train"
1736,"train"
1737,"train"
1738,"train"
1739,"test"
1740,"test"
1741,"train"
1742,"test"
1743,"train"
1744,"train"
1745,"train"
1746,"train"
1747,"train"
1748,"test"
1749,"test"
1750,"test"
1751,"test"
1752,"train"
1753,"train"
1754,"test"
1755,"train"
1756,"test"
1757,"test"
1758,"train"
1759,"test"
1760,"train"
1761,"train"
1762,"test"
1763,"test"
1764,"test"
1765,"train"
1766,"train"
1767,"train"
1768,"train"
1769,"train"
1770,"train"
1771,"test"
1772,"test"
1773,"test"
1774,"train"
1775,"train"
1776,"train"
1777,"train"
1778,"test"
1779,"train"
1780,"train"
1781,"test"
1782,"train"
1783,"train"
1784,"test"
1785,"train"
1786,"test"
1787,"train"
1788,"train"
1789,"test"
1790,"train"
1791,"train"
1792,"train"
1793,"train"
1794,"train"
1795,"train"
1796,"train"
1797,"test"
1798,"train"
1799,"train"
1800,"test"
1801,"train"
1802,"train"
1803,"train"
1804,"train"
1805,"test"
1806,"train"
1807,"test"
1808,"train"
1809,"test"
1810,"test"
1811,"test"
1812,"test"
1813,"train"
1814,"test"
1815,"test"
1816,"train"
1817,"train"
1818,"train"
1819,"train"
1820,"train"
1821,"train"
1822,"train"
1823,"train"
1824,"test"
1825,"train"
1826,"train"
1827,"test"
1828,"train"
1829,"train"
1830,"test"
1831,"train"
1832,"test"
1833,"train"
1834,"test"
1835,"train"
1836,"train"
1837,"train"
1838,"train"
1839,"train"
1840,"train"
1841,"test"
1842,"train"
1843,"train"
1844,"train"
1845,"test"
1846,"train"
1847,"test"
1848,"train"
1849,"train"
1850,"train"
1851,"train"
1852,"train"
1853,"train"
1854,"train"
1855,"test"
1856,"train"
1857,"train"
1858,"train"
1859,"train"
1860,"train"
1861,"train"
1862,"test"
1863,"train"
1864,"train"
1865,"train"
1866,"train"
1867,"train"
1868,"test"
1869,"train"
1870,"train"
1871,"train"
1872,"test"
1873,"train"
1874,"train"
1875,"test"
1876,"train"
1877,"train"
1878,"test"
1879,"train"
1880,"train"
1881,"train"
1882,"test"
1883,"train"
1884,"train"
1885,"test"
1886,"train"
1887,"test"
1888,"train"
1889,"train"
1890,"train"
1891,"train"
1892,"test"
1893,"train"
1894,"test"
1895,"train"
1896,"train"
1897,"train"
1898,"train"
1899,"test"
1900,"train"
1901,"train"
1902,"train"
1903,"train"
1904,"test"
1905,"test"
1906,"train"
1907,"train"
1908,"train"
1909,"test"
1910,"train"
1911,"train"
1912,"test"
1913,"train"
1914,"train"
1915,"train"
1916,"test"
1917,"train"
1918,"train"
1919,"test"
1920,"train"
1921,"test"
1922,"train"
1923,"train"
1924,"train"
1925,"train"
1926,"train"
1927,"train"
1928,"train"
1929,"train"
1930,"test"
1931,"train"
1932,"train"
1933,"train"
1934,"test"
1935,"test"
1936,"train"
1937,"test"
1938,"train"
1939,"test"
1940,"test"
1941,"train"
1942,"train"
1943,"test"
1944,"train"
1945,"test"
1946,"train"
1947,"train"
1948,"train"
1949,"train"
1950,"train"
1951,"test"
1952,"train"
1953,"train"
1954,"train"
1955,"train"
1956,"train"
1957,"train"
1958,"test"
1959,"train"
1960,"test"
1961,"train"
1962,"train"
1963,"train"
1964,"train"
1965,"train"
1966,"train"
1967,"train"
1968,"train"
1969,"train"
1970,"train"
1971,"test"
1972,"train"
1973,"train"
1974,"train"
1975,"test"
1976,"test"
1977,"train"
1978,"train"
1979,"train"
1980,"train"
1981,"test"
1982,"test"
1983,"train"
1984,"train"
1985,"train"
1986,"train"
1987,"train"
1988,"train"
1989,"train"
1990,"train"
1991,"test"
1992,"train"
1993,"train"
1994,"test"
1995,"train"
1996,"train"
1997,"train"
1998,"train"
1999,"train"
2000,"train"
2001,"test"
2002,"train"
2003,"train"
2004,"train"
2005,"test"
2006,"train"
2007,"train"
2008,"train"
2009,"train"
2010,"train"
2011,"train"
2012,"train"
2013,"train"
2014,"test"
2015,"train"
2016,"train"
2017,"train"
2018,"train"
2019,"test"
2020,"test"
2021,"train"
2022,"train"
2023,"test"
2024,"train"
2025,"train"
2026,"train"
2027,"train"
2028,"test"
2029,"train"
2030,"train"
2031,"test"
2032,"train"
2033,"test"
2034,"test"
2035,"train"
2036,"train"
2037,"test"
2038,"train"
2039,"train"
2040,"test"
2041,"train"
2042,"test"
2043,"train"
2044,"test"
2045,"train"
2046,"test"
2047,"train"
2048,"train"
2049,"train"
2050,"train"
2051,"test"
2052,"train"
2053,"test"
2054,"test"
2055,"train"
2056,"train"
2057,"train"
2058,"test"
2059,"test"
2060,"train"
2061,"train"
2062,"train"
2063,"test"
2064,"test"
2065,"train"
2066,"train"
2067,"test"
2068,"test"
2069,"test"
2070,"train"
2071,"train"
2072,"train"
2073,"train"
2074,"test"
2075,"train"
2076,"test"
2077,"train"
2078,"train"
2079,"test"
2080,"test"
2081,"train"
2082,"train"
2083,"train"
2084,"train"
2085,"train"
2086,"test"
2087,"test"
2088,"test"
2089,"train"
2090,"train"
2091,"train"
2092,"train"
2093,"train"
2094,"train"
2095,"train"
2096,"test"
2097,"train"
2098,"test"
2099,"test"
2100,"train"
2101,"train"
2102,"train"
2103,"train"
2104,"train"
2105,"test"
2106,"train"
2107,"train"
2108,"train"
2109,"train"
2110,"test"
2111,"test"
2112,"train"
2113,"train"
2114,"train"
2115,"train"
2116,"test"
2117,"test"
2118,"train"
2119,"train"
2120,"test"
2121,"train"
2122,"train"
2123,"train"
2124,"train"
2125,"test"
2126,"train"
2127,"test"
2128,"train"
2129,"train"
2130,"test"
2131,"train"
2132,"test"
2133,"test"
2134,"train"
2135,"train"
2136,"train"
2137,"train"
2138,"test"
2139,"train"
2140,"train"
2141,"train"
2142,"test"
2143,"test"
2144,"train"
2145,"train"
2146,"test"
2147,"train"
2148,"test"
2149,"test"
2150,"test"
2151,"train"
2152,"train"
2153,"train"
2154,"train"
2155,"test"
2156,"train"
2157,"test"
2158,"train"
2159,"train"
2160,"train"
2161,"test"
2162,"train"
2163,"test"
2164,"train"
2165,"train"
2166,"train"
2167,"train"
2168,"train"
2169,"test"
2170,"test"
2171,"test"
2172,"train"
2173,"train"
2174,"test"
2175,"train"
2176,"train"
2177,"train"
2178,"test"
2179,"train"
2180,"test"
2181,"train"
2182,"train"
2183,"test"
2184,"train"
2185,"train"
2186,"train"
2187,"train"
2188,"train"
2189,"train"
2190,"test"
2191,"train"
2192,"train"
2193,"train"
2194,"train"
2195,"train"
2196,"train"
2197,"test"
2198,"train"
2199,"train"
2200,"train"
2201,"train"
2202,"train"
2203,"train"
2204,"test"
2205,"test"
2206,"train"
2207,"test"
2208,"test"
2209,"train"
2210,"train"
2211,"test"
2212,"train"
2213,"train"
2214,"train"
2215,"test"
2216,"train"
2217,"train"
2218,"train"
2219,"test"
2220,"train"
2221,"train"
2222,"train"
2223,"train"
2224,"train"
2225,"test"
2226,"test"
2227,"train"
2228,"train"
2229,"train"
2230,"train"
2231,"test"
2232,"test"
2233,"train"
2234,"test"
2235,"train"
2236,"train"
2237,"train"
2238,"test"
2239,"test"
2240,"train"
2241,"train"
2242,"train"
2243,"train"
2244,"test"
2245,"train"
2246,"test"
2247,"train"
2248,"test"
2249,"train"
2250,"train"
2251,"test"
2252,"train"
2253,"train"
2254,"train"
2255,"train"
2256,"train"
2257,"train"
2258,"test"
2259,"train"
2260,"train"
2261,"train"
2262,"train"
2263,"train"
2264,"train"
2265,"train"
2266,"train"
2267,"test"
2268,"train"
2269,"train"
2270,"train"
2271,"test"
2272,"train"
2273,"train"
2274,"train"
2275,"train"
2276,"train"
2277,"test"
2278,"train"
2279,"train"
2280,"train"
2281,"train"
2282,"test"
2283,"test"
2284,"test"
2285,"test"
2286,"train"
2287,"train"
2288,"train"
2289,"train"
2290,"train"
2291,"train"
2292,"train"
2293,"test"
2294,"test"
2295,"train"
2296,"train"
2297,"train"
2298,"train"
2299,"train"
2300,"test"
2301,"train"
2302,"train"
2303,"train"
2304,"train"
2305,"test"
2306,"test"
2307,"train"
2308,"train"
2309,"train"
2310,"train"
2311,"train"
2312,"train"
2313,"train"
2314,"train"
2315,"test"
2316,"train"
2317,"test"
2318,"train"
2319,"train"
2320,"test"
2321,"test"
2322,"train"
2323,"test"
2324,"test"
2325,"train"
2326,"train"
2327,"train"
2328,"train"
2329,"test"
2330,"train"
2331,"train"
2332,"train"
2333,"test"
2334,"train"
2335,"train"
2336,"train"
2337,"train"
2338,"train"
2339,"train"
2340,"test"
2341,"train"
2342,"train"
2343,"train"
2344,"train"
2345,"train"
2346,"train"
2347,"test"
2348,"train"
2349,"train"
2350,"train"
2351,"test"
2352,"train"
2353,"test"
2354,"test"
2355,"train"
2356,"train"
2357,"test"
2358,"test"
2359,"train"
2360,"train"
2361,"train"
2362,"train"
2363,"train"
2364,"test"
2365,"train"
2366,"test"
2367,"train"
2368,"train"
2369,"train"
2370,"train"
2371,"train"
2372,"test"
2373,"train"
2374,"train"
2375,"train"
2376,"train"
2377,"train"
2378,"test"
2379,"train"
2380,"train"
2381,"test"
2382,"train"
2383,"train"
2384,"train"
2385,"train"
2386,"train"
2387,"train"
2388,"train"
2389,"train"
2390,"train"
2391,"test"
2392,"test"
2393,"train"
2394,"train"
2395,"train"
2396,"train"
2397,"test"
2398,"train"
2399,"train"
2400,"test"
2401,"train"
2402,"test"
2403,"train"
2404,"train"
2405,"train"
2406,"test"
2407,"test"
2408,"train"
2409,"train"
2410,"train"
2411,"train"
2412,"train"
2413,"test"
2414,"train"
2415,"test"
2416,"train"
2417,"test"
2418,"test"
2419,"train"
2420,"train"
2421,"test"
2422,"test"
2423,"train"
2424,"test"
2425,"test"
2426,"train"
2427,"train"
2428,"train"
2429,"train"
2430,"test"
2431,"train"
2432,"train"
2433,"test"
2434,"test"
2435,"test"
2436,"train"
2437,"train"
2438,"test"
2439,"train"
2440,"train"
2441,"train"
2442,"test"
2443,"train"
2444,"train"
2445,"train"
2446,"test"
2447,"train"
2448,"train"
2449,"test"
2450,"train"
2451,"train"
2452,"test"
2453,"train"
2454,"train"
2455,"train"
2456,"test"
2457,"test"
2458,"test"
2459,"train"
2460,"train"
2461,"train"
2462,"train"
2463,"train"
2464,"test"
2465,"train"
2466,"train"
2467,"train"
2468,"train"
2469,"train"
2470,"train"
2471,"train"
2472,"train"
2473,"test"
2474,"train"
2475,"train"
2476,"test"
2477,"train"
2478,"train"
2479,"train"
2480,"train"
2481,"train"
2482,"train"
2483,"train"
2484,"train"
2485,"train"
2486,"train"
2487,"test"
2488,"train"
2489,"train"
2490,"train"
2491,"train"
2492,"train"
2493,"test"
2494,"train"
2495,"train"
2496,"train"
2497,"train"
2498,"train"
2499,"train"
2500,"train"
2501,"test"
2502,"train"
2503,"train"
2504,"train"
2505,"train"
2506,"train"
2507,"train"
2508,"test"
2509,"train"
2510,"test"
2511,"train"
2512,"train"
2513,"test"
2514,"train"
2515,"train"
2516,"train"
2517,"train"
2518,"train"
2519,"train"
2520,"train"
2521,"train"
2522,"train"
2523,"test"
2524,"train"
2525,"train"
2526,"test"
2527,"test"
2528,"test"
2529,"test"
2530,"train"
2531,"test"
2532,"train"
2533,"train"
2534,"train"
2535,"train"
2536,"test"
2537,"train"
2538,"train"
2539,"test"
2540,"train"
2541,"train"
2542,"test"
2543,"test"
2544,"train"
2545,"train"
2546,"train"
2547,"train"
2548,"train"
2549,"train"
2550,"train"
2551,"train"
2552,"train"
2553,"train"
2554,"train"
2555,"train"
2556,"test"
2557,"test"
2558,"train"
2559,"train"
2560,"train"
2561,"train"
2562,"train"
2563,"test"
2564,"train"
2565,"train"
2566,"train"
2567,"test"
2568,"test"
2569,"train"
2570,"train"
2571,"test"
2572,"test"
2573,"train"
2574,"train"
2575,"test"
2576,"train"
2577,"train"
2578,"train"
2579,"train"
2580,"train"
2581,"train"
2582,"train"
2583,"train"
2584,"train"
2585,"train"
2586,"train"
2587,"train"
2588,"train"
2589,"train"
2590,"train"
2591,"train"
2592,"train"
2593,"train"
2594,"train"
2595,"train"
2596,"test"
2597,"train"
2598,"test"
2599,"train"
2600,"train"
2601,"train"
2602,"train"
2603,"test"
2604,"train"
2605,"train"
2606,"train"
2607,"train"
2608,"train"
2609,"test"
2610,"test"
2611,"train"
2612,"test"
2613,"train"
2614,"train"
2615,"train"
2616,"test"
2617,"train"
2618,"train"
2619,"train"
2620,"train"
2621,"train"
2622,"train"
2623,"train"
2624,"train"
2625,"train"
2626,"train"
2627,"train"
2628,"test"
2629,"train"
2630,"train"
2631,"train"
2632,"train"
2633,"train"
2634,"train"
2635,"test"
2636,"train"
2637,"test"
2638,"train"
2639,"train"
2640,"train"
2641,"train"
2642,"train"
2643,"train"
2644,"train"
2645,"train"
2646,"train"
2647,"test"
2648,"test"
2649,"train"
2650,"test"
2651,"test"
2652,"train"
2653,"train"
2654,"train"
2655,"train"
2656,"train"
2657,"train"
2658,"test"
2659,"test"
2660,"train"
2661,"train"
2662,"train"
2663,"train"
2664,"train"
2665,"train"
2666,"train"
2667,"train"
2668,"train"
2669,"train"
2670,"test"
2671,"train"
2672,"train"
2673,"test"
2674,"train"
2675,"train"
2676,"test"
2677,"train"
2678,"train"
2679,"test"
2680,"test"
2681,"test"
2682,"test"
2683,"train"
2684,"train"
2685,"train"
2686,"train"
2687,"train"
2688,"train"
2689,"test"
2690,"train"
2691,"test"
2692,"train"
2693,"train"
2694,"train"
2695,"train"
2696,"train"
2697,"test"
2698,"test"
2699,"test"
2700,"test"
2701,"test"
2702,"train"
2703,"train"
2704,"train"
2705,"train"
2706,"test"
2707,"train"
2708,"train"
2709,"test"
2710,"train"
2711,"train"
2712,"train"
2713,"train"
2714,"test"
2715,"train"
2716,"train"
2717,"train"
2718,"test"
2719,"train"
2720,"train"
2721,"test"
2722,"train"
2723,"train"
2724,"train"
2725,"test"
2726,"test"
2727,"test"
2728,"train"
2729,"test"
2730,"train"
2731,"train"
2732,"train"
2733,"train"
2734,"train"
2735,"train"
2736,"train"
2737,"test"
2738,"train"
2739,"train"
2740,"train"
2741,"train"
2742,"train"
2743,"train"
2744,"train"
2745,"train"
2746,"test"
2747,"train"
2748,"train"
2749,"test"
2750,"train"
2751,"test"
2752,"train"
2753,"train"
2754,"train"
2755,"train"
2756,"train"
2757,"train"
2758,"train"
2759,"train"
2760,"train"
2761,"test"
2762,"train"
2763,"train"
2764,"train"
2765,"train"
2766,"train"
2767,"train"
2768,"train"
2769,"train"
2770,"test"
2771,"train"
2772,"train"
2773,"train"
2774,"train"
2775,"test"
2776,"train"
2777,"test"
2778,"train"
2779,"train"
2780,"train"
2781,"train"
2782,"test"
2783,"train"
2784,"test"
2785,"test"
2786,"train"
2787,"test"
2788,"train"
2789,"train"
2790,"train"
2791,"train"
2792,"train"
2793,"train"
2794,"test"
2795,"train"
2796,"train"
2797,"train"
2798,"test"
2799,"train"
2800,"test"
2801,"train"
2802,"train"
2803,"train"
2804,"test"
2805,"train"
2806,"test"
2807,"train"
2808,"train"
2809,"train"
2810,"train"
2811,"train"
2812,"test"
2813,"train"
2814,"train"
2815,"train"
2816,"train"
2817,"train"
2818,"train"
2819,"test"
2820,"train"
2821,"train"
2822,"train"
2823,"train"
2824,"train"
2825,"train"
2826,"train"
2827,"train"
2828,"train"
2829,"train"
2830,"train"
2831,"train"
2832,"test"
2833,"train"
2834,"train"
2835,"train"
2836,"train"
2837,"test"
2838,"test"
2839,"train"
2840,"train"
2841,"test"
2842,"train"
2843,"train"
2844,"train"
2845,"test"
2846,"test"
2847,"train"
2848,"test"
2849,"train"
2850,"train"
2851,"train"
2852,"test"
2853,"train"
2854,"train"
2855,"train"
2856,"train"
2857,"test"
2858,"train"
2859,"train"
2860,"train"
2861,"test"
2862,"train"
2863,"train"
2864,"test"
2865,"train"
2866,"test"
2867,"train"
2868,"train"
2869,"train"
2870,"train"
2871,"train"
2872,"train"
2873,"test"
2874,"train"
2875,"train"
2876,"train"
2877,"train"
2878,"test"
2879,"train"
2880,"train"
2881,"train"
2882,"train"
2883,"train"
2884,"train"
2885,"test"
2886,"train"
2887,"train"
2888,"test"
2889,"train"
2890,"train"
2891,"test"
2892,"train"
2893,"train"
2894,"test"
2895,"train"
2896,"test"
2897,"train"
2898,"test"
2899,"train"
2900,"test"
2901,"test"
2902,"train"
2903,"train"
2904,"train"
2905,"train"
2906,"train"
2907,"test"
2908,"train"
2909,"test"
2910,"train"
2911,"train"
2912,"test"
2913,"train"
2914,"train"
2915,"train"
2916,"train"
2917,"train"
2918,"train"
2919,"test"
2920,"train"
2921,"test"
2922,"test"
2923,"test"
2924,"test"
2925,"train"
2926,"train"
2927,"train"
2928,"train"
2929,"train"
2930,"train"
2931,"test"
2932,"train"
2933,"train"
2934,"test"
2935,"train"
2936,"train"
2937,"train"
2938,"train"
2939,"train"
2940,"test"
2941,"train"
2942,"train"
2943,"train"
2944,"train"
2945,"test"
2946,"train"
2947,"train"
2948,"test"
2949,"test"
2950,"train"
2951,"train"
2952,"test"
2953,"test"
2954,"train"
2955,"train"
2956,"test"
2957,"test"
2958,"train"
2959,"test"
2960,"test"
2961,"train"
2962,"train"
2963,"test"
2964,"test"
2965,"train"
2966,"train"
2967,"train"
2968,"train"
2969,"test"
2970,"test"
2971,"train"
2972,"train"
2973,"train"
2974,"test"
2975,"train"
2976,"train"
2977,"train"
2978,"test"
2979,"test"
2980,"train"
2981,"test"
2982,"train"
2983,"train"
2984,"train"
2985,"test"
2986,"train"
2987,"train"
2988,"train"
2989,"train"
2990,"test"
2991,"test"
2992,"test"
2993,"train"
2994,"train"
2995,"train"
2996,"train"
2997,"train"
2998,"test"
2999,"train"
3000,"train"
3001,"train"
3002,"test"
3003,"train"
3004,"test"
3005,"test"
3006,"train"
3007,"test"
3008,"test"
3009,"train"
3010,"train"
3011,"train"
3012,"train"
3013,"train"
3014,"train"
3015,"train"
3016,"train"
3017,"train"
3018,"train"
3019,"train"
3020,"train"
3021,"train"
3022,"test"
3023,"test"
3024,"train"
3025,"train"
3026,"train"
3027,"test"
3028,"train"
3029,"train"
3030,"train"
3031,"train"
3032,"train"
3033,"train"
3034,"train"
3035,"train"
3036,"test"
3037,"train"
3038,"test"
3039,"train"
3040,"test"
3041,"test"
3042,"train"
3043,"train"
3044,"test"
3045,"test"
3046,"test"
3047,"test"
3048,"test"
3049,"train"
3050,"train"
3051,"train"
3052,"train"
3053,"train"
3054,"test"
3055,"test"
3056,"train"
3057,"test"
3058,"train"
3059,"test"
3060,"train"
3061,"test"
3062,"train"
3063,"test"
3064,"train"
3065,"train"
3066,"test"
3067,"train"
3068,"train"
3069,"test"
3070,"test"
3071,"train"
3072,"train"
3073,"test"
3074,"train"
3075,"test"
3076,"test"
3077,"test"
3078,"train"
3079,"test"
3080,"train"
3081,"train"
3082,"train"
3083,"train"
3084,"train"
3085,"train"
3086,"train"
3087,"train"
3088,"train"
3089,"train"
3090,"train"
3091,"train"
3092,"train"
3093,"train"
3094,"test"
3095,"train"
3096,"train"
3097,"train"
3098,"train"
3099,"train"
3100,"test"
3101,"train"
3102,"train"
3103,"train"
3104,"train"
3105,"train"
3106,"train"
3107,"test"
3108,"train"
3109,"test"
3110,"train"
3111,"test"
3112,"test"
3113,"train"
3114,"train"
3115,"train"
3116,"test"
3117,"test"
3118,"train"
3119,"train"
3120,"test"
3121,"train"
3122,"test"
3123,"train"
3124,"test"
3125,"train"
3126,"train"
3127,"test"
3128,"train"
3129,"train"
3130,"train"
3131,"train"
3132,"train"
3133,"train"
3134,"train"
3135,"test"
3136,"train"
3137,"train"
3138,"train"
3139,"test"
3140,"train"
3141,"train"
3142,"train"
3143,"train"
3144,"train"
3145,"test"
3146,"train"
3147,"train"
3148,"train"
3149,"train"
3150,"train"
3151,"test"
3152,"train"
3153,"train"
3154,"train"
3155,"train"
3156,"train"
3157,"test"
3158,"train"
3159,"test"
3160,"train"
3161,"train"
3162,"train"
3163,"train"
3164,"test"
3165,"train"
3166,"train"
3167,"train"
3168,"train"
3169,"test"
3170,"train"
3171,"train"
3172,"train"
3173,"train"
3174,"test"
3175,"train"
3176,"train"
3177,"train"
3178,"test"
3179,"test"
3180,"train"
3181,"train"
3182,"test"
3183,"test"
3184,"train"
3185,"test"
3186,"train"
3187,"train"
3188,"test"
3189,"train"
3190,"train"
3191,"train"
3192,"train"
3193,"train"
3194,"train"
3195,"test"
3196,"train"
3197,"test"
3198,"train"
3199,"test"
3200,"train"
3201,"test"
3202,"train"
3203,"test"
3204,"train"
3205,"test"
3206,"train"
3207,"train"
3208,"train"
3209,"test"
3210,"train"
3211,"test"
3212,"test"
3213,"train"
3214,"train"
3215,"test"
3216,"train"
3217,"train"
3218,"train"
3219,"train"
3220,"train"
3221,"train"
3222,"test"
3223,"train"
3224,"test"
3225,"train"
3226,"train"
3227,"train"
3228,"test"
3229,"test"
3230,"test"
3231,"train"
3232,"train"
3233,"train"
3234,"train"
3235,"train"
3236,"train"
3237,"train"
3238,"train"
3239,"test"
3240,"test"
3241,"train"
3242,"train"
3243,"test"
3244,"train"
3245,"train"
3246,"test"
3247,"train"
3248,"test"
3249,"train"
3250,"test"
3251,"test"
3252,"train"
3253,"train"
3254,"train"
3255,"train"
3256,"train"
3257,"train"
3258,"test"
3259,"train"
3260,"train"
3261,"train"
3262,"train"
3263,"train"
3264,"train"
3265,"train"
3266,"train"
3267,"train"
3268,"train"
3269,"test"
3270,"train"
3271,"test"
3272,"train"
3273,"test"
3274,"test"
3275,"train"
3276,"train"
3277,"train"
3278,"train"
3279,"test"
3280,"test"
3281,"test"
3282,"test"
3283,"test"
3284,"train"
3285,"test"
3286,"train"
3287,"train"
3288,"test"
3289,"test"
3290,"test"
3291,"train"
3292,"test"
3293,"test"
3294,"test"
3295,"test"
3296,"test"
3297,"test"
3298,"test"
3299,"train"
3300,"train"
3301,"train"
3302,"train"
3303,"train"
3304,"test"
3305,"train"
3306,"train"
3307,"train"
3308,"train"
3309,"train"
3310,"train"
3311,"test"
3312,"train"
3313,"train"
3314,"train"
3315,"test"
3316,"train"
3317,"train"
3318,"train"
3319,"train"
3320,"train"
3321,"train"
3322,"train"
3323,"test"
3324,"test"
3325,"train"
3326,"train"
3327,"train"
3328,"train"
3329,"train"
3330,"train"
3331,"train"
3332,"train"
3333,"train"
3334,"train"
3335,"train"
3336,"train"
3337,"test"
3338,"train"
3339,"train"
3340,"test"
3341,"train"
3342,"train"
3343,"train"
3344,"train"
3345,"test"
3346,"train"
3347,"train"
3348,"train"
3349,"test"
3350,"train"
3351,"train"
3352,"train"
3353,"test"
3354,"train"
3355,"train"
3356,"test"
3357,"test"
3358,"train"
3359,"test"
3360,"train"
3361,"train"
3362,"train"
3363,"test"
3364,"train"
3365,"train"
3366,"test"
3367,"train"
3368,"train"
3369,"train"
3370,"test"
3371,"train"
3372,"train"
3373,"test"
3374,"test"
3375,"train"
3376,"train"
3377,"train"
3378,"test"
3379,"train"
3380,"train"
3381,"train"
3382,"test"
3383,"train"
3384,"train"
3385,"train"
3386,"train"
3387,"train"
3388,"test"
3389,"train"
3390,"test"
3391,"train"
3392,"train"
3393,"train"
3394,"test"
3395,"train"
3396,"train"
3397,"train"
3398,"test"
3399,"test"
3400,"train"
3401,"train"
3402,"train"
3403,"train"
3404,"test"
3405,"train"
3406,"train"
3407,"train"
3408,"train"
3409,"train"
3410,"train"
3411,"train"
3412,"train"
3413,"train"
3414,"train"
3415,"test"
3416,"train"
3417,"test"
3418,"test"
3419,"train"
3420,"train"
3421,"train"
3422,"test"
3423,"train"
3424,"train"
3425,"train"
3426,"test"
3427,"train"
3428,"test"
3429,"train"
3430,"train"
3431,"test"
3432,"train"
3433,"train"
3434,"test"
3435,"train"
3436,"test"
3437,"train"
3438,"test"
3439,"train"
3440,"train"
3441,"train"
3442,"train"
3443,"train"
3444,"train"
3445,"train"
3446,"test"
3447,"train"
3448,"train"
3449,"test"
3450,"test"
3451,"train"
3452,"train"
3453,"train"
3454,"test"
3455,"train"
3456,"test"
3457,"train"
3458,"test"
3459,"test"
3460,"train"
3461,"test"
3462,"train"
3463,"train"
3464,"test"
3465,"train"
3466,"train"
3467,"train"
3468,"train"
3469,"train"
3470,"train"
3471,"train"
3472,"train"
3473,"train"
3474,"train"
3475,"train"
3476,"test"
3477,"train"
3478,"train"
3479,"test"
3480,"train"
3481,"train"
3482,"train"
3483,"train"
3484,"test"
3485,"train"
3486,"train"
3487,"train"
3488,"train"
3489,"test"
3490,"train"
3491,"test"
3492,"train"
3493,"train"
3494,"train"
3495,"train"
3496,"test"
3497,"train"
3498,"test"
3499,"train"
3500,"train"
3501,"train"
3502,"train"
3503,"train"
3504,"train"
3505,"test"
3506,"test"
3507,"test"
3508,"train"
3509,"test"
3510,"train"
3511,"train"
3512,"test"
3513,"train"
3514,"train"
3515,"test"
3516,"train"
3517,"train"
3518,"test"
3519,"train"
3520,"train"
3521,"train"
3522,"train"
3523,"train"
3524,"train"
3525,"test"
3526,"train"
3527,"train"
3528,"test"
3529,"train"
3530,"train"
3531,"train"
3532,"train"
3533,"train"
3534,"test"
3535,"train"
3536,"train"
3537,"test"
3538,"train"
3539,"train"
3540,"train"
3541,"test"
3542,"test"
3543,"train"
3544,"train"
3545,"train"
3546,"test"
3547,"train"
3548,"train"
3549,"train"
3550,"test"
3551,"train"
3552,"train"
3553,"train"
3554,"test"
3555,"train"
3556,"train"
3557,"train"
3558,"train"
3559,"test"
3560,"test"
3561,"test"
3562,"train"
3563,"train"
3564,"train"
3565,"test"
3566,"train"
3567,"train"
3568,"train"
3569,"train"
3570,"test"
3571,"test"
3572,"train"
3573,"test"
3574,"train"
3575,"test"
3576,"test"
3577,"test"
3578,"test"
3579,"test"
3580,"test"
3581,"test"
3582,"test"
3583,"train"
3584,"train"
3585,"test"
3586,"train"
3587,"train"
3588,"test"
3589,"test"
3590,"test"
3591,"train"
3592,"train"
3593,"train"
3594,"train"
3595,"test"
3596,"test"
3597,"train"
3598,"train"
3599,"test"
3600,"train"
3601,"train"
3602,"test"
3603,"test"
3604,"test"
3605,"train"
3606,"train"
3607,"train"
3608,"train"
3609,"train"
3610,"test"
3611,"train"
3612,"train"
3613,"train"
3614,"train"
3615,"train"
3616,"test"
3617,"train"
3618,"train"
3619,"train"
3620,"train"
3621,"train"
3622,"train"
3623,"train"
3624,"train"
3625,"test"
3626,"train"
3627,"train"
3628,"train"
3629,"train"
3630,"test"
3631,"test"
3632,"train"
3633,"train"
3634,"train"
3635,"train"
3636,"train"
3637,"train"
3638,"test"
3639,"train"
3640,"train"
3641,"test"
3642,"test"
3643,"test"
3644,"train"
3645,"train"
3646,"train"
3647,"test"
3648,"train"
3649,"train"
3650,"train"
3651,"train"
3652,"train"
3653,"test"
3654,"test"
3655,"train"
3656,"train"
3657,"train"
3658,"test"
3659,"train"
3660,"train"
3661,"train"
3662,"train"
3663,"train"
3664,"train"
3665,"train"
3666,"train"
3667,"train"
3668,"train"
3669,"train"
3670,"test"
3671,"train"
3672,"train"
3673,"test"
3674,"train"
3675,"train"
3676,"train"
3677,"test"
3678,"test"
3679,"train"
3680,"test"
3681,"test"
3682,"train"
3683,"train"
3684,"test"
3685,"train"
3686,"test"
3687,"test"
3688,"train"
3689,"train"
3690,"train"
3691,"train"
3692,"test"
3693,"test"
3694,"test"
3695,"train"
3696,"train"
3697,"train"
3698,"test"
3699,"test"
3700,"test"
3701,"train"
3702,"train"
3703,"train"
3704,"test"
3705,"test"
3706,"train"
3707,"train"
3708,"test"
3709,"test"
3710,"test"
3711,"test"
3712,"train"
3713,"train"
3714,"train"
3715,"train"
3716,"train"
3717,"test"
3718,"test"
3719,"train"
3720,"train"
3721,"train"
3722,"train"
3723,"train"
3724,"train"
3725,"train"
3726,"train"
3727,"train"
3728,"test"
3729,"train"
3730,"test"
3731,"test"
3732,"train"
3733,"train"
3734,"train"
3735,"train"
3736,"train"
3737,"test"
3738,"train"
3739,"train"
3740,"train"
3741,"train"
3742,"train"
3743,"train"
3744,"train"
3745,"train"
3746,"test"
3747,"train"
3748,"train"
3749,"train"
3750,"train"
3751,"test"
3752,"train"
3753,"train"
3754,"test"
3755,"train"
3756,"train"
3757,"train"
3758,"test"
3759,"test"
3760,"train"
3761,"test"
3762,"test"
3763,"test"
3764,"test"
3765,"train"
3766,"train"
3767,"test"
3768,"train"
3769,"train"
3770,"train"
3771,"train"
3772,"train"
3773,"train"
3774,"train"
3775,"train"
3776,"train"
3777,"test"
3778,"train"
3779,"train"
3780,"train"
3781,"train"
3782,"train"
3783,"test"
3784,"test"
3785,"train"
3786,"train"
3787,"train"
3788,"test"
3789,"train"
3790,"train"
3791,"train"
3792,"train"
3793,"test"
3794,"train"
3795,"train"
3796,"train"
3797,"test"
3798,"test"
3799,"test"
3800,"train"
3801,"train"
3802,"train"
3803,"test"
3804,"train"
3805,"train"
3806,"train"
3807,"test"
3808,"test"
3809,"train"
3810,"test"
3811,"train"
3812,"train"
3813,"train"
3814,"test"
3815,"train"
3816,"test"
3817,"train"
3818,"train"
3819,"test"
3820,"train"
3821,"train"
3822,"train"
3823,"test"
3824,"train"
3825,"train"
3826,"train"
3827,"train"
3828,"train"
3829,"train"
3830,"train"
3831,"train"
3832,"test"
3833,"train"
3834,"train"
3835,"test"
3836,"train"
3837,"train"
3838,"test"
3839,"train"
3840,"train"
3841,"test"
3842,"train"
3843,"train"
3844,"train"
3845,"train"
3846,"train"
3847,"test"
3848,"test"
3849,"train"
3850,"test"
3851,"test"
3852,"train"
3853,"train"
3854,"train"
3855,"test"
3856,"test"
3857,"train"
3858,"test"
3859,"train"
3860,"train"
3861,"test"
3862,"train"
3863,"test"
3864,"test"
3865,"test"
3866,"train"
3867,"train"
3868,"train"
3869,"train"
3870,"train"
3871,"train"
3872,"train"
3873,"train"
3874,"train"
3875,"test"
3876,"test"
3877,"train"
3878,"test"
3879,"test"
3880,"train"
3881,"test"
3882,"test"
3883,"train"
3884,"test"
3885,"test"
3886,"test"
3887,"train"
3888,"train"
3889,"train"
3890,"train"
3891,"train"
3892,"train"
3893,"train"
3894,"train"
3895,"train"
3896,"train"
3897,"train"
3898,"test"
3899,"test"
3900,"test"
3901,"test"
3902,"train"
3903,"train"
3904,"train"
3905,"train"
3906,"train"
3907,"train"
3908,"train"
3909,"train"
3910,"train"
3911,"train"
3912,"train"
3913,"train"
3914,"train"
3915,"test"
3916,"train"
3917,"train"
3918,"test"
3919,"test"
3920,"train"
3921,"train"
3922,"test"
3923,"train"
3924,"test"
3925,"test"
3926,"train"
3927,"test"
3928,"train"
3929,"train"
3930,"test"
3931,"train"
3932,"train"
3933,"train"
3934,"train"
3935,"test"
3936,"test"
3937,"test"
3938,"train"
3939,"train"
3940,"train"
3941,"train"
3942,"train"
3943,"test"
3944,"train"
3945,"train"
3946,"test"
3947,"test"
3948,"train"
3949,"train"
3950,"train"
3951,"test"
3952,"train"
3953,"train"
3954,"test"
3955,"train"
3956,"train"
3957,"test"
3958,"train"
3959,"train"
3960,"train"
3961,"train"
3962,"train"
3963,"test"
3964,"train"
3965,"train"
3966,"train"
3967,"train"
3968,"train"
3969,"test"
3970,"train"
3971,"test"
3972,"train"
3973,"train"
3974,"train"
3975,"test"
3976,"test"
3977,"train"
3978,"train"
3979,"test"
3980,"train"
3981,"test"
3982,"test"
3983,"train"
3984,"train"
3985,"train"
3986,"test"
3987,"train"
3988,"train"
3989,"train"
3990,"train"
3991,"train"
3992,"train"
3993,"train"
3994,"test"
3995,"train"
3996,"train"
3997,"train"
3998,"test"
3999,"train"
4000,"train"
4001,"train"
4002,"train"
4003,"train"
4004,"test"
4005,"test"
4006,"train"
4007,"test"
4008,"test"
4009,"test"
4010,"test"
4011,"train"
4012,"train"
4013,"train"
4014,"test"
4015,"test"
4016,"train"
4017,"train"
4018,"train"
4019,"test"
4020,"train"
4021,"train"
4022,"train"
4023,"test"
4024,"train"
4025,"train"
4026,"train"
4027,"train"
4028,"train"
4029,"train"
4030,"test"
4031,"train"
4032,"train"
4033,"train"
4034,"train"
4035,"train"
4036,"train"
4037,"train"
4038,"train"
4039,"train"
4040,"train"
4041,"test"
4042,"train"
4043,"train"
4044,"test"
4045,"train"
4046,"test"
4047,"test"
4048,"test"
4049,"test"
4050,"train"
4051,"train"
4052,"train"
4053,"train"
4054,"test"
4055,"test"
4056,"train"
4057,"test"
4058,"test"
4059,"train"
4060,"train"
4061,"test"
4062,"train"
4063,"test"
4064,"train"
4065,"test"
4066,"test"
4067,"train"
4068,"train"
4069,"train"
4070,"train"
4071,"train"
4072,"test"
4073,"train"
4074,"train"
4075,"train"
4076,"train"
4077,"test"
4078,"train"
4079,"test"
4080,"train"
4081,"train"
4082,"test"
4083,"train"
4084,"train"
4085,"train"
4086,"train"
4087,"train"
4088,"train"
4089,"train"
4090,"train"
4091,"test"
4092,"test"
4093,"test"
4094,"test"
4095,"train"
4096,"test"
4097,"test"
4098,"train"
4099,"train"
4100,"train"
4101,"train"
4102,"train"
4103,"train"
4104,"test"
4105,"train"
4106,"test"
4107,"train"
4108,"train"
4109,"train"
4110,"test"
4111,"train"
4112,"test"
4113,"train"
4114,"train"
4115,"train"
4116,"train"
4117,"train"
4118,"train"
4119,"test"
4120,"test"
4121,"train"
4122,"train"
4123,"test"
4124,"train"
4125,"train"
4126,"train"
4127,"train"
4128,"train"
4129,"train"
4130,"train"
4131,"train"
4132,"train"
4133,"train"
4134,"train"
4135,"test"
4136,"train"
4137,"test"
4138,"test"
4139,"train"
4140,"train"
4141,"train"
4142,"train"
4143,"test"
4144,"test"
4145,"train"
4146,"train"
4147,"test"
4148,"test"
4149,"test"
4150,"train"
4151,"train"
4152,"train"
4153,"train"
4154,"test"
4155,"train"
4156,"train"
4157,"train"
4158,"train"
4159,"test"
4160,"train"
4161,"train"
4162,"train"
4163,"train"
4164,"train"
4165,"test"
4166,"train"
4167,"test"
4168,"train"
4169,"test"
4170,"test"
4171,"test"
4172,"train"
4173,"train"
4174,"train"
4175,"train"
4176,"train"
4177,"test"
4178,"train"
4179,"test"
4180,"train"
4181,"train"
4182,"train"
4183,"train"
4184,"train"
4185,"train"
4186,"train"
4187,"train"
4188,"train"
4189,"test"
4190,"train"
4191,"train"
4192,"test"
4193,"train"
4194,"train"
4195,"test"
4196,"test"
4197,"train"
4198,"train"
4199,"train"
4200,"train"
4201,"train"
4202,"test"
4203,"test"
4204,"train"
4205,"train"
4206,"train"
4207,"train"
4208,"train"
4209,"train"
4210,"train"
4211,"train"
4212,"train"
4213,"train"
4214,"test"
4215,"train"
4216,"train"
4217,"train"
4218,"train"
4219,"train"
4220,"train"
4221,"train"
4222,"train"
4223,"test"
4224,"test"
4225,"test"
4226,"train"
4227,"test"
4228,"test"
4229,"train"
4230,"test"
4231,"test"
4232,"train"
4233,"train"
4234,"test"
4235,"test"
4236,"train"
4237,"train"
4238,"test"
4239,"train"
4240,"test"
4241,"test"
4242,"train"
4243,"test"
4244,"test"
4245,"train"
4246,"train"
4247,"train"
4248,"train"
4249,"train"
4250,"train"
4251,"train"
4252,"train"
4253,"test"
4254,"train"
4255,"train"
4256,"test"
4257,"test"
4258,"test"
4259,"train"
4260,"test"
4261,"train"
4262,"train"
4263,"train"
4264,"test"
4265,"train"
4266,"test"
4267,"train"
4268,"test"
4269,"train"
4270,"train"
4271,"test"
4272,"train"
4273,"train"
4274,"train"
4275,"train"
4276,"test"
4277,"train"
4278,"test"
4279,"train"
4280,"test"
4281,"train"
4282,"train"
4283,"train"
4284,"test"
4285,"test"
4286,"train"
4287,"train"
4288,"test"
4289,"train"
4290,"train"
4291,"test"
4292,"test"
4293,"train"
4294,"train"
4295,"train"
4296,"train"
4297,"test"
4298,"test"
4299,"test"
4300,"test"
4301,"train"
4302,"train"
4303,"test"
4304,"test"
4305,"train"
4306,"train"
4307,"test"
4308,"train"
4309,"train"
4310,"train"
4311,"train"
4312,"train"
4313,"train"
4314,"train"
4315,"test"
4316,"test"
4317,"train"
4318,"test"
4319,"test"
4320,"train"
4321,"train"
4322,"test"
4323,"train"
4324,"test"
4325,"test"
4326,"train"
4327,"train"
4328,"test"
4329,"test"
4330,"train"
4331,"test"
4332,"train"
4333,"test"
4334,"train"
4335,"train"
4336,"test"
4337,"train"
4338,"test"
4339,"train"
4340,"train"
4341,"train"
4342,"train"
4343,"train"
4344,"train"
4345,"train"
4346,"test"
4347,"train"
4348,"train"
4349,"train"
4350,"train"
4351,"test"
4352,"train"
4353,"train"
4354,"train"
4355,"train"
4356,"train"
4357,"test"
4358,"train"
4359,"train"
4360,"test"
4361,"test"
4362,"train"
4363,"train"
4364,"test"
4365,"train"
4366,"train"
4367,"train"
4368,"train"
4369,"train"
4370,"train"
4371,"train"
4372,"train"
4373,"train"
4374,"train"
4375,"train"
4376,"train"
4377,"train"
4378,"test"
4379,"train"
4380,"train"
4381,"train"
4382,"train"
4383,"train"
4384,"test"
4385,"train"
4386,"test"
4387,"train"
4388,"train"
4389,"train"
4390,"train"
4391,"test"
4392,"train"
4393,"train"
4394,"train"
4395,"train"
4396,"train"
4397,"train"
4398,"train"
4399,"train"
4400,"test"
4401,"test"
4402,"test"
4403,"test"
4404,"train"
4405,"train"
4406,"test"
4407,"test"
4408,"train"
4409,"test"
4410,"train"
4411,"train"
4412,"train"
4413,"test"
4414,"train"
4415,"test"
4416,"train"
4417,"train"
4418,"train"
4419,"test"
4420,"test"
4421,"test"
4422,"train"
4423,"train"
4424,"train"
4425,"train"
4426,"train"
4427,"test"
4428,"test"
4429,"test"
4430,"train"
4431,"train"
4432,"train"
4433,"train"
4434,"train"
4435,"test"
4436,"train"
4437,"train"
4438,"train"
4439,"test"
4440,"train"
4441,"test"
4442,"train"
4443,"train"
4444,"train"
4445,"test"
4446,"train"
4447,"test"
4448,"train"
4449,"train"
4450,"test"
4451,"train"
4452,"train"
4453,"test"
4454,"train"
4455,"train"
4456,"train"
4457,"train"
4458,"test"
4459,"train"
4460,"test"
4461,"train"
4462,"train"
4463,"train"
4464,"test"
4465,"test"
4466,"train"
4467,"train"
4468,"train"
4469,"train"
4470,"train"
4471,"train"
4472,"test"
4473,"test"
4474,"train"
4475,"train"
4476,"train"
4477,"train"
4478,"train"
4479,"test"
4480,"train"
4481,"train"
4482,"test"
4483,"train"
4484,"test"
4485,"test"
4486,"train"
4487,"test"
4488,"train"
4489,"train"
4490,"train"
4491,"train"
4492,"train"
4493,"test"
4494,"train"
4495,"train"
4496,"train"
4497,"train"
4498,"test"
4499,"test"
4500,"train"
4501,"test"
4502,"train"
4503,"train"
4504,"train"
4505,"train"
4506,"train"
4507,"train"
4508,"train"
4509,"train"
4510,"train"
4511,"train"
4512,"train"
4513,"train"
4514,"train"
4515,"train"
4516,"train"
4517,"train"
4518,"test"
4519,"train"
4520,"test"
4521,"train"
4522,"train"
4523,"test"
4524,"train"
4525,"train"
4526,"train"
4527,"train"
4528,"test"
4529,"test"
4530,"train"
4531,"test"
4532,"train"
4533,"train"
4534,"train"
4535,"train"
4536,"train"
4537,"train"
4538,"train"
4539,"test"
4540,"train"
4541,"train"
4542,"train"
4543,"train"
4544,"train"
4545,"test"
4546,"train"
4547,"train"
4548,"train"
4549,"train"
4550,"train"
4551,"train"
4552,"test"
4553,"train"
4554,"test"
4555,"train"
4556,"train"
4557,"train"
4558,"train"
4559,"test"
4560,"train"
4561,"train"
4562,"test"
4563,"train"
4564,"train"
4565,"train"
4566,"test"
4567,"train"
4568,"train"
4569,"test"
4570,"test"
4571,"test"
4572,"test"
4573,"train"
4574,"test"
4575,"train"
4576,"train"
4577,"train"
4578,"test"
4579,"test"
4580,"test"
4581,"test"
4582,"test"
4583,"train"
4584,"train"
4585,"test"
4586,"test"
4587,"test"
4588,"train"
4589,"test"
4590,"test"
4591,"train"
4592,"test"
4593,"train"
4594,"train"
4595,"test"
4596,"train"
4597,"test"
4598,"train"
4599,"train"
4600,"train"
4601,"test"
4602,"test"
4603,"test"
4604,"train"
4605,"test"
4606,"train"
4607,"test"
4608,"test"
4609,"test"
4610,"train"
4611,"test"
4612,"test"
4613,"train"
4614,"train"
4615,"train"
4616,"test"
4617,"test"
4618,"test"
4619,"train"
4620,"train"
4621,"train"
4622,"test"
4623,"train"
4624,"train"
4625,"train"
4626,"train"
4627,"train"
4628,"test"
4629,"train"
4630,"train"
4631,"test"
4632,"train"
4633,"test"
4634,"train"
4635,"train"
4636,"test"
4637,"train"
4638,"train"
4639,"train"
4640,"train"
4641,"train"
4642,"train"
4643,"train"
4644,"test"
4645,"train"
4646,"test"
4647,"test"
4648,"train"
4649,"test"
4650,"train"
4651,"train"
4652,"train"
4653,"train"
4654,"train"
4655,"test"
4656,"train"
4657,"train"
4658,"test"
4659,"train"
4660,"train"
4661,"test"
4662,"test"
4663,"train"
4664,"train"
4665,"train"
4666,"train"
4667,"train"
4668,"train"
4669,"train"
4670,"test"
4671,"train"
4672,"test"
4673,"test"
4674,"test"
4675,"test"
4676,"train"
4677,"test"
4678,"train"
4679,"test"
4680,"train"
4681,"train"
4682,"train"
4683,"train"
4684,"train"
4685,"test"
4686,"test"
4687,"train"
4688,"train"
4689,"test"
4690,"train"
4691,"test"
4692,"train"
4693,"train"
4694,"test"
4695,"train"
4696,"train"
4697,"train"
4698,"test"
4699,"train"
4700,"train"
4701,"train"
4702,"test"
4703,"train"
4704,"train"
4705,"test"
4706,"train"
4707,"train"
4708,"train"
4709,"train"
4710,"train"
4711,"train"
4712,"train"
4713,"train"
4714,"test"
4715,"test"
4716,"train"
4717,"train"
4718,"train"
4719,"train"
4720,"train"
4721,"train"
4722,"train"
4723,"test"
4724,"train"
4725,"train"
4726,"train"
4727,"test"
4728,"train"
4729,"train"
4730,"test"
4731,"train"
4732,"train"
4733,"test"
4734,"train"
4735,"test"
4736,"test"
4737,"test"
4738,"train"
4739,"train"
4740,"train"
4741,"train"
4742,"train"
4743,"train"
4744,"train"
4745,"train"
4746,"test"
4747,"train"
4748,"test"
4749,"train"
4750,"train"
4751,"test"
4752,"train"
4753,"train"
4754,"train"
4755,"train"
4756,"test"
4757,"train"
4758,"train"
4759,"test"
4760,"train"
4761,"test"
4762,"test"
4763,"test"
4764,"train"
4765,"train"
4766,"train"
4767,"train"
4768,"test"
4769,"train"
4770,"test"
4771,"test"
4772,"test"
4773,"test"
4774,"test"
4775,"train"
4776,"train"
4777,"test"
4778,"train"
4779,"train"
4780,"test"
4781,"train"
4782,"test"
4783,"test"
4784,"train"
4785,"test"
4786,"train"
4787,"train"
4788,"train"
4789,"test"
4790,"test"
4791,"train"
4792,"train"
4793,"test"
4794,"train"
4795,"train"
4796,"train"
4797,"train"
4798,"train"
4799,"train"
4800,"train"
4801,"test"
4802,"train"
4803,"train"
4804,"train"
4805,"test"
4806,"test"
4807,"test"
4808,"train"
4809,"train"
4810,"train"
4811,"train"
4812,"train"
4813,"test"
4814,"train"
4815,"train"
4816,"test"
4817,"train"
4818,"train"
4819,"train"
4820,"train"
4821,"train"
4822,"train"
4823,"test"
4824,"test"
4825,"train"
4826,"train"
4827,"train"
4828,"train"
4829,"train"
4830,"train"
4831,"train"
4832,"test"
4833,"train"
4834,"test"
4835,"test"
4836,"train"
4837,"train"
4838,"train"
4839,"test"
4840,"train"
4841,"train"
4842,"train"
4843,"train"
4844,"test"
4845,"train"
4846,"test"
4847,"train"
4848,"train"
4849,"train"
4850,"test"
4851,"train"
4852,"train"
4853,"test"
4854,"train"
4855,"train"
4856,"train"
4857,"train"
4858,"train"
4859,"train"
4860,"train"
4861,"test"
4862,"test"
4863,"train"
4864,"test"
4865,"test"
4866,"train"
4867,"test"
4868,"train"
4869,"train"
4870,"train"
4871,"train"
4872,"train"
4873,"train"
4874,"test"
4875,"test"
4876,"train"
4877,"test"
4878,"train"
4879,"train"
4880,"train"
4881,"test"
4882,"test"
4883,"train"
4884,"train"
4885,"test"
4886,"train"
4887,"train"
4888,"test"
4889,"test"
4890,"test"
4891,"train"
4892,"test"
4893,"train"
4894,"train"
4895,"train"
4896,"test"
4897,"train"
4898,"train"
4899,"train"
4900,"train"
4901,"train"
4902,"test"
4903,"test"
4904,"train"
4905,"train"
4906,"train"
4907,"test"
4908,"train"
4909,"train"
4910,"test"
4911,"train"
4912,"train"
4913,"test"
4914,"train"
4915,"train"
4916,"train"
4917,"train"
4918,"test"
4919,"train"
4920,"test"
4921,"train"
4922,"train"
4923,"train"
4924,"test"
4925,"train"
4926,"train"
4927,"test"
4928,"train"
4929,"test"
4930,"train"
4931,"train"
4932,"train"
4933,"train"
4934,"train"
4935,"train"
4936,"train"
4937,"test"
4938,"train"
4939,"train"
4940,"train"
4941,"test"
4942,"train"
4943,"train"
4944,"test"
4945,"train"
4946,"train"
4947,"test"
4948,"test"
4949,"train"
4950,"test"
4951,"train"
4952,"train"
4953,"train"
4954,"test"
4955,"train"
4956,"test"
4957,"train"
4958,"train"
4959,"test"
4960,"test"
4961,"train"
4962,"train"
4963,"train"
4964,"train"
4965,"train"
4966,"train"
4967,"test"
4968,"test"
4969,"train"
4970,"train"
4971,"test"
4972,"test"
4973,"test"
4974,"test"
4975,"train"
4976,"train"
4977,"train"
4978,"train"
4979,"test"
4980,"test"
4981,"train"
4982,"train"
4983,"train"
4984,"train"
4985,"test"
4986,"test"
4987,"test"
4988,"train"
4989,"train"
4990,"train"
4991,"train"
4992,"test"
4993,"test"
4994,"train"
4995,"train"
4996,"train"
4997,"test"
4998,"test"
4999,"train"
5000,"train"
5001,"test"
5002,"test"
5003,"train"
5004,"train"
5005,"train"
5006,"train"
5007,"test"
5008,"train"
5009,"train"
5010,"train"
5011,"train"
5012,"train"
5013,"train"
5014,"train"
5015,"train"
5016,"train"
5017,"train"
5018,"train"
5019,"test"
5020,"train"
5021,"test"
5022,"test"
5023,"train"
5024,"test"
5025,"train"
5026,"test"
5027,"train"
5028,"train"
5029,"test"
5030,"train"
5031,"test"
5032,"train"
5033,"train"
5034,"test"
5035,"test"
5036,"test"
5037,"train"
5038,"test"
5039,"train"
5040,"train"
5041,"test"
5042,"train"
5043,"train"
5044,"test"
5045,"train"
5046,"train"
5047,"train"
5048,"test"
5049,"test"
5050,"train"
5051,"train"
5052,"train"
5053,"train"
5054,"train"
5055,"test"
5056,"train"
5057,"test"
5058,"train"
5059,"train"
5060,"test"
5061,"train"
5062,"test"
5063,"train"
5064,"train"
5065,"train"
5066,"train"
5067,"train"
5068,"train"
5069,"train"
5070,"train"
5071,"train"
5072,"train"
5073,"train"
5074,"train"
5075,"train"
5076,"train"
5077,"train"
5078,"test"
5079,"train"
5080,"train"
5081,"train"
5082,"train"
5083,"test"
5084,"train"
5085,"train"
5086,"train"
5087,"train"
5088,"test"
5089,"train"
5090,"train"
5091,"test"
5092,"test"
5093,"train"
5094,"train"
5095,"train"
5096,"test"
5097,"train"
5098,"test"
5099,"test"
5100,"train"
5101,"train"
5102,"train"
5103,"test"
5104,"train"
5105,"train"
5106,"test"
5107,"train"
5108,"train"
5109,"test"
5110,"train"
5111,"test"
5112,"train"
5113,"train"
5114,"train"
5115,"train"
5116,"test"
5117,"train"
5118,"train"
5119,"train"
5120,"test"
5121,"train"
5122,"test"
5123,"train"
5124,"train"
5125,"train"
5126,"train"
5127,"train"
5128,"train"
5129,"test"
5130,"train"
5131,"train"
5132,"test"
5133,"test"
5134,"test"
5135,"train"
5136,"test"
5137,"train"
5138,"test"
5139,"test"
5140,"train"
5141,"train"
5142,"train"
5143,"train"
5144,"test"
5145,"train"
5146,"train"
5147,"test"
5148,"test"
5149,"test"
5150,"train"
5151,"train"
5152,"train"
5153,"train"
5154,"train"
5155,"train"
5156,"train"
5157,"train"
5158,"train"
5159,"train"
5160,"train"
5161,"test"
5162,"train"
5163,"train"
5164,"test"
5165,"train"
5166,"train"
5167,"train"
5168,"test"
5169,"train"
5170,"train"
5171,"test"
5172,"test"
5173,"train"
5174,"test"
5175,"train"
5176,"train"
5177,"train"
5178,"train"
5179,"train"
5180,"train"
5181,"train"
5182,"train"
5183,"train"
5184,"train"
5185,"train"
5186,"train"
5187,"train"
5188,"train"
5189,"train"
5190,"train"
5191,"train"
5192,"train"
5193,"train"
5194,"train"
5195,"train"
5196,"train"
5197,"train"
5198,"train"
5199,"train"
5200,"test"
5201,"train"
5202,"test"
5203,"test"
5204,"test"
5205,"train"
5206,"test"
5207,"test"
5208,"train"
5209,"train"
5210,"train"
5211,"train"
5212,"train"
5213,"train"
5214,"train"
5215,"test"
5216,"test"
5217,"train"
5218,"test"
5219,"train"
5220,"train"
5221,"train"
5222,"train"
5223,"test"
5224,"train"
5225,"train"
5226,"train"
5227,"train"
5228,"train"
5229,"train"
5230,"train"
5231,"train"
5232,"train"
5233,"test"
5234,"train"
5235,"test"
5236,"train"
5237,"train"
5238,"train"
5239,"train"
5240,"test"
5241,"train"
5242,"train"
5243,"train"
5244,"train"
5245,"train"
5246,"train"
5247,"test"
5248,"train"
5249,"train"
5250,"test"
5251,"test"
5252,"train"
5253,"train"
5254,"train"
5255,"train"
5256,"train"
5257,"train"
5258,"train"
5259,"train"
5260,"train"
5261,"train"
5262,"test"
5263,"train"
5264,"train"
5265,"train"
5266,"train"
5267,"train"
5268,"train"
5269,"test"
5270,"train"
5271,"train"
5272,"test"
5273,"train"
5274,"test"
5275,"train"
5276,"train"
5277,"train"
5278,"train"
5279,"train"
5280,"train"
5281,"train"
5282,"train"
5283,"train"
5284,"train"
5285,"test"
5286,"test"
5287,"test"
5288,"train"
5289,"test"
5290,"test"
5291,"train"
5292,"train"
5293,"train"
5294,"train"
5295,"train"
5296,"train"
5297,"test"
5298,"train"
5299,"test"
5300,"train"
5301,"train"
5302,"train"
5303,"train"
5304,"train"
5305,"train"
5306,"train"
5307,"train"
5308,"train"
5309,"train"
5310,"train"
5311,"test"
5312,"test"
5313,"train"
5314,"test"
5315,"train"
5316,"test"
5317,"train"
5318,"test"
5319,"train"
5320,"train"
5321,"test"
5322,"test"
5323,"train"
5324,"test"
5325,"train"
5326,"test"
5327,"train"
5328,"train"
5329,"test"
5330,"train"
5331,"test"
5332,"train"
5333,"test"
5334,"train"
5335,"train"
5336,"train"
5337,"train"
5338,"train"
5339,"train"
5340,"train"
5341,"train"
5342,"train"
5343,"test"
5344,"train"
5345,"test"
5346,"train"
5347,"train"
5348,"train"
5349,"train"
5350,"train"
5351,"train"
5352,"train"
5353,"test"
5354,"train"
5355,"train"
5356,"test"
5357,"train"
5358,"train"
5359,"train"
5360,"test"
5361,"train"
5362,"train"
5363,"train"
5364,"test"
5365,"test"
5366,"train"
5367,"test"
5368,"train"
5369,"train"
5370,"train"
5371,"train"
5372,"train"
5373,"test"
5374,"train"
5375,"test"
5376,"test"
5377,"train"
5378,"test"
5379,"test"
5380,"test"
5381,"train"
5382,"train"
5383,"train"
5384,"train"
5385,"test"
5386,"test"
5387,"test"
5388,"train"
5389,"train"
5390,"train"
5391,"train"
5392,"test"
5393,"train"
5394,"train"
5395,"train"
5396,"train"
5397,"train"
5398,"train"
5399,"test"
5400,"train"
5401,"train"
5402,"test"
5403,"train"
5404,"test"
5405,"train"
5406,"train"
5407,"test"
5408,"train"
5409,"train"
5410,"test"
5411,"test"
5412,"train"
5413,"test"
5414,"train"
5415,"train"
5416,"train"
5417,"train"
5418,"train"
5419,"train"
5420,"test"
5421,"test"
5422,"train"
5423,"train"
5424,"train"
5425,"test"
5426,"train"
5427,"test"
5428,"test"
5429,"test"
5430,"test"
5431,"test"
5432,"train"
5433,"test"
5434,"test"
5435,"train"
5436,"train"
5437,"train"
5438,"train"
5439,"train"
5440,"test"
5441,"train"
5442,"train"
5443,"train"
5444,"train"
5445,"train"
5446,"train"
5447,"train"
5448,"test"
5449,"test"
5450,"train"
5451,"train"
5452,"test"
5453,"test"
5454,"test"
5455,"train"
5456,"train"
5457,"train"
5458,"train"
5459,"test"
5460,"test"
5461,"test"
5462,"train"
5463,"train"
5464,"test"
5465,"train"
5466,"test"
5467,"train"
5468,"train"
5469,"train"
5470,"train"
5471,"train"
5472,"test"
5473,"train"
5474,"train"
5475,"train"
5476,"train"
5477,"test"
5478,"train"
5479,"train"
5480,"test"
5481,"train"
5482,"train"
5483,"train"
5484,"train"
5485,"train"
5486,"train"
5487,"train"
5488,"test"
5489,"test"
5490,"train"
5491,"test"
5492,"test"
5493,"train"
5494,"train"
5495,"test"
5496,"test"
5497,"train"
5498,"train"
5499,"train"
5500,"test"
5501,"train"
5502,"test"
5503,"train"
5504,"train"
5505,"train"
5506,"train"
5507,"train"
5508,"train"
5509,"train"
5510,"train"
5511,"train"
5512,"train"
5513,"train"
5514,"train"
5515,"train"
5516,"test"
5517,"test"
5518,"test"
5519,"train"
5520,"train"
5521,"train"
5522,"train"
5523,"train"
5524,"train"
5525,"test"
5526,"train"
5527,"train"
5528,"train"
5529,"train"
5530,"train"
5531,"train"
5532,"test"
5533,"train"
5534,"train"
5535,"train"
5536,"train"
5537,"train"
5538,"test"
5539,"train"
5540,"train"
5541,"test"
5542,"train"
5543,"train"
5544,"train"
5545,"train"
5546,"train"
5547,"train"
5548,"train"
5549,"train"
5550,"train"
5551,"train"
5552,"train"
5553,"train"
5554,"test"
5555,"train"
5556,"train"
5557,"train"
5558,"train"
5559,"train"
5560,"train"
5561,"test"
5562,"train"
5563,"train"
5564,"test"
5565,"train"
5566,"test"
5567,"test"
5568,"train"
5569,"train"
5570,"test"
5571,"train"
5572,"train"
5573,"train"
5574,"test"
5575,"test"
5576,"test"
5577,"train"
5578,"test"
5579,"train"
5580,"train"
5581,"train"
5582,"train"
5583,"train"
5584,"test"
5585,"train"
5586,"test"
5587,"train"
5588,"train"
5589,"test"
5590,"train"
5591,"train"
5592,"train"
5593,"train"
5594,"test"
5595,"train"
5596,"train"
5597,"test"
5598,"train"
5599,"test"
5600,"train"
5601,"train"
5602,"train"
5603,"train"
5604,"train"
5605,"train"
5606,"train"
5607,"train"
5608,"train"
5609,"train"
5610,"test"
5611,"train"
5612,"train"
5613,"train"
5614,"train"
5615,"train"
5616,"train"
5617,"train"
5618,"train"
5619,"train"
5620,"train"
5621,"train"
5622,"train"
5623,"train"
5624,"test"
5625,"train"
5626,"train"
5627,"test"
5628,"train"
5629,"train"
5630,"train"
5631,"test"
5632,"train"
5633,"train"
5634,"train"
5635,"train"
5636,"train"
5637,"train"
5638,"train"
5639,"train"
5640,"test"
5641,"train"
5642,"train"
5643,"train"
5644,"train"
5645,"train"
5646,"train"
5647,"test"
5648,"test"
5649,"test"
5650,"train"
5651,"test"
5652,"train"
5653,"test"
5654,"test"
5655,"train"
5656,"train"
5657,"train"
5658,"train"
5659,"test"
5660,"test"
5661,"test"
5662,"test"
5663,"train"
5664,"train"
5665,"train"
5666,"train"
5667,"train"
5668,"train"
5669,"train"
5670,"test"
5671,"test"
5672,"test"
5673,"test"
5674,"train"
5675,"train"
5676,"train"
5677,"train"
5678,"train"
5679,"train"
5680,"train"
5681,"train"
5682,"train"
5683,"train"
5684,"train"
5685,"test"
5686,"test"
5687,"train"
5688,"train"
5689,"test"
5690,"train"
5691,"train"
5692,"train"
5693,"train"
5694,"train"
5695,"train"
5696,"train"
5697,"train"
5698,"train"
5699,"test"
5700,"test"
5701,"test"
5702,"train"
5703,"test"
5704,"train"
5705,"test"
5706,"train"
5707,"test"
5708,"train"
5709,"train"
5710,"train"
5711,"train"
5712,"train"
5713,"test"
5714,"train"
5715,"train"
5716,"test"
5717,"train"
5718,"train"
5719,"train"
5720,"test"
5721,"test"
5722,"test"
5723,"train"
5724,"train"
5725,"train"
5726,"test"
5727,"train"
5728,"train"
5729,"train"
5730,"train"
5731,"train"
5732,"train"
5733,"train"
5734,"train"
5735,"train"
5736,"train"
5737,"train"
5738,"train"
5739,"train"
5740,"train"
5741,"test"
5742,"test"
5743,"test"
5744,"train"
5745,"train"
5746,"test"
5747,"train"
5748,"test"
5749,"train"
5750,"train"
5751,"train"
5752,"train"
5753,"test"
5754,"train"
5755,"train"
5756,"train"
5757,"train"
5758,"train"
5759,"train"
5760,"train"
5761,"train"
5762,"train"
5763,"train"
5764,"train"
5765,"test"
5766,"train"
5767,"test"
5768,"train"
5769,"train"
5770,"train"
5771,"train"
5772,"train"
5773,"test"
5774,"train"
5775,"train"
5776,"train"
5777,"train"
5778,"train"
5779,"test"
5780,"train"
5781,"test"
5782,"train"
5783,"train"
5784,"train"
5785,"test"
5786,"test"
5787,"train"
5788,"test"
5789,"test"
5790,"train"
5791,"test"
5792,"train"
5793,"train"
5794,"train"
5795,"train"
5796,"train"
5797,"train"
5798,"train"
5799,"test"
5800,"test"
5801,"test"
5802,"train"
5803,"test"
5804,"train"
5805,"train"
5806,"train"
5807,"train"
5808,"train"
5809,"train"
5810,"train"
5811,"train"
5812,"train"
5813,"train"
5814,"train"
5815,"train"
5816,"train"
5817,"train"
5818,"test"
5819,"train"
5820,"test"
5821,"test"
5822,"train"
5823,"train"
5824,"test"
5825,"test"
5826,"train"
5827,"train"
5828,"train"
5829,"test"
5830,"test"
5831,"train"
5832,"train"
5833,"test"
5834,"train"
5835,"train"
5836,"train"
5837,"train"
5838,"train"
5839,"test"
5840,"train"
5841,"test"
5842,"test"
5843,"train"
5844,"train"
5845,"train"
5846,"train"
5847,"train"
5848,"test"
5849,"train"
5850,"train"
5851,"train"
5852,"test"
5853,"train"
5854,"test"
5855,"test"
5856,"test"
5857,"train"
5858,"train"
5859,"test"
5860,"test"
5861,"train"
5862,"train"
5863,"train"
5864,"test"
5865,"test"
5866,"train"
5867,"train"
5868,"train"
5869,"train"
5870,"train"
5871,"train"
5872,"train"
5873,"train"
5874,"test"
5875,"train"
5876,"test"
5877,"train"
5878,"train"
5879,"train"
5880,"train"
5881,"train"
5882,"test"
5883,"train"
5884,"train"
5885,"train"
5886,"train"
5887,"test"
5888,"train"
5889,"train"
5890,"test"
5891,"train"
5892,"test"
5893,"test"
5894,"train"
5895,"train"
5896,"train"
5897,"train"
5898,"train"
5899,"train"
5900,"train"
5901,"test"
5902,"train"
5903,"train"
5904,"train"
5905,"train"
5906,"test"
5907,"train"
5908,"train"
5909,"train"
5910,"train"
5911,"train"
5912,"train"
5913,"train"
5914,"test"
5915,"train"
5916,"test"
5917,"train"
5918,"train"
5919,"test"
5920,"train"
5921,"test"
5922,"train"
5923,"test"
5924,"train"
5925,"train"
5926,"train"
5927,"train"
5928,"test"
5929,"test"
5930,"test"
5931,"test"
5932,"test"
5933,"test"
5934,"train"
5935,"test"
5936,"test"
5937,"test"
5938,"test"
5939,"train"
5940,"train"
5941,"train"
5942,"test"
5943,"train"
5944,"train"
5945,"test"
5946,"train"
5947,"train"
5948,"train"
5949,"train"
5950,"train"
5951,"train"
5952,"train"
5953,"train"
5954,"train"
5955,"train"
5956,"train"
5957,"test"
5958,"train"
5959,"train"
5960,"test"
5961,"test"
5962,"test"
5963,"train"
5964,"test"
5965,"train"
5966,"train"
5967,"train"
5968,"train"
5969,"train"
5970,"test"
5971,"test"
5972,"test"
5973,"test"
5974,"train"
5975,"train"
5976,"test"
5977,"train"
5978,"test"
5979,"train"
5980,"test"
5981,"train"
5982,"train"
5983,"train"
5984,"train"
5985,"train"
5986,"test"
5987,"test"
5988,"train"
5989,"test"
5990,"test"
5991,"train"
5992,"train"
5993,"train"
5994,"train"
5995,"test"
5996,"train"
5997,"test"
5998,"test"
5999,"train"
6000,"train"
6001,"test"
6002,"train"
6003,"train"
6004,"train"
6005,"test"
6006,"test"
6007,"test"
6008,"test"
6009,"train"
6010,"train"
6011,"train"
6012,"train"
6013,"train"
6014,"train"
6015,"train"
6016,"test"
6017,"train"
6018,"train"
6019,"train"
6020,"test"
6021,"train"
6022,"train"
6023,"train"
6024,"train"
6025,"train"
6026,"train"
6027,"train"
6028,"test"
6029,"train"
6030,"train"
6031,"train"
6032,"train"
6033,"train"
6034,"test"
6035,"test"
6036,"train"
6037,"train"
6038,"train"
6039,"test"
6040,"train"
6041,"test"
6042,"train"
6043,"train"
6044,"train"
6045,"test"
6046,"test"
6047,"train"
6048,"train"
6049,"train"
6050,"train"
6051,"test"
6052,"test"
6053,"train"
6054,"test"
6055,"test"
6056,"train"
6057,"train"
6058,"train"
6059,"test"
6060,"train"
6061,"test"
6062,"train"
6063,"train"
6064,"test"
6065,"train"
6066,"train"
6067,"test"
6068,"train"
6069,"test"
6070,"train"
6071,"train"
6072,"train"
6073,"train"
6074,"test"
6075,"test"
6076,"test"
6077,"train"
6078,"train"
6079,"train"
6080,"test"
6081,"train"
6082,"train"
6083,"train"
6084,"train"
6085,"train"
6086,"test"
6087,"test"
6088,"train"
6089,"train"
6090,"train"
6091,"train"
6092,"train"
6093,"train"
6094,"train"
6095,"train"
6096,"train"
6097,"train"
6098,"train"
6099,"train"
6100,"train"
6101,"train"
6102,"test"
6103,"train"
6104,"train"
6105,"train"
6106,"train"
6107,"test"
6108,"train"
6109,"train"
6110,"test"
6111,"train"
6112,"test"
6113,"train"
6114,"train"
6115,"test"
6116,"train"
6117,"train"
6118,"train"
6119,"train"
6120,"test"
6121,"train"
6122,"train"
6123,"test"
6124,"train"
6125,"train"
6126,"test"
6127,"train"
6128,"test"
6129,"train"
6130,"train"
6131,"train"
6132,"train"
6133,"train"
6134,"train"
6135,"test"
6136,"train"
6137,"train"
6138,"test"
6139,"test"
6140,"test"
6141,"train"
6142,"train"
6143,"train"
6144,"train"
6145,"test"
6146,"train"
6147,"test"
6148,"train"
6149,"test"
6150,"test"
6151,"train"
6152,"test"
6153,"train"
6154,"train"
6155,"train"
6156,"train"
6157,"train"
6158,"train"
6159,"train"
6160,"train"
6161,"train"
6162,"train"
6163,"train"
6164,"train"
6165,"train"
6166,"train"
6167,"train"
6168,"train"
6169,"test"
6170,"test"
6171,"test"
6172,"train"
6173,"test"
6174,"train"
6175,"test"
6176,"train"
6177,"train"
6178,"train"
6179,"train"
6180,"train"
6181,"train"
6182,"test"
6183,"test"
6184,"test"
6185,"train"
6186,"train"
6187,"train"
6188,"train"
6189,"train"
6190,"train"
6191,"test"
6192,"train"
6193,"train"
6194,"train"
6195,"test"
6196,"train"
6197,"train"
6198,"train"
6199,"train"
6200,"train"
6201,"train"
6202,"train"
6203,"train"
6204,"train"
6205,"train"
6206,"train"
6207,"train"
6208,"train"
6209,"train"
6210,"train"
6211,"test"
6212,"train"
6213,"train"
6214,"train"
6215,"train"
6216,"train"
6217,"train"
6218,"train"
6219,"train"
6220,"test"
6221,"test"
6222,"train"
6223,"train"
6224,"train"
6225,"test"
6226,"test"
6227,"test"
6228,"test"
6229,"test"
6230,"test"
6231,"train"
6232,"train"
6233,"train"
6234,"test"
6235,"train"
6236,"test"
6237,"train"
6238,"train"
6239,"train"
6240,"train"
6241,"train"
6242,"train"
6243,"test"
6244,"test"
6245,"train"
6246,"train"
6247,"test"
6248,"test"
6249,"train"
6250,"test"
6251,"train"
6252,"train"
6253,"train"
6254,"test"
6255,"train"
6256,"train"
6257,"train"
6258,"train"
6259,"train"
6260,"train"
6261,"test"
6262,"train"
6263,"train"
6264,"train"
6265,"train"
6266,"train"
6267,"train"
6268,"train"
6269,"train"
6270,"train"
6271,"train"
6272,"train"
6273,"train"
6274,"train"
6275,"train"
6276,"test"
6277,"test"
6278,"train"
6279,"train"
6280,"train"
6281,"train"
6282,"test"
6283,"test"
6284,"test"
6285,"train"
6286,"test"
6287,"train"
6288,"test"
6289,"train"
6290,"train"
6291,"train"
6292,"train"
6293,"test"
6294,"train"
6295,"test"
6296,"train"
6297,"test"
6298,"train"
6299,"test"
6300,"train"
6301,"test"
6302,"test"
6303,"train"
6304,"train"
6305,"test"
6306,"train"
6307,"train"
6308,"test"
6309,"test"
6310,"train"
6311,"train"
6312,"test"
6313,"test"
6314,"test"
6315,"train"
6316,"train"
6317,"test"
6318,"train"
6319,"train"
6320,"train"
6321,"test"
6322,"test"
6323,"train"
6324,"test"
6325,"train"
6326,"test"
6327,"train"
6328,"train"
6329,"train"
6330,"train"
6331,"train"
6332,"test"
6333,"test"
6334,"train"
6335,"test"
6336,"train"
6337,"train"
6338,"test"
6339,"train"
6340,"train"
6341,"test"
6342,"test"
6343,"train"
6344,"test"
6345,"train"
6346,"train"
6347,"test"
6348,"train"
6349,"test"
6350,"test"
6351,"train"
6352,"train"
6353,"train"
6354,"train"
6355,"train"
6356,"train"
6357,"train"
6358,"train"
6359,"test"
6360,"test"
6361,"train"
6362,"test"
6363,"train"
6364,"train"
6365,"train"
6366,"train"
6367,"train"
6368,"train"
6369,"train"
6370,"train"
6371,"test"
6372,"train"
6373,"train"
6374,"train"
6375,"train"
6376,"train"
6377,"train"
6378,"test"
6379,"train"
6380,"train"
6381,"test"
6382,"train"
6383,"train"
6384,"train"
6385,"train"
6386,"train"
6387,"test"
6388,"train"
6389,"test"
6390,"test"
6391,"test"
6392,"train"
6393,"train"
6394,"train"
6395,"train"
6396,"train"
6397,"train"
6398,"train"
6399,"test"
6400,"test"
6401,"train"
6402,"train"
6403,"train"
6404,"train"
6405,"train"
6406,"test"
6407,"train"
6408,"train"
6409,"test"
6410,"test"
6411,"train"
6412,"train"
6413,"train"
6414,"train"
6415,"train"
6416,"test"
6417,"train"
6418,"test"
6419,"train"
6420,"train"
6421,"train"
6422,"train"
6423,"train"
6424,"train"
6425,"train"
6426,"train"
6427,"train"
6428,"test"
6429,"test"
6430,"train"
6431,"train"
6432,"train"
6433,"test"
6434,"train"
6435,"train"
6436,"train"
6437,"test"
6438,"test"
6439,"train"
6440,"train"
6441,"test"
6442,"train"
6443,"train"
6444,"train"
6445,"train"
6446,"train"
6447,"train"
6448,"test"
6449,"train"
6450,"test"
6451,"train"
6452,"test"
6453,"train"
6454,"train"
6455,"train"
6456,"train"
6457,"test"
6458,"test"
6459,"train"
6460,"test"
6461,"train"
6462,"train"
6463,"test"
6464,"train"
6465,"test"
6466,"test"
6467,"train"
6468,"train"
6469,"train"
6470,"train"
6471,"train"
6472,"train"
6473,"train"
6474,"train"
6475,"train"
6476,"test"
6477,"test"
6478,"train"
6479,"train"
6480,"train"
6481,"train"
6482,"train"
6483,"test"
6484,"train"
6485,"train"
6486,"test"
6487,"train"
6488,"train"
6489,"train"
6490,"train"
6491,"train"
6492,"train"
6493,"train"
6494,"train"
6495,"train"
6496,"train"
6497,"test"
6498,"train"
6499,"train"
6500,"test"
6501,"test"
6502,"test"
6503,"train"
6504,"train"
6505,"test"
6506,"train"
6507,"train"
6508,"test"
6509,"train"
6510,"train"
6511,"train"
6512,"train"
6513,"train"
6514,"test"
6515,"train"
6516,"train"
6517,"test"
6518,"test"
6519,"train"
6520,"test"
6521,"test"
6522,"train"
6523,"test"
6524,"train"
6525,"train"
6526,"train"
6527,"train"
6528,"test"
6529,"train"
6530,"train"
6531,"train"
6532,"train"
6533,"train"
6534,"train"
6535,"train"
6536,"train"
6537,"train"
6538,"train"
6539,"test"
6540,"train"
6541,"train"
6542,"train"
6543,"train"
6544,"train"
6545,"test"
6546,"test"
6547,"train"
6548,"train"
6549,"train"
6550,"test"
6551,"test"
6552,"train"
6553,"train"
6554,"test"
6555,"test"
6556,"test"
6557,"train"
6558,"train"
6559,"train"
6560,"train"
6561,"train"
6562,"train"
6563,"train"
6564,"train"
6565,"test"
6566,"train"
6567,"test"
6568,"train"
6569,"train"
6570,"train"
6571,"test"
6572,"train"
6573,"train"
6574,"train"
6575,"train"
6576,"test"
6577,"test"
6578,"train"
6579,"test"
6580,"test"
6581,"train"
6582,"test"
6583,"train"
6584,"train"
6585,"train"
6586,"train"
6587,"train"
6588,"train"
6589,"train"
6590,"train"
6591,"train"
6592,"train"
6593,"train"
6594,"test"
6595,"test"
6596,"train"
6597,"train"
6598,"train"
6599,"train"
6600,"train"
6601,"train"
