"topic","covariate","coefficient","std_error","t_value","p_value","ci_lower","ci_upper"
1,"C1_std",-0.00588263636059962,0.00835636614301398,-0.703970632679561,0.481512914382414,-0.0222682969936112,0.0105030242724119
1,"C2_std",-0.00283518611280264,0.00214503022428091,-1.32174646338753,0.186366679412039,-0.00704128918453119,0.00137091695892592
1,"C3_std",0.000343136628258061,0.00173974197820343,0.197234206311677,0.843659389507071,-0.00306825310215456,0.00375452635867068
1,"C4_std",0.00539881553451673,0.007375582276551,0.731984992111205,0.464242455969277,-0.00906366565480439,0.0198612967238379
1,"C5_std",0.00145152341782504,0.00280130346469838,0.518160005196483,0.604389894017789,-0.00404143932663309,0.00694448616228317
1,"C6_std",-0.00369902983936416,0.00202180357243568,-1.82956934580342,0.0674266573132346,-0.00766350274990523,0.000265443071176905
1,"C7_std",0.00129698035633886,0.0023671418197186,0.547909865617192,0.583799940972396,-0.00334465236586361,0.00593861307854132
1,"C8_std",0.00130735462375623,0.00542291945977399,0.241079483745591,0.809512163851834,-0.00932622896835305,0.0119409382158655
1,"C9_std",0.002065525436135,0.00223916047876476,0.922455293277794,0.356375115274967,-0.00232515384717579,0.00645620471944578
1,"C10_std",-0.00218546021013318,0.00229926532671188,-0.950503704267377,0.341943050487441,-0.00669399666054328,0.00232307624027691
2,"C1_std",0.0984488774659909,0.0254459073291277,3.86894741824739,0.000111940526805638,0.048553026224154,0.148344728707828
2,"C2_std",0.0144549780112096,0.00653181530956028,2.2130108287129,0.0269818172517858,0.00164700536517604,0.0272629506572432
2,"C3_std",-0.0174634173741897,0.00529767513729248,-3.29643040043314,0.000992133389544833,-0.0278514144363085,-0.00707542031207103
2,"C4_std",-0.0389607698096004,0.0224593297966455,-1.73472539752364,0.0829057277354135,-0.0830003618756301,0.00507882225642937
2,"C5_std",-0.102376481719968,0.0085302279894798,-12.0016114277634,2.36605806723538e-32,-0.119103061020791,-0.0856499024191453
2,"C6_std",0.00178692135643634,0.00615657876419257,0.290245836994614,0.771650881562406,-0.0102852651136122,0.0138591078264849
2,"C7_std",-0.00888884066382569,0.0072081656486317,-1.23316265151496,0.217624461186801,-0.0230230413538891,0.00524536002623772
2,"C8_std",-0.11044469523406,0.0165132910244837,-6.68823041211515,2.74511137028187e-11,-0.142824940191081,-0.0780644502770395
2,"C9_std",-0.00650345011846437,0.00681845063542689,-0.953801745615659,0.340270997648538,-0.019873474390133,0.00686657415320428
2,"C10_std",0.00192722515157141,0.00700147545323866,0.275259859788544,0.783138060506463,-0.0118016850880834,0.0156561353912262
3,"C1_std",-0.0508736760775523,0.0231059781963613,-2.20175383380063,0.0277685824422257,-0.0961812548551841,-0.0055660972999205
3,"C2_std",-0.00871250964577213,0.00593116921213486,-1.46893628122206,0.14196876666092,-0.0203426996355031,0.00291768034395889
3,"C3_std",0.0164957424152425,0.00481051685956453,3.42909980295459,0.000614840236578136,0.00706299433058579,0.0259284904998991
3,"C4_std",0.0177675366428549,0.0203940373543744,0.871212322215535,0.383717150427601,-0.0222223069454505,0.0577573802311603
3,"C5_std",0.00698255850692958,0.00774581387040161,0.901462212203602,0.367424537074622,-0.00820589485123035,0.0221710118650895
3,"C6_std",0.000134797553679781,0.00559043829129952,0.0241121619908708,0.980764957693218,-0.0108272669446079,0.0110968620519675
3,"C7_std",-0.00935312585778864,0.00654532440752837,-1.42897819503503,0.153128361156787,-0.0221875879480346,0.00348133623245728
3,"C8_std",0.0368310330083736,0.0149947784304443,2.45625723509155,0.0141029899562659,0.00742837802372218,0.0662336879930251
3,"C9_std",0.00503662981006469,0.00619144641522753,0.813481934960686,0.416014882469666,-0.00710392722766259,0.017177186847792
3,"C10_std",-0.00234682161647903,0.00635764082107256,-0.369134036119252,0.712057311143869,-0.0148132625475968,0.0101196193146387
4,"C1_std",-0.0728348086172601,0.0341139500958543,-2.13504470788657,0.0328488293763394,-0.139727474586603,-0.00594214264791722
4,"C2_std",0.0257089951918702,0.00875685109686027,2.93587214256596,0.00335474311915234,0.00853803979914559,0.0428799505845948
4,"C3_std",-0.0148213119179373,0.00710230619486576,-2.08683088440366,0.0369987781530367,-0.0287479370836019,-0.000894686752272701
4,"C4_std",0.0453364391867609,0.0301100073170534,1.50569339653012,0.132265080508004,-0.0137050572138244,0.104377935587346
4,"C5_std",0.0787782516735422,0.0114360147655756,6.88861052459274,7.0114342064537e-12,0.0563538325258139,0.101202670821271
4,"C6_std",-0.0156220840250278,0.0082537917790201,-1.8927160320105,0.0585045231853404,-0.031806610733402,0.000562442683346464
4,"C7_std",0.0066676344503115,0.00966359737302802,0.689974363886628,0.490270727007668,-0.0122813230676495,0.0256165919682725
4,"C8_std",0.055310193572815,0.0221384751049027,2.49837413420431,0.0125365800178695,0.0118997525039328,0.0987206346416973
4,"C9_std",-0.00366012989193886,0.00914112755734746,-0.400402452430162,0.688892393692996,-0.0215845974648427,0.014264337680965
4,"C10_std",0.00509913410599572,0.0093864990200497,0.543241318739169,0.587009351771834,-0.0133064724510137,0.0235047406630052
5,"C1_std",-0.00341292225114388,0.0263279964170177,-0.129630914448844,0.896868281496832,-0.0550384263342857,0.0482125818319979
5,"C2_std",-0.0133211258411261,0.0067582424097675,-1.97109322711974,0.0488171164986849,-0.0265730902365177,-6.91614457345828e-05
5,"C3_std",-0.0227737742027732,0.00548132044297363,-4.1547970857946,3.35885471899104e-05,-0.0335218739224631,-0.0120256744830833
5,"C4_std",-0.00139656422068041,0.0232378883867833,-0.0600985854409522,0.95208164826464,-0.0469628003593349,0.0441696719179741
5,"C5_std",0.0514217876260384,0.0088259305922367,5.8262170870989,6.35487628063503e-09,0.034115377042796,0.0687281982092808
5,"C6_std",-0.0140277837188213,0.0063699981906012,-2.20216447463344,0.0277395381388423,-0.0265184557164035,-0.00153711172123904
5,"C7_std",0.0510383483675235,0.00745803861170279,6.84340092949326,9.57104211922732e-12,0.036414181883217,0.06566251485183
5,"C8_std",0.040333619936424,0.017085728612558,2.36066139472558,0.0183144217042457,0.00683090524899232,0.0738363346238558
5,"C9_std",-0.00221909846768748,0.00705481402479371,-0.314550952000803,0.753127387000468,-0.016052598156535,0.0116144012211601
5,"C10_std",0.00500909696099965,0.0072441834461803,0.691464676207343,0.489334142288701,-0.00919572957255595,0.0192139234945553
6,"C1_std",-0.0224435185186913,0.0208701655058953,-1.07538766342565,0.282299101157481,-0.0633669825557807,0.0184799455183981
6,"C2_std",0.00431614678450621,0.00535724919537137,0.805664740821714,0.420508470473207,-0.00618866664031199,0.0148209602093244
6,"C3_std",-0.00929527133719069,0.00434503495912679,-2.13928574214711,0.0325036560739368,-0.0178152747765258,-0.00077526789785555
6,"C4_std",0.00355400613866488,0.0184206412428032,0.192936070564504,0.847023820317518,-0.0325662847726383,0.039674297049968
6,"C5_std",0.0260370534122404,0.0069963026918548,3.72154472998332,0.000202125193699158,0.0123182862313172,0.0397558205931636
6,"C6_std",-0.00311395996972669,0.00504948855220026,-0.616688192781389,0.537493384805522,-0.0130152979880232,0.00678737804856985
6,"C7_std",0.015198384780318,0.00591197665444023,2.57077888981567,0.0102011323554826,0.00360582870127035,0.0267909408593657
6,"C8_std",0.0276493146392891,0.0135438328950247,2.04146897363493,0.0413030851245603,0.00109176011259749,0.0542068691659807
6,"C9_std",-0.00217267779448078,0.00559234109495651,-0.388509527153168,0.697670214723605,-0.0131384734235544,0.00879311783459287
6,"C10_std",-0.00581847225411905,0.00574245396733366,-1.01323794447771,0.311039021827834,-0.0170786181475687,0.00544167363933057
7,"C1_std",0.026300637768097,0.0232126663741552,1.13302958583767,0.257304327623193,-0.0192161415453857,0.0718174170815797
7,"C2_std",0.00815517422042731,0.00595855544222874,1.36864954929025,0.171224856432689,-0.00352871632103348,0.0198390647618881
7,"C3_std",-6.64728697043636e-06,0.00483272865573399,-0.0013754728320096,0.99890263533957,-0.00948294958500808,0.00946965501106721
7,"C4_std",-0.00368525634363888,0.0204882035768432,-0.179872106884185,0.857266725953432,-0.0438597466716945,0.0364892339844167
7,"C5_std",-0.0162110210000508,0.00778157893346627,-2.0832559996702,0.0373235304387053,-0.0314696046248681,-0.000952437375233565
7,"C6_std",-0.00865363732524285,0.00561625125058214,-1.54082090332869,0.123479774868525,-0.019666317412113,0.00235904276162727
7,"C7_std",-0.0240352879362433,0.00657554640151515,-3.65525333844576,0.000261919577504151,-0.0369290111130243,-0.0111415647594622
7,"C8_std",-0.0333099272432322,0.0150640144339397,-2.21122512789047,0.0271053222862146,-0.0628483443088463,-0.00377151017761817
7,"C9_std",-0.00432449879014684,0.00622003443389246,-0.695253191297945,0.486957601596292,-0.0165211129182405,0.00787211533794685
7,"C10_std",0.00226809138877476,0.0063869962159623,0.355110808286745,0.722534839732647,-0.0102559113497338,0.0147920941272833
8,"C1_std",0.0236847689561772,0.0186156774362349,1.27230228592571,0.203377363318556,-0.0128179605441049,0.0601874984564593
8,"C2_std",0.0150016818222501,0.00477853531819819,3.13938912727481,0.00171163977834861,0.00563164504946998,0.0243717185950301
8,"C3_std",0.00313908194813976,0.0038756649642007,0.809946674218564,0.418043547137833,-0.00446055283853563,0.0107387167348152
8,"C4_std",-0.0154651545496882,0.016430761674974,-0.941231749057835,0.346671900509673,-0.0476835710408199,0.0167532619414435
8,"C5_std",-0.0124271955662459,0.00624053096852734,-1.9913683032613,0.0465429102809107,-0.0246640005207026,-0.000190390611789161
8,"C6_std",-0.00214744615244618,0.00450402034804986,-0.476784291921765,0.633555044581717,-0.0109791976152543,0.00668430531036191
8,"C7_std",0.00319010602481823,0.00527333865074153,0.604949963600317,0.545264039680788,-0.00715017060442344,0.0135303826540599
8,"C8_std",-0.0259741736226899,0.0120807678479036,-2.15004327123108,0.0316420257338017,-0.0496628630307571,-0.00228548421462275
8,"C9_std",-0.00831482610112511,0.00498823154553824,-1.66688856064878,0.0956547347636489,-0.0180960477308648,0.00146639552861455
8,"C10_std",-0.00782219918368657,0.00512212855801811,-1.52713839472885,0.126845941582575,-0.0178659740535213,0.00222157568614816
9,"C1_std",-0.01871756650795,0.0194188278173984,-0.963887557166555,0.335190250329954,-0.0567951611299599,0.0193600281140598
9,"C2_std",-0.00930279364591799,0.00498469931493482,-1.86626977038426,0.0621140119673346,-0.0190770890674285,0.000471501775592542
9,"C3_std",0.00471745699919489,0.00404287573608488,1.16685678886665,0.243373198795116,-0.00321005463195898,0.0126449686303488
9,"C4_std",0.0230129154565752,0.0171396465676814,1.34267152859315,0.179493353901655,-0.0105955247698716,0.0566213556830221
9,"C5_std",0.00562219529760757,0.00650977095956196,0.863654855529031,0.387855680609306,-0.0071425514734744,0.0183869420686895
9,"C6_std",-0.00371830822235113,0.00469834073588937,-0.791408803952417,0.428776301894124,-0.012931094679883,0.00549447823518075
9,"C7_std",-0.00391858946851241,0.00550085032534239,-0.7123606782136,0.476304171138608,-0.0147049845452056,0.00686780560818079
9,"C8_std",0.0132398080615688,0.0126019776365362,1.05061351824521,0.293531926935102,-0.0114709005554432,0.0379505166785807
9,"C9_std",0.0130448154076077,0.00520344262667423,2.50695863172134,0.0122369079283352,0.00284159506699228,0.0232480357482231
9,"C10_std",-0.00468145628128487,0.00534311646016843,-0.876165869897078,0.381019280014265,-0.0151585573968423,0.00579564483427255
10,"C1_std",0.00112973710851629,0.0236035681022209,0.0478629800216515,0.961829049918823,-0.0451535456045688,0.0474130198216014
10,"C2_std",-0.00821044634518271,0.00605889762531099,-1.35510564015534,0.175499398757779,-0.0200910938179486,0.00367020112758319
10,"C3_std",0.0327568656725644,0.00491411189505468,6.66587704393327,3.1891793423865e-11,0.0231209822697856,0.0423927490753433
10,"C4_std",-0.0188158114959858,0.0208332253013646,-0.903163635193508,0.366521142749887,-0.0596668409790125,0.0220352179870409
10,"C5_std",-0.0132407880617312,0.0079126208656227,-1.67337577353887,0.0943713676505401,-0.0287563265150303,0.00227475039156786
10,"C6_std",0.0317163724891625,0.00571082902479029,5.55372474845318,3.07444240868163e-08,0.0205182386673701,0.042914506310955
10,"C7_std",-0.0151536484723606,0.00668627872368346,-2.26638001474345,0.0235084285929183,-0.0282645021842453,-0.0020427947604758
10,"C8_std",0.00822035535735894,0.0153176927136737,0.536657544384662,0.59154923611971,-0.0218154891941441,0.0382561999088619
10,"C9_std",-0.000297134336545165,0.00632477992799666,-0.0469793953193373,0.962533189514218,-0.0126991396705596,0.0121048709974692
10,"C10_std",0.00477240778230713,0.00649455334954299,0.734832331871284,0.462506634149072,-0.00796249939233436,0.0175073149569486
11,"C1_std",0.010127881163455,0.0177531894275009,0.570482346556061,0.56839895839588,-0.0246836304594282,0.0449393927863381
11,"C2_std",-0.0133325610159679,0.00455713970015662,-2.92564237508665,0.00346667185227567,-0.0222684720694127,-0.00439664996252309
11,"C3_std",0.00517265965310588,0.00369610047781854,1.39949108097809,0.161782814831143,-0.00207487438962845,0.0124201936958402
11,"C4_std",-0.00157562111487253,0.0156695035919645,-0.100553352288743,0.919912634899773,-0.0323013173985779,0.0291500751688329
11,"C5_std",-0.0286534529712609,0.005951399232821,-4.81457416152521,1.55805022499908e-06,-0.0403233111909245,-0.0169835947515973
11,"C6_std",0.0172531393553059,0.00429534335766941,4.01670784350689,6.06580726173018e-05,0.00883057416889752,0.0256757045417143
11,"C7_std",-0.00513665436083971,0.00502901816507363,-1.02140302385734,0.307156766872575,-0.0149978528243653,0.00472454410268591
11,"C8_std",-0.0141048367712862,0.0115210505106858,-1.22426655088474,0.220960517708486,-0.036695999074736,0.00848632553216362
11,"C9_std",0.00916581087487651,0.00475712043461831,1.92675611241108,0.0541168428472209,-0.000162234318210927,0.018493856067964
11,"C10_std",0.00560790819709416,0.00488481382823635,1.14802905377438,0.251060193363478,-0.00397052581059205,0.0151863422047804
12,"C1_std",0.0144732258709607,0.0157840392599954,0.916953235642476,0.359250585444025,-0.0164770587750317,0.0454235105169531
12,"C2_std",-0.0119223534234938,0.00405167039051199,-2.94257732598707,0.00328317555859779,-0.0198671101370628,-0.00397759670992476
12,"C3_std",0.00173547880255581,0.00328613600891365,0.528121416109474,0.597459287333246,-0.00470817248251785,0.00817913008762948
12,"C4_std",-0.0151705354249061,0.013931471913271,-1.08893988512835,0.276279413732667,-0.0424881956353831,0.0121471247855709
12,"C5_std",0.002615569385074,0.00529128129491136,0.494316827871048,0.62112341545628,-0.00775989024993765,0.0129910290200856
12,"C6_std",9.10184983953852e-05,0.00381891200279715,0.0238336202375753,0.980987117020861,-0.00739733170003176,0.00757936869682253
12,"C7_std",-0.0109053072197397,0.00447120898928675,-2.43900637296745,0.0147929229095146,-0.0196727202152764,-0.00213789422420305
12,"C8_std",0.000941953671682572,0.0102431573954457,0.0919593085723138,0.926737320330688,-0.0191434396703281,0.0210273470136933
12,"C9_std",-0.00182096602829531,0.004229469640437,-0.430542404391669,0.666836140330371,-0.0101143621049816,0.00647243004839096
12,"C10_std",-0.00182945404104018,0.00434299952453697,-0.421242054184943,0.673612501106813,-0.0103454662789537,0.00668655819687336
