"doc_id","dominant_topic","max_prob"
2,2,0.46614555247202
5,4,0.661882556668813
6,4,0.408773310288644
7,7,0.553136680371813
11,5,0.46704946752911
12,5,0.379699055486408
15,4,0.566203504896772
16,5,0.585039670077492
17,2,0.41815232203637
22,2,0.662503607013124
30,2,0.522033436014162
32,5,0.836653425139627
36,6,0.400556313080129
38,10,0.362595618442774
43,7,0.750335178057211
45,12,0.297781422193657
51,7,0.409587846355558
61,2,0.521742607112646
65,3,0.271768201503483
68,10,0.466798101732612
69,5,0.355661239480147
76,4,0.27236338280117
81,5,0.603066998291338
83,6,0.393464318110901
84,5,0.407148545886485
88,5,0.321994226815444
90,10,0.398808209311824
95,5,0.498459742812042
99,2,0.393015379096551
102,7,0.654302196136961
104,9,0.769805737063646
108,2,0.622769873697652
110,4,0.414994596888375
119,4,0.701114480318195
129,5,0.709766160337835
130,4,0.547034951927337
133,10,0.855959453109509
140,4,0.768404182165679
143,5,0.374152548566438
146,10,0.829304450345065
148,2,0.685227774269561
149,5,0.299087891955649
150,5,0.404348333276402
156,6,0.800590933454537
157,9,0.321991927381724
159,5,0.475226975627841
163,4,0.682190219646782
170,7,0.576988500537985
171,2,0.396871484549798
176,11,0.469163223530411
184,5,0.299662397407379
185,7,0.639996825806193
186,8,0.414039988188244
201,7,0.920174135883744
203,5,0.611848841691801
204,5,0.62765916597081
206,4,0.397022673845639
209,5,0.680243842429518
213,9,0.777443635089859
215,5,0.32663541609889
216,3,0.631488745882439
232,6,0.320125415558275
234,5,0.460307460979775
235,5,0.602815886364095
236,12,0.376189288321964
240,5,0.325643727566471
245,9,0.400167103375084
246,2,0.552136203761001
247,10,0.570453963533155
249,6,0.683914598448595
251,2,0.468045893460144
255,5,0.749177781214452
257,7,0.434035744496755
259,4,0.581394224064054
264,5,0.511465150583063
269,5,0.964848798844768
274,5,0.694324412859693
280,10,0.704307230268786
288,2,0.46374027902121
300,4,0.562173690153971
301,4,0.675367173223039
302,7,0.500495283363454
304,7,0.559184261923428
306,4,0.458146230754053
313,4,0.505849979838262
314,4,0.91658034183386
325,7,0.606794469752968
326,7,0.396252884469301
329,10,0.480656567502917
331,8,0.776859857939296
332,5,0.84073218885486
335,5,0.598662819156057
339,5,0.364483583132442
349,4,0.762722615429544
352,5,0.815968260993066
353,5,0.372296128789439
357,5,0.761943090549998
358,7,0.333772682116787
361,4,0.925129913822662
363,7,0.555907592142094
365,3,0.409816432598336
367,12,0.298354766838002
368,11,0.267928483521769
372,12,0.261082273349957
374,2,0.496790558158628
376,4,0.601716949030134
378,4,0.490339075109327
394,2,0.880498792622046
399,3,0.46956885775145
402,12,0.368891920512633
406,9,0.40304575233276
407,10,0.24410748273836
409,4,0.613883625194646
410,9,0.587550409011965
411,6,0.555045246392043
412,5,0.330372038028526
416,2,0.281428199347904
436,4,0.500728407929467
439,9,0.596781847541784
440,5,0.747883768207202
441,3,0.411336872111582
443,5,0.638737062613715
445,7,0.694615726231116
448,11,0.981913018989449
449,3,0.377203121321325
455,4,0.802221391154645
456,3,0.38158696562542
458,7,0.895077450082824
459,5,0.769166458842186
462,6,0.754235563025645
463,4,0.38043772039425
472,9,0.764425747654106
473,9,0.438066143553553
475,10,0.557133984706805
477,5,0.486807845695247
478,11,0.309368324515149
480,7,0.355136418584093
482,12,0.256225146962558
484,4,0.946556966766289
485,5,0.490555673032738
487,12,0.251163415415182
495,9,0.620517516165616
497,2,0.549152350558152
498,6,0.427805231026598
500,4,0.622350032702302
508,5,0.518711748644912
512,4,0.733843156340954
513,7,0.458154238886123
516,7,0.369021992710885
517,5,0.617621142778441
518,5,0.887270902235176
519,4,0.564328480914982
524,6,0.474689768748263
527,5,0.433433951872794
528,6,0.842328146638233
532,6,0.324927050563483
540,5,0.648539478233301
544,5,0.652939010153747
545,4,0.522694283689325
551,6,0.448514095491757
552,4,0.518087731753769
553,11,0.595792805550392
557,5,0.561112033300213
559,5,0.760953858286191
560,5,0.319046516030963
563,10,0.782065678745553
570,3,0.404714816692323
572,6,0.477378063305232
573,5,0.637092712144009
575,12,0.354938279814704
581,5,0.322101693215323
582,2,0.760280647022879
583,7,0.713976901983379
585,6,0.50444565769296
587,6,0.626183653860052
590,9,0.688589339785942
591,4,0.619659095283179
599,6,0.387419228072452
603,5,0.38503789340186
607,9,0.539645642147241
629,7,0.547028886866478
632,7,0.381883483623325
636,5,0.679066775234663
639,3,0.345754756638879
643,4,0.735877135747198
644,5,0.661298721381308
648,10,0.699978976607279
649,2,0.707478486056606
650,3,0.356795676925421
656,5,0.302515644203137
657,4,0.75554049487733
661,2,0.811108993389848
663,5,0.60189470298556
669,5,0.835948393185401
672,5,0.319802792689665
688,7,0.435829405311598
690,2,0.867823461012421
696,5,0.530597488249658
700,7,0.48167817281041
703,12,0.377038992236505
705,5,0.495629670576437
709,5,0.580897029088577
713,4,0.326399901584897
714,9,0.318270232427854
715,3,0.721350652891359
720,5,0.473681835239816
725,5,0.797612769678441
731,5,0.592205697074912
735,5,0.86449048546873
737,5,0.472368251019018
739,10,0.787897476722244
741,1,0.352804465703909
745,2,0.355435053066045
747,6,0.683914598448595
755,7,0.396946505811113
757,5,0.407096133940416
758,3,0.314726994347378
759,6,0.723309236782802
768,5,0.916362542878357
769,2,0.668523311216336
773,7,0.326175801382071
774,4,0.425266681511121
781,6,0.387498377735611
782,5,0.609656266813429
784,2,0.934574394721401
785,2,0.717896302593585
786,11,0.48851918255754
787,10,0.751771871735234
794,5,0.807764426493316
808,2,0.480281442601478
810,6,0.451762177844026
811,5,0.634292177537418
816,5,0.823241248755361
819,8,0.952193208982667
826,5,0.861959486074922
827,5,0.848485354782251
839,5,0.42622400904543
841,2,0.344673761003878
843,5,0.597429139379736
845,12,0.485756024692302
859,6,0.557416393559541
860,3,0.554993261487366
861,6,0.784474307771795
865,5,0.374152548566438
867,3,0.359346675256023
869,10,0.66398444940749
870,3,0.397734206696762
873,5,0.544362582211975
876,5,0.666971171019743
880,2,0.617166755201255
884,8,0.607784454335223
886,4,0.451639466560867
887,11,0.2719867308591
890,2,0.622968319729785
891,6,0.442919270929798
899,5,0.338061332616502
900,5,0.349511463404005
901,10,0.542256832543717
904,11,0.636269764788098
905,5,0.311682847653888
906,2,0.479828400257666
913,5,0.60189470298556
914,4,0.779150305439369
921,4,0.211181920490062
922,5,0.78610928750746
931,4,0.605828432801211
933,4,0.619659095283179
934,10,0.297390917345394
936,5,0.728213424182743
937,5,0.625376496514648
938,5,0.493020225547232
939,5,0.720471566647815
941,4,0.807229894164221
950,6,0.60249766396236
952,5,0.61234839551369
953,5,0.36090910772094
955,5,0.384533240093193
957,5,0.46424519787135
961,7,0.861045024997278
962,4,0.557633766215748
965,6,0.937016963078762
967,5,0.566505392532223
976,5,0.745205188955996
979,5,0.8212805213857
981,8,0.812294167216872
985,5,0.412823980575772
993,12,0.319276351734844
994,2,0.445895633899252
996,5,0.976987705329971
1001,2,0.705377408772743
1004,3,0.5562580257236
1007,5,0.661462576228882
1011,4,0.692257631699634
1014,5,0.917907936909694
1022,7,0.623125899952064
1026,5,0.41293847108123
1031,4,0.622825791120021
1037,5,0.807430393730974
1039,10,0.425511689618452
1041,9,0.448013742921486
1042,4,0.332587847948074
1047,5,0.770638727259623
1063,4,0.434077424037199
1072,3,0.378792233101586
1076,2,0.216468803988253
1081,11,0.330100718805301
1083,4,0.480389329934266
1086,2,0.56169187495242
1088,7,0.561679147549907
1089,2,0.353062606467653
1092,2,0.381618808458739
1093,6,0.979537583262721
1094,6,0.879968308775861
1096,5,0.621797509440457
1108,5,0.861959486074922
1112,8,0.668598068759032
1113,8,0.393956930664172
1116,4,0.283029336942335
1122,5,0.732284774247019
1127,7,0.408603316935119
1128,5,0.440839848141994
1129,9,0.298404627242981
1130,3,0.86266264131819
1135,5,0.656549373074157
1136,10,0.487984185136609
1142,7,0.482405472923224
1144,5,0.447908979940654
1145,6,0.597868653330232
1146,4,0.349171422361916
1148,7,0.558446782386726
1153,5,0.460509524159982
1156,4,0.310721468685486
1162,7,0.610673675232826
1166,6,0.480133829077332
1167,6,0.677109316233839
1178,4,0.705315286572937
1179,2,0.516784313711938
1182,6,0.478257533985742
1183,5,0.511566582530069
1184,5,0.733442386616263
1185,5,0.482785464214635
1187,10,0.701030367067975
1188,2,0.898988849571584
1194,5,0.59001740240798
1198,5,0.610781161091092
1201,6,0.494164303451398
1203,5,0.589605730039726
1204,12,0.402087077784424
1205,4,0.842515846249365
1218,7,0.59401579475972
1219,2,0.792507350506319
1241,6,0.390523582258139
1251,7,0.501758274133284
1253,9,0.635342012703846
1259,3,0.439381834397863
1260,9,0.50232660392908
1263,5,0.902917395069491
1266,12,0.733468924487137
1272,5,0.275361598237318
1275,8,0.699180573076447
1279,6,0.749743915257557
1280,11,0.373917589868512
1284,7,0.485051840535612
1287,5,0.530171984481874
1289,6,0.687530852137606
1292,5,0.5549829710259
1295,9,0.661254223585984
1299,12,0.290969727499903
1309,5,0.397445337935033
1311,5,0.748257200823593
1313,3,0.503491130128654
1314,7,0.693280476175512
1315,10,0.796750693949292
1318,11,0.41563623815954
1319,4,0.68936945733493
1324,11,0.386529499372856
1326,7,0.663111311091973
1328,5,0.341676617545947
1332,5,0.468009114920687
1334,5,0.677069978793631
1335,2,0.532631053175502
1339,5,0.262276805692058
1344,2,0.649819105390268
1347,4,0.563770089427647
1350,6,0.786453570430098
1351,9,0.398575536079847
1354,5,0.549509651393148
1360,5,0.471886808727433
1361,10,0.898021317684946
1362,3,0.469357938978694
1368,5,0.503685384026393
1378,6,0.572100186611261
1380,6,0.370590173865674
1382,4,0.439955504648692
1384,4,0.632444184184905
1386,5,0.661984918659844
1387,4,0.544668719006701
1392,3,0.408333028678807
1393,10,0.544896159681659
1394,5,0.666012980609126
1395,5,0.612166319902869
1397,9,0.367442485515157
1398,12,0.329205951529242
1402,5,0.446253179084277
1403,5,0.834259216910024
1408,4,0.634616622388911
1413,5,0.68779887404391
1417,3,0.946002504853405
1419,7,0.417740567932903
1422,5,0.544556952910519
1425,5,0.675516564541935
1431,2,0.399226682756244
1432,9,0.471199180159188
1434,6,0.577113505189225
1437,11,0.49730787333107
1440,7,0.36724472506639
1441,4,0.957657626976482
1446,5,0.375809610698003
1447,2,0.530971307225084
1448,3,0.432412578999587
1452,5,0.673219822398892
1454,3,0.605302463223194
1457,3,0.231350526166933
1458,5,0.298759939768622
1460,12,0.364260540249337
1462,12,0.364260540249337
1468,9,0.671653276338389
1469,6,0.866485408583481
1471,5,0.768835183019842
1475,5,0.72183380523389
1476,5,0.466541103632188
1479,7,0.674643480699855
1485,5,0.42577188861819
1493,2,0.651045034751395
1494,7,0.51582918118531
1499,5,0.734408464141875
1500,4,0.63509146974803
1507,7,0.461593877198818
1508,3,0.458702962140918
1512,12,0.257592078249195
1515,5,0.418205400584877
1518,4,0.875246953597117
1522,5,0.314013650449573
1533,5,0.770638727259623
1541,5,0.511105329797804
1545,7,0.399175327575937
1547,5,0.391785415311641
1555,2,0.416923739272086
1556,5,0.692868747633171
1557,7,0.442447440405378
1558,8,0.542874287382522
1559,8,0.463582505034484
1561,6,0.749743915257557
1566,2,0.40817973059965
1572,6,0.668348180579422
1579,5,0.451720991074769
1583,11,0.471350312644508
1585,5,0.636406929561131
1587,5,0.480476697208207
1591,8,0.268909867910883
1594,4,0.672999757946076
1599,12,0.277129069925311
1601,5,0.71953443015545
1608,7,0.573257996518324
1609,12,0.355632081708384
1610,12,0.286633684155358
1613,9,0.443901824979492
1614,2,0.322638173690825
1615,6,0.377234378687164
1618,4,0.38385997752765
1621,2,0.461357411773072
1622,7,0.432488520662743
1625,5,0.568376012790105
1628,7,0.449529224997711
1631,5,0.302515644203137
1635,4,0.382441615269803
1638,7,0.566638251928043
1643,12,0.362697357311781
1644,12,0.431641439809732
1649,4,0.521729456741961
1651,6,0.644202544099946
1657,3,0.573763048902504
1658,2,0.434706721426328
1664,4,0.604609565151962
1665,7,0.653344393108027
1670,3,0.692164716750375
1674,7,0.316473228057444
1675,4,0.702962889693567
1678,3,0.622836694773015
1679,2,0.481274346909408
1680,12,0.373673315378941
1682,9,0.53393604636065
1684,6,0.677109316233839
1687,2,0.67937417909871
1692,12,0.284823554585726
1693,5,0.375981820039677
1698,9,0.427293897059551
1700,11,0.274842472730342
1704,12,0.413630080887832
1711,5,0.630085277351601
1715,5,0.66559720626344
1726,12,0.531436060985833
1730,3,0.446644517917808
1732,6,0.382586751882656
1742,10,0.658978403068853
1748,2,0.54371926023329
1749,10,0.411642594858405
1751,5,0.847395511070378
1756,2,0.416201295420091
1761,5,0.738463432251464
1766,3,0.675087594659353
1771,10,0.676101014847504
1772,7,0.406401987644758
1773,5,0.554946690970046
1781,8,0.543491786259404
1788,7,0.575545914955568
1805,5,0.612407092753064
1806,5,0.578016995282231
1807,4,0.38558484292269
1809,4,0.828976862538009
1811,4,0.473684265733314
1812,4,0.444213064692864
1813,5,0.652250593343213
1814,10,0.677881965906475
1822,5,0.611019334857513
1827,12,0.444623733971684
1830,4,0.474126834039762
1831,6,0.3705269346505
1832,6,0.249949525666353
1835,2,0.637972617025266
1841,3,0.514585725692543
1843,3,0.484738206248873
1844,5,0.584054258593428
1847,3,0.791883740345771
1854,11,0.340832929275836
1855,12,0.382183796721972
1857,7,0.66591480084816
1862,2,0.409477410446608
1866,5,0.637146923026508
1868,5,0.422070435009697
1869,5,0.758068202111541
1872,9,0.698431428133175
1875,5,0.740498568626325
1878,11,0.406922779961673
1884,5,0.501769811627963
1892,1,0.27694237522822
1897,8,0.547023702443104
1900,7,0.821892081384094
1903,6,0.43337198724902
1905,10,0.839374337585323
1909,1,0.578168147375461
1910,6,0.483523106797966
1920,5,0.721925417044052
1921,6,0.470686567546029
1923,11,0.43196023489265
1930,4,0.640481220878479
1935,2,0.461264165935757
1937,2,0.543063838603484
1939,2,0.480936289992242
1940,7,0.569482901599391
1943,2,0.870979772398491
1945,5,0.369580348809452
1946,7,0.662846196652858
1948,3,0.814866175822369
1951,4,0.725419247152552
1952,4,0.865229555181201
1958,5,0.980560998225848
1960,8,0.601924022332909
1964,2,0.851923303751196
1975,11,0.810503625298192
1976,2,0.656552905012577
1978,3,0.358689256313451
1980,3,0.684848357426835
1981,4,0.772902635084509
1982,5,0.484667103141714
1986,4,0.678715455248231
1987,5,0.533483557077686
1991,2,0.232179736772459
1994,6,0.866485408583481
2001,7,0.510347026184772
2002,11,0.33089244170579
2005,4,0.908367436415214
2009,1,0.407650793133241
2011,11,0.309464533474434
2014,3,0.305694274023272
2019,7,0.411752384580086
2021,12,0.364260540249337
2022,3,0.353308238396391
2025,5,0.664256723737733
2032,2,0.399439501089079
2034,6,0.234782374548804
2036,3,0.322227865997726
2037,5,0.718635139596421
2039,2,0.640087060121954
2044,9,0.309526575999564
2045,12,0.545400178902363
2046,5,0.658968211200483
2051,11,0.349669955766998
2053,5,0.878334261791682
2054,7,0.781592901005988
2058,10,0.609317431206367
2059,10,0.58080108728403
2063,5,0.479023387547452
2064,5,0.459176518085203
2067,3,0.489064879646346
2069,4,0.878324099052563
2071,1,0.233934125363107
2081,11,0.707723418238643
2084,12,0.503179160412414
2087,7,0.573735213438162
2088,4,0.456353222062833
2094,2,0.42549141309753
2096,12,0.556152932659022
2097,7,0.704312849514278
2098,5,0.372135723057134
2100,5,0.965599775457708
2104,9,0.380606823753509
2105,2,0.719132546174748
2110,5,0.687694652464264
2113,5,0.657414922806547
2116,10,0.842822509597789
2117,9,0.63516905189896
2120,5,0.32650704214824
2131,4,0.835924727814937
2133,5,0.657430627652946
2135,9,0.78554945614781
2142,4,0.532651067591903
2143,2,0.714435544209882
2144,3,0.677132200489648
2146,5,0.485671329508965
2149,8,0.681691976392175
2150,8,0.473727150981242
2155,5,0.370050799199088
2157,4,0.669560192126329
2161,11,0.652888124029879
2165,12,0.567526965337295
2168,7,0.511492863460207
2174,9,0.477157715778676
2178,6,0.317551199789106
2180,10,0.281753002251491
2184,4,0.850421503105837
2185,6,0.532397672224425
2189,7,0.594724928592632
2190,6,0.803625276505093
2197,4,0.816696853769704
2199,3,0.48743039120147
2204,10,0.372700941449478
2205,5,0.40812294820023
2208,7,0.821892081384094
2213,5,0.400221735004562
2214,4,0.312757803535204
2215,7,0.303973249921186
2221,6,0.30184355857661
2225,4,0.893471192568479
2226,6,0.463175146303755
2228,11,0.696180971650376
2231,5,0.654321207688107
2232,7,0.617493412567733
2234,5,0.334316289290899
2237,9,0.541466540586226
2238,3,0.540602376504346
2239,11,0.742194154572165
2244,2,0.437504903051898
2246,4,0.264122656920829
2258,4,0.975957952382636
2259,6,0.68046645700155
2260,4,0.824392585768236
2271,12,0.376347131209704
2282,5,0.517131289743299
2283,9,0.663539623529798
2284,11,0.552515422247659
2285,3,0.559422062999753
2290,5,0.39964501325837
2293,5,0.832880813423281
2302,7,0.555832204260773
2305,4,0.627222632234658
2311,4,0.917689576316153
2313,3,0.642960619974873
2314,7,0.489045788860958
2315,2,0.40928730791199
2321,12,0.408120065311948
2324,4,0.901809700997384
2325,6,0.477097884208526
2328,5,0.313521712873953
2329,7,0.419043647437633
2330,2,0.786880346070224
2333,5,0.402726953617117
2335,5,0.277365848420755
2340,5,0.598547032739736
2346,2,0.763125979786453
2347,2,0.426352852411074
2353,5,0.519024372083251
2355,12,0.328434257521062
2357,11,0.367854543554304
2361,2,0.78531198130732
2362,7,0.627483409996298
2364,2,0.550444236499748
2366,4,0.276850984173965
2370,2,0.458868499076153
2372,9,0.484694432843797
2381,5,0.564770482942525
2382,5,0.603441842199118
2388,7,0.488859048280174
2391,9,0.465480260993852
2392,4,0.604247657429871
2394,4,0.755299214146149
2397,2,0.655613838017496
2400,3,0.404818330453649
2406,10,0.815741444694138
2407,11,0.364073544033733
2413,6,0.412492580998801
2417,10,0.569922931272257
2422,6,0.599098815320211
2423,4,0.343885316910354
2424,7,0.643037596882359
2427,5,0.77338680883744
2429,4,0.908870997185328
2430,6,0.54430179517378
2431,2,0.444971997769457
2433,11,0.386277184367831
2434,2,0.225691248896377
2435,10,0.405716593662777
2438,6,0.484182569784288
2444,3,0.300469777233082
2446,12,0.522654965008157
2452,5,0.608089990414995
2456,2,0.746509969333528
2457,5,0.347586367366087
2458,5,0.347586367366087
2464,7,0.350762001852305
2472,4,0.746870646255043
2473,10,0.383825465298053
2476,2,0.47020755299682
2480,10,0.661997521671411
2489,11,0.321163100952419
2494,12,0.23564170214234
2501,7,0.545203443199325
2506,7,0.558131179958848
2512,5,0.50464456176998
2515,3,0.453987099161284
2519,2,0.866690499008187
2523,11,0.344135398049955
2527,2,0.703569098801388
2528,7,0.9564082578031
2529,6,0.619322189543382
2531,5,0.394239018578197
2535,4,0.868696833703792
2539,4,0.570663901772364
2550,4,0.418828734133291
2560,5,0.500672908263886
2561,4,0.30326849447304
2564,5,0.604168917084965
2565,5,0.519172790224239
2566,3,0.457818522781951
2570,8,0.54808632961789
2571,5,0.783619656776352
2572,5,0.398662573082392
2574,5,0.327905400689585
2578,6,0.450027292537996
2583,6,0.927034574554166
2586,4,0.676364620195496
2588,6,0.668661355524549
2594,6,0.345284171978902
2598,7,0.437710865387213
2600,10,0.978625645788245
2606,4,0.808497710174886
2609,4,0.985208308620056
2610,5,0.537217320875311
2612,7,0.64841723131702
2613,7,0.643424448785524
2616,2,0.493318773208406
2619,5,0.761555861160045
2623,2,0.645185149157103
2625,9,0.379567813436355
2632,6,0.290200985206645
2636,4,0.498894847488413
2641,12,0.516992417260526
2643,7,0.217009730051163
2644,6,0.450209519635845
2648,2,0.386911551684789
2650,3,0.495240192731187
2651,6,0.302506440105257
2652,2,0.821859307765327
2653,7,0.667616208120377
2656,5,0.572517178937105
2659,2,0.629932763207873
2664,6,0.601445308451384
2669,5,0.491593794816422
2670,4,0.526146677430958
2671,5,0.453817388315055
2680,7,0.385306634196214
2681,3,0.568657885423434
2683,11,0.81892134743883
2685,5,0.514477428080875
2699,12,0.520707655037177
2702,7,0.53769993294494
2706,10,0.449996023152749
2709,2,0.448584229105605
2717,6,0.342674796061978
2721,4,0.620778152810432
2723,7,0.783068011981475
2726,7,0.499140264510426
2729,6,0.36766658136577
2730,5,0.664134877218654
2736,7,0.398671404329479
2737,8,0.598201238635271
2738,3,0.55804849862602
2743,12,0.317091066966231
2746,7,0.41295495708784
2749,5,0.796996096122606
2751,3,0.458446032576658
2755,2,0.594629551989495
2757,2,0.57659460392688
2765,2,0.435396510807555
2770,2,0.301538851358071
2775,2,0.749892717702352
2777,4,0.669560192126329
2784,7,0.40187257753745
2785,12,0.653497063084464
2787,6,0.62916752437005
2789,5,0.584406827554984
2796,7,0.901900672292392
2799,2,0.423382649111136
2800,7,0.547683160031344
2802,4,0.82373246289773
2804,7,0.484407553686204
2806,2,0.383044700176277
2809,6,0.805569747033247
2810,10,0.444592180421869
2812,2,0.901323448835447
2815,3,0.747725685963079
2816,3,0.583225653758759
2817,3,0.434555872281957
2819,4,0.849627382369613
2822,8,0.471408671181793
2829,5,0.609297743602793
2830,4,0.598089909818113
2837,4,0.834759051988404
2838,6,0.752645358175758
2848,7,0.474929816559274
2864,9,0.362672565677167
2867,4,0.915823151178023
2870,7,0.466356128662199
2872,4,0.778728605244405
2873,9,0.299370935820705
2876,5,0.521007666382881
2885,7,0.49114825224788
2886,4,0.5743524242752
2891,7,0.848531219573641
2892,4,0.437140903948443
2894,7,0.689324535554865
2896,2,0.367947932162976
2897,3,0.378809265321251
2901,4,0.661448764162491
2907,3,0.486945752467286
2909,4,0.376628916235675
2919,6,0.454444616857116
2921,4,0.755252472980112
2922,6,0.632495355165341
2924,4,0.355010603232171
2932,6,0.565818101108773
2934,4,0.57781542623347
2937,5,0.878317899863574
2940,7,0.479794534174701
2942,4,0.761778570631499
2945,2,0.736335353069838
2948,4,0.808981895639126
2952,9,0.554442450760792
2953,2,0.324697886217006
2954,12,0.865389641265682
2956,4,0.725419247152552
2957,4,0.865229555181201
2959,5,0.815987405749312
2963,7,0.472544620090955
2964,2,0.569806486945379
2969,7,0.79333598886672
2970,4,0.54859448767333
2974,5,0.431845140534288
2975,10,0.815741444694138
2976,3,0.588609643495969
2978,2,0.764781864807611
2979,4,0.917858138851596
2981,7,0.511213415669137
2982,4,0.806345260525589
2987,6,0.43378522603124
2991,5,0.597169796118719
2992,3,0.590227064107101
2996,4,0.737680048537856
2997,12,0.298354766838002
2999,8,0.627546894945409
3001,4,0.480501326396008
3002,4,0.856096640676129
3006,2,0.495650797541216
3015,4,0.484553853278077
3016,7,0.70639156470179
3021,10,0.851666978439984
3023,10,0.644774134616336
3027,4,0.471930355960207
3028,2,0.694594719877225
3031,7,0.440555955720734
3033,10,0.476246902369631
3036,9,0.32113548501113
3038,12,0.436877431032414
3040,4,0.775906536104502
3041,6,0.702598913465007
3044,6,0.325131749966809
3046,9,0.319812244901832
3047,8,0.524454105379937
3048,2,0.466273181426419
3051,9,0.398249564340491
3052,8,0.514462282876237
3053,5,0.715092626603438
3054,2,0.822400029352776
3059,5,0.919569846551266
3061,10,0.815741444694138
3069,5,0.53544194004288
3070,4,0.803038510768364
3071,3,0.795388896807435
3073,10,0.25791140804756
3075,5,0.324959795922344
3079,10,0.830683908799549
3080,10,0.622966680970932
3083,2,0.39410986525067
3086,5,0.48558940831939
3088,7,0.463140352088415
3096,10,0.30609570092957
3099,4,0.733647379272038
3100,3,0.348594647042192
3102,6,0.612641770556446
3103,6,0.419602681186337
3107,2,0.571584079783627
3112,7,0.631593383815989
3114,10,0.337433884716483
3116,5,0.756233265677359
3117,10,0.709724337163081
3119,7,0.412670754992406
3120,5,0.499258924261799
3122,9,0.283517381696742
3127,12,0.26525211075573
3130,10,0.508526855410457
3136,3,0.4166831992425
3137,5,0.353384053851102
3138,4,0.305795666651266
3145,6,0.680405612947831
3151,5,0.971154658415488
3156,5,0.550156678462027
3164,6,0.35643891464615
3169,10,0.462976823009299
3171,7,0.547683160031344
3177,9,0.419575445803744
3178,9,0.748737059008672
3182,9,0.474482607988929
3184,2,0.609282226859656
3188,2,0.398576067945216
3192,10,0.47180945249575
3196,6,0.467424587906952
3198,10,0.61820261576203
3200,10,0.536557835268156
3203,1,0.595769515724154
3212,9,0.539345693017093
3215,5,0.47928344453422
3220,7,0.596829019844889
3222,4,0.650536229161372
3227,12,0.360283898667499
3229,5,0.377993979607919
3232,7,0.582544534218719
3235,6,0.531148734375403
3239,2,0.530673925024579
3240,11,0.469163223530411
3243,11,0.469163223530411
3244,12,0.308233401683195
3246,4,0.772665224435524
3247,10,0.768279654428783
3250,7,0.652979450192396
3257,3,0.553684836666403
3263,3,0.388330605323224
3266,10,0.361620539577299
3268,2,0.409945938329806
3271,4,0.608404506412868
3272,3,0.700220555914791
3273,11,0.538063012843903
3274,3,0.258777091018877
3280,10,0.514855044745508
3288,3,0.345050112676243
3293,5,0.549776064792138
3295,5,0.80016677921669
3301,6,0.509077382949181
3314,10,0.306066761324082
3315,8,0.696476607105876
3316,3,0.550065267176238
3323,2,0.32201165457254
3333,10,0.598280917016441
3339,8,0.340238616513792
3345,2,0.791048791019124
3349,8,0.618943954492416
3350,8,0.426096509894519
3351,2,0.451392377668634
3353,7,0.634634232827063
3355,2,0.398963531317083
3357,10,0.815741444694138
3361,5,0.334864986515355
3365,8,0.525253172006624
3370,4,0.737103306400793
3377,10,0.583872845902914
3378,8,0.206831806320015
3379,4,0.639699398508109
3382,8,0.585755127757419
3383,7,0.505070019416094
3390,11,0.552792837548536
3391,4,0.282050807813039
3393,11,0.317328423115781
3395,5,0.363945256894022
3399,4,0.376335006951123
3401,4,0.895367260265453
3402,4,0.855932841387015
3403,5,0.726716372124951
3407,5,0.493513693070097
3409,7,0.473346070774681
3411,6,0.649202667092285
3412,10,0.385709239745514
3414,7,0.855479327333076
3415,4,0.842382267548054
3417,4,0.511605702410291
3420,4,0.447863590714325
3431,4,0.709377288123986
3439,5,0.475702665903566
3446,2,0.375149495646266
3450,9,0.245499464249717
3457,7,0.540770496006989
3458,9,0.28563208569008
3459,7,0.537887802618396
3461,5,0.65555300257258
3472,4,0.841790535456277
3479,11,0.848302070425938
3480,5,0.386872871361458
3486,4,0.486811683008721
3493,4,0.519430687205864
3497,6,0.296016759694848
3498,7,0.730641445851898
3504,11,0.572723831706512
3505,5,0.315392522584695
3516,4,0.880925129559218
3518,7,0.594461031366323
3525,3,0.293947161398444
3530,11,0.251186513360911
3533,5,0.919569846551266
3534,7,0.393739401167069
3537,2,0.854890360531995
3541,11,0.694574089517622
3543,2,0.976489066599978
3550,3,0.692164716750375
3558,7,0.507865185596852
3559,11,0.513634948286536
3561,2,0.462534767259027
3562,2,0.599537566506292
3565,10,0.410779117746553
3566,5,0.550273003414605
3569,7,0.750843858422258
3570,3,0.692164716750375
3571,7,0.630239980257198
3573,4,0.823697094276458
3575,6,0.637372006146162
3576,2,0.580144863990738
3577,4,0.968168333390396
3578,5,0.607653106254808
3579,11,0.842627751104945
3581,5,0.772060445878526
3586,3,0.411957295577986
3587,10,0.553378951595278
3589,10,0.401027034019488
3591,7,0.939070500544469
3594,2,0.612245381682285
3595,4,0.381570283366999
3596,7,0.853933011451056
3605,2,0.775266136235178
3607,5,0.452216145908877
3612,2,0.382631873805462
3616,2,0.878598139474591
3621,5,0.349437495955985
3622,2,0.756808839322038
3625,6,0.509571020698355
3628,2,0.62561702040684
3629,2,0.462078753822702
3630,6,0.637012362437822
3631,9,0.65384020861578
3632,3,0.791883740345771
3639,12,0.322747825472659
3642,4,0.567237589744734
3643,5,0.829787973331759
3646,5,0.53544194004288
3652,7,0.669164753808776
3653,3,0.669203820106554
3654,2,0.462606167392728
3658,7,0.563925160285925
3660,2,0.508076675079664
3664,5,0.734788097584508
3665,10,0.724041868131412
3670,7,0.414680754788758
3673,3,0.560602986368273
3674,5,0.333407732998185
3677,2,0.634430824626498
3691,10,0.5113110675134
3692,2,0.85501456066528
3693,5,0.490614111322408
3695,4,0.786309638056727
3702,2,0.698183428096727
3704,6,0.368423720414732
3705,6,0.34365544141092
3710,4,0.447641059806649
3712,2,0.814791251038857
3715,10,0.505164307186379
3717,7,0.944904914368662
3718,7,0.517770183341516
3721,2,0.887772698978096
3728,7,0.363149292224907
3737,10,0.89639552390628
3740,10,0.83029435219143
3741,10,0.899192701980946
3745,4,0.963656925602045
3747,5,0.614583486716108
3750,2,0.749750137671534
3762,12,0.4640978887998
3765,10,0.572527490111644
3772,6,0.923741239113421
3777,10,0.841701306385625
3782,3,0.666785472696493
3794,9,0.45482851053215
3800,12,0.572326500213894
3807,3,0.536513580745921
3808,10,0.543170938520587
3811,2,0.445101606127382
3814,2,0.532491820534489
3817,6,0.92855949449151
3818,7,0.358033190905264
3819,5,0.493987284019462
3827,2,0.579293707492791
3829,5,0.389156153306617
3835,6,0.903863478137395
3838,10,0.494114853456995
3839,11,0.347222079348337
3841,6,0.273344718542532
3842,5,0.5454485607102
3844,6,0.274201648714069
3846,11,0.301775542865323
3849,2,0.445104215309616
3850,3,0.46264551256268
3853,10,0.555212226035553
3854,12,0.438361820893952
3855,10,0.83903123112051
3856,4,0.875494234693408
3861,4,0.823697094276458
3862,4,0.931555947504774
3865,8,0.432464138892528
3879,7,0.841971776264171
3880,4,0.698790600370563
3881,6,0.31898679305845
3884,5,0.461664378404183
3885,6,0.509923028094994
3886,7,0.9564082578031
3888,8,0.421767704567704
3894,3,0.58904483693911
3897,4,0.576435693141715
3898,12,0.480630014699104
3899,6,0.497270855410139
3901,6,0.546387612909733
3909,7,0.907718187858149
3912,4,0.725359014702723
3915,3,0.677132200489648
3916,12,0.20953166981248
3918,6,0.866485408583481
3922,6,0.886967168141577
3925,9,0.238172758199088
3927,3,0.533058756766188
3930,3,0.437141831551582
3931,5,0.66972115066714
3934,5,0.309655381005746
3935,4,0.858728287150404
3937,3,0.950816103639304
3947,6,0.511168711979591
3961,2,0.710718802899733
3966,7,0.70514859848878
3968,7,0.432193448958501
3969,9,0.576002730273277
3971,6,0.647243409250951
3972,4,0.975402423950252
3975,11,0.69348454909132
3976,5,0.330819564952262
3982,4,0.849851185585452
3984,6,0.519974179541598
3985,6,0.555624482203759
3986,4,0.622708451984331
3989,12,0.399144065576524
3994,2,0.680677211908522
4001,9,0.451610231957813
4004,3,0.325137189232164
4005,3,0.475323967957526
4006,3,0.429360957215872
4009,9,0.572720414740087
4010,5,0.743836248881643
4011,6,0.844550251118472
4012,2,0.309018681152114
4015,9,0.57330807001412
4019,6,0.601445308451384
4025,4,0.848128395159177
4029,12,0.498689281247226
4030,11,0.576311136605416
4035,10,0.316039600046891
4036,10,0.513204971955666
4040,6,0.67921942110196
4044,4,0.957657626976482
4045,5,0.367406484486321
4046,5,0.509675361554653
4047,2,0.328953519885203
4048,4,0.502155417273025
4050,6,0.657978554064908
4053,4,0.540704954775683
4054,7,0.347993683384757
4061,4,0.566207131029217
4068,5,0.608888588645527
4077,10,0.639980649977055
4079,2,0.423331787145328
4089,4,0.68066314775498
4091,8,0.472589868687829
4092,7,0.561882979819981
4094,2,0.880995328115274
4097,10,0.316800742827378
4102,10,0.584036463995213
4108,4,0.46697230830311
4115,4,0.786351147052231
4120,10,0.795755420016536
4126,10,0.356567289956942
4127,10,0.759087814052618
4131,2,0.631403438618669
4133,10,0.691684323927845
4141,6,0.475621824981349
4146,10,0.890493273134238
4150,2,0.304710238344462
4151,4,0.648648190020095
4159,4,0.683421807974629
4165,4,0.912888501598866
4167,7,0.595868403109265
4168,12,0.619503429774798
4171,4,0.938099152072216
4181,7,0.372647104892466
4182,11,0.300514846349988
4183,2,0.463863575212345
4184,6,0.975532889058299
4186,10,0.893856136381207
4189,3,0.653304645337164
4191,2,0.773538518375993
4192,10,0.843697810377145
4194,10,0.478543554397412
4195,2,0.806852687769003
4203,3,0.353308238396391
4209,4,0.441754151844416
4210,10,0.730285045058998
4219,2,0.795211174637157
4226,9,0.748737059008672
4227,4,0.983432924759245
4231,5,0.661640461798391
4232,5,0.414802789764929
4233,11,0.345621429803977
4234,8,0.429213652493035
4238,4,0.754098206590555
4240,4,0.344239960820305
4243,10,0.975474076623005
4244,2,0.389283207773537
4250,5,0.392209914945959
4253,4,0.703928491298138
4256,2,0.362438835808572
4257,10,0.577257381170165
4258,2,0.840288814945846
4260,7,0.46712474118363
4263,5,0.474333927615423
4274,2,0.528290827068065
4282,9,0.637617659860372
4284,4,0.630911457070711
4288,5,0.905573170347195
4291,10,0.488677511742472
4292,2,0.670628034360887
4293,10,0.473279061928331
4298,5,0.386171686058532
4299,4,0.633574382975114
4304,10,0.425966716406496
4310,12,0.329673085617344
4315,9,0.471487948467578
4318,3,0.310055801494907
4319,3,0.782980502540875
4326,11,0.303244352752529
4328,9,0.56628225538661
4330,7,0.500201872335504
4331,9,0.72504350171262
4333,5,0.462793832241867
4337,10,0.406304489172227
4338,4,0.800114702312829
4351,2,0.354039119327852
4356,3,0.41663751172718
4357,12,0.358631539673514
4364,4,0.745996451435702
4365,2,0.892905830319824
4369,7,0.761511231139793
4373,6,0.589833203241745
4374,4,0.540216040732457
4377,7,0.270947703090532
4381,5,0.559043900407458
4382,1,0.396810857079328
4384,3,0.627436702903956
4385,3,0.627436702903956
4388,2,0.681835039475083
4390,6,0.523832477883726
4396,5,0.515815841775486
4403,4,0.77542291176645
4408,7,0.85289143608429
4409,4,0.753334517552805
4411,5,0.966753373877359
4413,7,0.565763714117784
4414,7,0.623452932333796
4418,4,0.801479100403064
4422,7,0.645832530306167
4435,9,0.302728426219223
4441,12,0.340011982959267
4445,8,0.530706050966115
4448,3,0.311684159132691
4450,6,0.519578593984512
4454,10,0.578650982996509
4455,2,0.464767675541216
4456,12,0.726098345976854
4458,3,0.466644123363517
4462,11,0.622800988172366
4469,6,0.26178606477895
4470,5,0.385919749785942
4477,4,0.650536229161372
4484,5,0.736094832764133
4488,1,0.335813220605728
4490,10,0.573107445553037
4501,4,0.560959940815296
4506,6,0.733734187472093
4509,10,0.757550273716197
4513,2,0.460980817578867
4519,5,0.563206946458108
4525,2,0.445069417627066
4528,10,0.43198793957361
4531,9,0.238901239257796
4532,7,0.727566733471333
4533,6,0.50361706815616
4536,6,0.346966634855529
4551,4,0.599469587456764
4557,7,0.473476346358216
4561,4,0.508465971340646
4562,5,0.458565919994724
4568,4,0.60511897986262
4573,2,0.430874697686448
4574,12,0.325913651685526
4576,4,0.752684284082948
4582,2,0.651074432852043
4591,4,0.534868298029463
4593,10,0.735401844420673
4597,4,0.733647379272038
4601,6,0.371323399508494
4603,10,0.77374500729951
4604,3,0.4937157934151
4606,9,0.320388772279133
4608,4,0.499502033067123
4610,4,0.71644281509374
4611,10,0.715773829012417
4618,10,0.673670297695207
4627,10,0.631840524579753
4630,7,0.387858466503489
4631,4,0.504328376580403
4632,10,0.877368936370938
4637,7,0.419378199090184
4638,1,0.255004168921493
4644,6,0.884211212850825
4647,12,0.356967255352911
4653,6,0.397675377763121
4655,10,0.472230796215338
4658,5,0.870134775525839
4661,11,0.401644530326611
4663,6,0.533057629315567
4666,3,0.508682369120933
4668,4,0.664101828658331
4672,3,0.256642979496352
4677,6,0.627148048807288
4683,2,0.649491133409276
4689,10,0.743938035913058
4692,10,0.624080478114177
4693,8,0.593174023405347
4700,7,0.480067285617393
4702,7,0.53001021659771
4707,4,0.878875810203974
4713,5,0.374775750336491
4720,10,0.347206860042841
4724,5,0.644001566033831
4727,4,0.528449432418178
4733,3,0.658807622217504
4734,7,0.432193448958501
4736,4,0.32761287519271
4742,4,0.918273398080526
4746,8,0.54808632961789
4750,6,0.627148048807288
4751,3,0.562307565307108
4754,10,0.756717920919813
4756,12,0.366213813103825
4757,5,0.760151888255958
4773,3,0.310055801494907
4774,5,0.830533108874753
4775,9,0.628106852072585
4782,5,0.51310643210642
4785,7,0.50324550782384
4790,2,0.580458572183328
4803,3,0.880819604561205
4805,4,0.931555947504774
4814,4,0.696501919943082
4815,3,0.964934138526625
4816,3,0.964934138526625
4820,2,0.739056929482764
4825,6,0.335742875072192
4826,4,0.410149711995651
4827,5,0.369470345437616
4840,2,0.406279365061115
4843,7,0.547683160031344
4846,3,0.705534896831793
4847,10,0.970403498505541
4850,5,0.678933146555584
4855,2,0.611928500169691
4865,4,0.614199435420333
4866,5,0.340208640664115
4868,5,0.830533108874753
4873,10,0.813120037544572
4874,5,0.49674584985826
4879,7,0.787702939361632
4881,8,0.923297895452726
4889,3,0.387964935510007
4895,9,0.794305063028734
4896,12,0.876748644137259
4899,7,0.351142092953573
4903,4,0.793217676192399
4910,7,0.699920333171029
4916,7,0.432193448958501
4917,11,0.364388169606752
4922,8,0.99759556314321
4924,4,0.505295193257237
4927,4,0.608275371647213
4930,2,0.728283016578486
4935,2,0.270404754327397
4936,4,0.916064515633744
4941,2,0.381495348141914
4944,4,0.936311647485353
4950,7,0.275691560619428
4951,7,0.626954348366091
4953,7,0.572490292381615
4957,9,0.933941555051623
4966,3,0.751281389232104
4972,2,0.709209087881078
4985,12,0.353839239261927
4987,4,0.673996835899894
4990,10,0.846297917956224
4991,3,0.354989475000118
4992,3,0.326098289516545
4994,2,0.653225328232291
4999,4,0.849207349796782
5000,12,0.513425655302921
5002,7,0.633759430393442
5003,2,0.858037422412111
5004,2,0.615594362809789
5005,3,0.541167982253921
5011,11,0.672094520825777
5015,4,0.874192478342112
5025,2,0.36727185702513
5031,3,0.594851110632827
5033,3,0.548012511630356
5034,3,0.446937024960464
5037,6,0.511168711979591
5039,7,0.787702939361632
5040,6,0.555624482203759
5043,10,0.554708655187341
5044,2,0.512342451385657
5046,3,0.826477721348395
5047,5,0.491607862820381
5051,12,0.439426168990994
5053,5,0.510871989604073
5054,2,0.232252275318872
5060,6,0.537540324677529
5062,9,0.258440143627619
5068,5,0.450281650701771
5069,6,0.581569664657806
5081,10,0.966170845402181
5082,10,0.698652907014837
5089,3,0.462237634222322
5092,5,0.527452686318994
5094,3,0.318179363319667
5096,5,0.671350690253363
5097,10,0.372922517358264
5098,10,0.451237874350723
5099,5,0.277365848420755
5101,7,0.79835230830861
5104,6,0.527966799572549
5114,5,0.409630062231607
5117,2,0.352301064074655
5118,6,0.475185899132808
5120,10,0.531198860966468
5121,5,0.904607322739335
5124,3,0.310055801494907
5127,5,0.700601519138883
5129,9,0.609567893992083
5131,4,0.361439467888948
5135,10,0.336167800204008
5139,10,0.870196060560254
5141,2,0.661866591521041
5144,2,0.690094835112805
5147,10,0.547171700586929
5149,9,0.332877244335981
5150,3,0.382722770727264
5152,4,0.84237582467335
5154,2,0.475568805358196
5162,6,0.658188311055617
5164,12,0.299053716234618
5168,4,0.693474847710283
5170,3,0.350878917194644
5173,10,0.722091994825058
5178,10,0.824324135221925
5179,2,0.3631588725528
5181,5,0.894786676965906
5186,2,0.889378646262265
5188,3,0.581598819304684
5191,7,0.431255086344137
5195,6,0.728350029109301
5196,10,0.895763462337629
5203,2,0.357817746865889
5206,10,0.7694495165744
5208,4,0.592693561454328
5210,8,0.758478932750757
5211,7,0.52637501085754
5212,2,0.583408409859474
5217,4,0.707880954097141
5220,5,0.435703802677859
5223,5,0.591621870220826
5226,3,0.833220191593916
5233,5,0.571389371642471
5236,3,0.671070807893349
5239,2,0.616317891065708
5240,10,0.513840709978064
5241,10,0.862113200486023
5245,2,0.259623456301508
5246,6,0.570739817006111
5247,6,0.487867542759644
5251,10,0.579531299133078
5252,9,0.588955853726813
5253,4,0.949351418042831
5265,11,0.454174045080923
5266,4,0.338377946787808
5268,2,0.817096274193188
5269,4,0.544786309921991
5271,3,0.69698679595541
5272,10,0.62365284931756
5274,7,0.407346444745044
5276,12,0.265447891206902
5277,9,0.464528821836949
5280,9,0.332877244335981
5283,5,0.453817388315055
5284,6,0.442625280022365
5295,2,0.322955079191173
5301,9,0.404584885142562
5302,3,0.310334430962674
5306,10,0.850672950306099
5308,12,0.730601734390712
5310,12,0.338547953539277
5312,2,0.76397871683204
5313,10,0.335185894764222
5314,7,0.588987734251977
5320,11,0.802583619109134
5322,4,0.404224949365711
5323,4,0.468236303067569
5325,4,0.846555685405285
5326,2,0.645938321471922
5337,2,0.545208152386253
5340,3,0.447126057211681
5341,3,0.449504489778837
5343,9,0.258440143627619
5345,7,0.448315438606765
5346,10,0.522208483935918
5347,10,0.485629066679395
5350,10,0.957426938396964
5355,11,0.312920975953466
5358,2,0.900044526030232
5359,6,0.760269629238233
5360,2,0.610742456776307
5365,11,0.420411373743034
5367,10,0.477822165937643
5370,5,0.521836240453796
5372,4,0.90567575102994
5373,11,0.378772219128297
5375,2,0.259318269830334
5380,2,0.812396729466451
5384,2,0.611928500169691
5386,2,0.881935695372673
5388,2,0.976866495987958
5389,2,0.679252013507372
5392,12,0.364574197909026
5394,9,0.694483262739456
5398,1,0.340204682496663
5399,12,0.292149601684296
5400,2,0.330889038616319
5402,3,0.523810355913873
5408,6,0.455844451557761
5410,5,0.594919346600092
5412,2,0.592854437534003
5413,2,0.900524354454677
5420,4,0.463871406635947
5428,9,0.813287904305156
5434,6,0.471295804537228
5439,10,0.400477575766409
5441,10,0.549538886856865
5448,7,0.918218572169704
5452,2,0.42228807734301
5453,8,0.796214908631867
5454,4,0.327403965684324
5455,3,0.317960582350209
5461,2,0.82887167679538
5462,5,0.648306272555067
5464,5,0.870134775525839
5465,3,0.534129239556831
5472,4,0.751515753059629
5473,4,0.319904824054126
5475,4,0.608556339165027
5481,2,0.285424639588954
5482,7,0.354665330721771
5489,7,0.530652171965973
5491,7,0.631350145759996
5496,6,0.418830112837211
5499,4,0.932166473979631
5506,2,0.659774698207904
5511,5,0.462793832241867
5513,9,0.73936126701254
5515,11,0.512386209290205
5516,2,0.368890358773164
5525,10,0.572850557672361
5529,10,0.743064137629641
5532,2,0.816638621301523
5534,4,0.959309626563795
5535,12,0.294320231048888
5536,4,0.360116813617031
5539,4,0.46697230830311
5545,7,0.678508056276474
5548,9,0.344534771828326
5554,7,0.561618986372636
5555,2,0.441642546833762
5557,12,0.45932302590414
5558,5,0.538421683452451
5563,12,0.276153293688572
5564,4,0.648748676816364
5566,2,0.394167288001324
5567,4,0.611462141958412
5568,8,0.74263953796643
5569,2,0.492734902351761
5572,4,0.875496302932836
5576,11,0.459423790532421
5579,2,0.638837388872214
5583,3,0.946002504853405
5584,4,0.391706506432013
5588,12,0.349809601049783
5594,2,0.681840186191547
5605,3,0.419264477595187
5608,10,0.562329489595473
5609,6,0.599060757176196
5612,4,0.928008571767529
5613,7,0.783001548475518
5619,4,0.67516104838019
5621,2,0.523722288525677
5630,2,0.83164854677788
5632,9,0.798150336386953
5636,2,0.571476178096379
5638,10,0.567285521107235
5639,5,0.768501086340659
5642,4,0.343322171842076
5643,7,0.607402592116108
5652,6,0.638860831882254
5657,7,0.705552160473245
5658,4,0.82140267702444
5659,2,0.834485625379551
5662,8,0.529864557916432
5665,9,0.617163457589012
5667,3,0.426551313694135
5669,3,0.546524311564427
5671,8,0.527703242072073
5672,12,0.270949726155115
5676,2,0.712130326253484
5678,5,0.483674108845421
5681,12,0.276115831163499
5684,4,0.651027206802148
5689,4,0.793217676192399
5692,8,0.737735735842186
5693,1,0.409810941448544
5697,12,0.489657808671107
5700,7,0.937386629596366
5703,5,0.857443270260307
5705,7,0.729620345148749
5712,12,0.28443633153822
5714,3,0.429360957215872
5715,3,0.429360957215872
5720,3,0.374149432330035
5723,10,0.546222577589365
5730,10,0.42662329130663
5735,3,0.551818141460851
5737,1,0.546957782973037
5740,10,0.870867849164892
5741,5,0.472602264830176
5744,8,0.398627859002816
5748,3,0.725056336819191
5749,3,0.508708652448031
5750,2,0.60990942120489
5758,9,0.686415954459239
5760,10,0.982439715131459
5765,5,0.971576010168702
5766,5,0.47924205255919
5768,10,0.302495320165935
5769,6,0.537211882470268
5770,6,0.557279449849722
5772,7,0.449729598305312
5777,2,0.746509969333528
5778,5,0.47924205255919
5781,7,0.385397529575632
5785,10,0.302495320165935
5786,11,0.313465541466124
5790,2,0.720433524421159
5792,5,0.474008292465601
5795,4,0.480012715392057
5797,10,0.347192984596182
5799,2,0.835834917021549
5801,2,0.587125757897782
5803,1,0.552017703613346
5807,11,0.308031259463499
5820,8,0.839827524172292
5824,5,0.720201886234571
5826,10,0.377931620688963
5827,3,0.685256743121709
5829,4,0.79837367515206
5835,9,0.336963377286287
5838,6,0.677627284673642
5848,9,0.914089773153436
5849,6,0.551617513169866
5850,3,0.256642979496352
5855,4,0.804691858071217
5859,7,0.570983854624662
5860,5,0.77122883648515
5862,5,0.695669289161872
5865,12,0.343304241370962
5866,6,0.555624482203759
5870,7,0.529502067961602
5871,2,0.778510869755783
5880,7,0.701666994697185
5881,5,0.328558566438609
5883,2,0.261902187877907
5891,8,0.832672364117305
5893,5,0.473733382391292
5896,9,0.705316771779201
5898,11,0.393488941838073
5900,8,0.832672364117305
5905,6,0.869113746005248
5906,10,0.43042935591773
5910,3,0.413152287730493
5912,2,0.783153640204726
5915,2,0.97362734727186
5919,4,0.773062358672073
5921,10,0.765541626460089
5923,10,0.730989674133838
5926,6,0.637012362437822
5932,4,0.643790349141154
5940,2,0.792028067837543
5941,11,0.259264618816406
5944,12,0.630426914687094
5949,6,0.834901330512395
5950,3,0.364042360471892
5955,12,0.292735451514067
5958,2,0.651315128662822
5964,7,0.740380195661111
5965,7,0.674616060531057
5967,7,0.38091626392827
5971,3,0.475743663215108
5973,4,0.921464489248401
5976,5,0.431230909801826
5978,2,0.759743105133135
5983,6,0.973673239899746
5984,8,0.832672364117305
5985,7,0.489679854822399
5988,2,0.610403650754676
5989,4,0.434592113928092
5992,2,0.511515896260419
5998,6,0.351417496792613
5999,10,0.684839634831199
6007,9,0.489279862927888
6012,8,0.696413349549865
6013,11,0.4356520720523
6015,11,0.761704200824358
6021,5,0.678933146555584
6025,3,0.326098289516545
6026,7,0.428598444831922
6027,7,0.642962523640551
6038,7,0.466736903204405
6039,1,0.419047147352467
6040,5,0.760151888255958
6045,9,0.914611724178829
6047,2,0.630531813820066
6048,2,0.456747011170165
6052,11,0.261543701555081
6056,9,0.391275307747944
6060,5,0.727529553538587
6066,7,0.402938930464017
6067,3,0.555596643410739
6073,11,0.33405795886011
6074,10,0.634774879028731
6084,9,0.47180546344482
6087,7,0.544680509285913
6088,2,0.43578048934263
6090,9,0.668986369991029
6091,3,0.517850890425769
6096,3,0.345434359729301
6105,2,0.609088946882044
6107,2,0.630051558436484
6111,2,0.746509969333528
6113,12,0.447390958887195
6114,2,0.381899460993302
6120,3,0.334003389883243
6122,3,0.407864892814095
6123,9,0.586906461592793
6135,4,0.44370307583692
6137,2,0.466629644461919
6138,2,0.46146989818585
6140,8,0.727992104894346
6142,7,0.9564082578031
6144,2,0.776859608322606
6146,2,0.662976530249411
6152,10,0.714148295667107
6154,5,0.497966380681648
6155,10,0.550639934814682
6157,4,0.32575520102408
6165,7,0.413324511847849
6167,7,0.792062714078628
6170,6,0.523198038885195
6171,7,0.328691700770399
6172,4,0.822146258098895
6181,12,0.505284528849225
6182,4,0.616873250145763
6185,2,0.538529801286827
6186,8,0.956277738333609
6193,10,0.302768478898437
6206,11,0.360771524998166
6207,3,0.657054985928029
6208,11,0.556316257018703
6209,2,0.409428011262139
6211,3,0.671040856965106
6215,3,0.456997152907038
6216,10,0.731338929267681
6218,10,0.609953642075499
6221,12,0.294437065806359
6223,10,0.864761351019667
6225,10,0.578934104899354
6227,10,0.383409981022326
6229,10,0.360683099680995
6230,7,0.482047501902971
6234,2,0.708634793463978
6238,8,0.486142522885612
6239,2,0.612914711601823
6247,9,0.918430147821997
6249,3,0.644902637132942
6259,2,0.621106273638809
6260,7,0.458169472875912
6271,2,0.430385822247901
6272,3,0.326098289516545
6278,2,0.412228784926705
6285,9,0.388440216288668
6288,8,0.73704000215654
6293,9,0.698153157213968
6296,4,0.625535505600151
6297,4,0.898056201187573
6299,10,0.486820501665394
6300,3,0.582543699913548
6307,10,0.300373532475463
6309,4,0.379014464580044
6312,5,0.544343885288564
6318,10,0.82889099067491
6321,3,0.478255189368325
6325,3,0.306231040657764
6326,12,0.439667310909935
6331,3,0.465836583369044
6332,2,0.370239701009613
6337,12,0.336071501374597
6340,2,0.914571412941769
6348,3,0.725056336819191
6349,12,0.383432622469198
6350,4,0.39132719042634
6353,3,0.305771812253046
6354,2,0.787424058621968
6357,2,0.349492809384376
6359,3,0.280173009822494
6361,4,0.690295564238732
6363,10,0.409423655746045
6365,2,0.585501702304551
6367,2,0.259727391899595
6368,3,0.356236796214478
6370,1,0.281117706361699
6371,9,0.565949612546096
6372,11,0.691955869407606
6373,11,0.507912163119301
6378,2,0.670438730583556
6380,2,0.708848034823481
6387,4,0.886539826514497
6394,11,0.33749233772488
6397,10,0.835010731999324
6398,7,0.351734931810358
6399,3,0.47904886947416
6411,2,0.636806864681606
6412,3,0.332231909495427
6415,2,0.474234295752583
6418,7,0.410770410026464
6424,3,0.620774755315137
6432,3,0.469186575401944
6433,7,0.351622615985503
6435,2,0.449348746181802
6437,2,0.403913219714121
6438,2,0.667536890066409
6446,3,0.947118575540119
6457,11,0.715776434411413
6458,4,0.925320359401944
6461,2,0.682788450781682
6462,3,0.605456153507811
6463,5,0.688375255055268
6467,4,0.862588650964577
6468,6,0.534874615684156
6470,2,0.842680608775706
6475,5,0.656361498251441
6480,4,0.850388190098736
6481,5,0.613207345419964
6482,2,0.726074654738863
6487,5,0.717001200968311
6490,2,0.444140741153486
6491,12,0.415788665291263
6492,11,0.582666844399138
6493,10,0.46028923134499
6495,10,0.308756542442856
6499,4,0.89484031914273
6501,4,0.508554233718055
6502,3,0.488873566858405
6505,6,0.228556680655464
6507,11,0.583305997376793
6509,7,0.525615144387417
6510,9,0.867408463413493
6513,4,0.652001321166619
6519,8,0.878470867778196
6524,3,0.679722861135374
6526,7,0.682676469361451
6527,8,0.832672364117305
6528,4,0.901745273815791
6529,4,0.84416098214515
6531,2,0.848345427291616
6538,3,0.886658016718368
6542,4,0.447295172500349
6543,11,0.544190439942069
6545,7,0.56703972922428
6549,4,0.925320359401944
6550,4,0.34641976228292
6551,9,0.594795556178745
6553,4,0.925320359401944
6558,3,0.484531282996448
6566,10,0.827814755225606
6570,5,0.49430410972542
6575,2,0.459425998601522
6577,9,0.267472200473156
6578,5,0.414922684002234
6579,3,0.898580019459556
6585,6,0.50034295585666
6588,3,0.680540115651713
6595,6,0.481176568987243
6596,9,0.315358220428404
6598,8,0.514240090275926
6600,4,0.378417923543189
6601,7,0.656158710416217
6602,4,0.603950649119981
6606,12,0.516894618835277
6609,4,0.530454294830667
6612,2,0.466777470514236
6613,4,0.932166473979631
6616,3,0.393077303822449
6617,11,0.256860379470216
6618,12,0.382686834651721
6621,2,0.426732484326199
6622,2,0.469200059145904
6624,2,0.508172958158056
6625,3,0.866938910340173
6630,4,0.67067654061465
6633,7,0.432193448958501
6636,3,0.440434798602099
6637,7,0.718494064751768
6638,9,0.395134459979238
6640,10,0.42662329130663
6644,2,0.578746026151411
6648,4,0.967326400016205
6652,4,0.927040915506995
6654,10,0.632140230836455
6656,9,0.703609269861146
6659,4,0.698979498911237
6669,4,0.797837034149248
6671,8,0.648927028193511
6673,3,0.216408969073215
6675,2,0.829995289372939
6677,2,0.408429393825973
6678,12,0.405067358231891
6685,6,0.429820537175459
6688,8,0.360830183201714
6689,8,0.687989854311884
6697,6,0.740434361155188
6702,10,0.831510660154461
6708,2,0.636806864681606
6709,11,0.892023176827532
6710,4,0.709948268134596
6711,3,0.516207901764995
6717,7,0.489067070679872
6719,12,0.490779985110491
6720,4,0.912851439427776
6721,3,0.866938910340173
6722,3,0.484571615038431
6727,2,0.533650015786931
6728,4,0.483807249834992
6736,11,0.412738256510873
6739,2,0.343304461736688
6741,9,0.728605246330441
6743,9,0.703518357082225
6746,2,0.3920701608014
6750,11,0.608041632302788
6752,6,0.484475917397865
6753,2,0.636074352370806
6754,12,0.277471386129111
6755,2,0.695029468716486
6756,8,0.648450428352712
6757,2,0.470951517498414
6758,4,0.242744716252866
6762,2,0.257948199650885
6764,12,0.269213983601617
6766,9,0.933941555051623
6767,12,0.356490192253619
6781,12,0.331102150678957
6793,11,0.575545252300831
6794,3,0.572102824071067
6796,9,0.679165979356709
6800,8,0.405407229315333
6801,7,0.531853797089652
6806,9,0.527308573036996
6809,2,0.796580418465993
6810,4,0.821257897645334
6813,10,0.842571238388586
6815,9,0.298864584355521
6820,4,0.967125569069656
6822,2,0.763920955579098
6825,4,0.932166473979631
6831,4,0.935531554322642
6836,6,0.450725810474042
6838,2,0.626814635007392
6842,3,0.873001484422039
6843,9,0.511584932747872
6847,10,0.967910474444899
6851,12,0.658866277822133
6852,4,0.653186588017378
6860,9,0.390594795694398
6861,12,0.468044737539885
6871,4,0.44565536688032
6872,2,0.861059391337078
6876,4,0.436198674032978
6881,10,0.387160506971246
6882,2,0.752675840154248
6885,4,0.523187518029397
6890,2,0.409732493576306
6891,3,0.416596411273382
6893,11,0.696839990998064
6895,11,0.715776434411413
6898,7,0.530222861171595
6901,2,0.489472922669278
6905,3,0.705627471194055
6908,11,0.553940535817528
6912,2,0.306674414499769
6922,4,0.455053835831591
6925,1,0.35361364475041
6926,10,0.430865094372658
6930,2,0.849239946753593
6933,2,0.442846411319896
6934,5,0.63371887414627
6935,9,0.371793266504778
6940,4,0.56827204316673
6941,4,0.430186097740145
6947,11,0.401303092679345
6950,3,0.498544026499177
6957,9,0.489279862927888
6959,11,0.386457353768507
6960,11,0.21872227096315
6965,4,0.75059878748034
6967,10,0.42662329130663
6972,4,0.718309931591305
6974,2,0.288490065523251
6985,2,0.728272449203118
6988,2,0.425315538450176
6989,9,0.619186845200813
6993,9,0.630909627361845
6996,1,0.321748241455428
6997,10,0.361998026782521
7001,2,0.856859006118916
7003,3,0.510598072138207
7004,2,0.790336423779958
7009,4,0.671764941638451
7010,12,0.359529654575838
7017,3,0.866938910340173
7019,4,0.967125569069656
7022,2,0.731226984938218
7027,5,0.505131018314696
7031,11,0.715776434411413
7032,4,0.925320359401944
7035,2,0.801524286209964
7039,10,0.738879098210641
7042,3,0.949094712807305
7044,2,0.938337495955758
7047,3,0.457528288168147
7050,9,0.343761425255193
7051,4,0.475615406036115
7052,9,0.343761425255193
7058,2,0.478009841404984
7065,7,0.506146457525295
7066,7,0.391580648112154
7067,2,0.760444869548081
7079,7,0.298037858513373
7080,3,0.381942614072729
7083,10,0.361567276414253
7084,6,0.54431620472801
7085,9,0.380903421323872
7086,2,0.71447640202102
7088,3,0.402133019745589
7096,2,0.468596780480919
7098,4,0.24335606785121
7099,3,0.473887511808918
7100,7,0.551204867374684
7111,8,0.618710064699326
7117,4,0.705774212559731
7120,3,0.866938910340173
7121,2,0.513289021240232
7124,3,0.53410742233395
7132,7,0.376678981006976
7133,4,0.354585481711907
7135,3,0.465733191623962
7147,4,0.488076666894598
7149,6,0.564870545844766
7151,11,0.839272779625206
7153,3,0.573686143389691
7161,3,0.401351658048719
7162,11,0.498950628766884
7165,9,0.279770204918558
7169,3,0.446106348904989
7175,11,0.389848867906753
7181,11,0.43104391254133
7184,11,0.449065312561669
7188,3,0.866938910340173
7190,4,0.514487293300135
7192,3,0.447974724366643
7196,4,0.555035721864132
7200,9,0.960463254613096
7201,4,0.897845470717023
7203,10,0.360070072445268
7207,11,0.485137076574325
7209,8,0.951629420807088
7211,4,0.261271616356153
7212,4,0.399571903230446
7213,3,0.413186147922037
7220,4,0.41983287990749
7221,5,0.453575451182473
7225,5,0.534536817635798
7229,4,0.935531554322642
7233,4,0.486639518854002
7234,10,0.601245695493713
7239,4,0.719485431459506
7241,12,0.553170707354468
7243,8,0.385514978471634
7245,3,0.443047693986859
7249,3,0.880706811550403
7251,11,0.862806094803934
7254,3,0.476512917637832
7257,4,0.490512271077766
7258,11,0.391166616370643
7259,3,0.351802139740444
7262,11,0.54233933629088
7265,7,0.400320365963615
7266,7,0.465486244185425
7268,2,0.450739537958523
7274,2,0.85865302360943
7275,11,0.608041632302788
7276,3,0.338650149032561
7278,4,0.967125569069656
7282,12,0.552707858987308
7284,2,0.915533422992931
7287,2,0.702058199351236
7291,11,0.439570735723142
7303,5,0.352761844172513
7305,4,0.789239663616723
7307,2,0.417407545632456
7311,3,0.473891106262723
7312,7,0.706547050164868
7314,4,0.393363873056716
7317,3,0.625645851527615
7318,9,0.332877244335981
7327,3,0.570848093874589
7328,10,0.605792697663536
7331,10,0.299427881954485
7335,12,0.464651877882747
7339,2,0.640194840334914
7340,2,0.414701543717049
7341,11,0.382437320280801
7349,8,0.945757055748478
7350,3,0.434894893399418
7355,11,0.334230899386174
7357,2,0.744740879257081
7359,7,0.702627103473948
7360,2,0.481467444217669
7364,4,0.357158374870076
7368,4,0.609993643342208
7371,3,0.866938910340173
7374,4,0.519925058863114
7375,9,0.538699496193633
7378,12,0.472843678287566
7379,12,0.432450364964967
7381,10,0.51621432158802
7382,4,0.856175809068763
7385,4,0.935531554322642
7389,4,0.9359932760256
7390,4,0.265464329013638
7395,2,0.667136078264299
7396,4,0.738088299373644
7403,4,0.699260892708743
7404,3,0.658307772969045
7408,4,0.384294247020548
7409,12,0.747291201566967
7410,12,0.653130534870641
7413,12,0.394802388236606
7417,2,0.408012419893374
7418,4,0.631729148278276
7422,4,0.826031291963475
7426,2,0.836300091093067
7428,3,0.866938910340173
7432,11,0.341385662697134
7434,8,0.945757055748478
7440,4,0.513868409033615
7441,4,0.68769617489093
7444,2,0.403480269357603
7445,12,0.516894618835277
7451,9,0.25436174960792
7458,5,0.617578592521126
7459,2,0.640085069546277
7461,4,0.967125569069656
7462,8,0.945757055748478
7466,3,0.288245371191879
7470,11,0.395313725106203
7471,4,0.836762177522935
7473,4,0.889700413665208
7480,3,0.639048551488661
7484,3,0.862830468157206
7486,11,0.404447608037181
7487,7,0.26321547140918
7489,2,0.61770347696324
7492,9,0.611133842522525
7497,4,0.865198545781814
7499,12,0.591182090596347
7501,4,0.92944951943876
7505,2,0.513861817158677
7508,8,0.229665873600963
7512,8,0.668271601669833
7513,10,0.393857002917844
7517,8,0.40869648063168
7518,8,0.630196424786235
7521,4,0.748711273376334
7523,2,0.524234601997027
7529,7,0.320762432121914
7534,2,0.813327061798037
7535,11,0.703214061806617
7549,8,0.378801134699509
7551,11,0.559513800153701
7554,8,0.659554012113951
7555,9,0.402206389596058
7558,2,0.341855250198119
7564,2,0.503795298386966
7569,9,0.361007569793696
7570,8,0.329811280607008
7573,7,0.676509789312114
7575,4,0.381778971188166
7581,11,0.758610073864031
7583,4,0.932166473979631
7585,3,0.866938910340173
7588,11,0.325329265230388
7590,4,0.502201880099634
7593,4,0.967125569069656
7596,4,0.967125569069656
7599,4,0.910775029457744
7602,3,0.443524875421646
7604,4,0.897082931749903
7609,9,0.21829407469325
7613,11,0.351770008687238
7623,3,0.435068336774452
7625,10,0.630419906336935
7626,12,0.605916836863985
7628,2,0.379959050105857
7631,7,0.365979320379648
7633,5,0.413438016410713
7634,4,0.597428350096333
7635,4,0.482103208126827
7636,3,0.625053964313481
7638,3,0.327358576239149
7643,4,0.897082931749903
7646,4,0.460682995979495
7647,4,0.458015182939414
7658,11,0.394171540033626
7664,2,0.533148771111062
7667,9,0.885255957769411
7669,9,0.486487911760575
7673,2,0.395852908716461
7674,9,0.552176326437283
7675,1,0.344989027103949
7678,12,0.255063326429217
7680,10,0.498894598208469
7682,3,0.656507317475298
7685,3,0.312567337411518
7692,3,0.470483871561463
7696,6,0.299620103575925
7700,11,0.337007821797797
7701,2,0.726825717061983
7713,9,0.593087780473697
7714,12,0.707882778809991
7717,4,0.658495187541916
7718,7,0.528540056607436
7720,5,0.390163787924417
7721,4,0.894347065484755
7722,12,0.777163827638237
7723,3,0.758745820510735
7727,9,0.68739604482888
7730,8,0.59648265020879
7731,2,0.568810580983822
7734,3,0.351802139740444
7742,5,0.424748787654818
7752,2,0.815997987465083
7755,1,0.350549965421039
7756,3,0.28101939725883
7758,3,0.678678832568732
7761,4,0.477697005108668
7764,8,0.555486819870765
7766,1,0.344989027103949
7772,5,0.268085897356186
7776,7,0.705053638417737
7782,3,0.862830468157206
7783,2,0.578577250596229
7784,2,0.47986985473233
7786,2,0.401598945860624
7792,3,0.561141531911425
7798,2,0.462787658640262
7803,10,0.495638140054302
7808,4,0.898895181428823
7810,4,0.811475550845998
7811,4,0.821357391793704
7817,7,0.811025746541814
7818,12,0.287285058118644
7825,10,0.378636527743622
7827,3,0.803258416670052
7828,12,0.565975374466142
7830,8,0.951629420807088
7846,3,0.383608939620002
7847,4,0.821281340571946
7852,7,0.646443766228681
7857,9,0.28286932422956
7859,8,0.435147563387752
7864,4,0.967125569069656
7865,3,0.866938910340173
7868,7,0.661888145784909
7870,7,0.544469514244884
7878,7,0.577292592915476
7880,9,0.303462189258551
7887,2,0.286947324704314
7888,2,0.528898166517786
7894,10,0.640544414190169
7906,2,0.361309677420898
7907,4,0.474806841834026
7913,4,0.259869680644224
7914,4,0.742169674251569
7916,6,0.319693107378261
7917,9,0.746912567274162
7918,2,0.728068773255858
7920,7,0.379963059912906
7921,2,0.732856976780852
7923,8,0.874115065493121
7924,10,0.560089010375025
7925,3,0.364192778721409
7926,3,0.331079292008326
7927,7,0.334786907321854
7930,2,0.55137526510426
7931,4,0.372967322133729
7932,3,0.263035240856336
7936,9,0.488404057261263
7937,9,0.960463254613096
7938,9,0.960463254613096
7944,12,0.444748619837839
7946,2,0.670337279500765
7948,12,0.801531857427095
7953,1,0.424503439414401
7958,2,0.66809195497457
7960,4,0.945201804377918
7962,2,0.317023906332938
7963,3,0.31553564002031
7967,11,0.422532165581858
7969,11,0.353483556692784
7970,9,0.237879211582075
7984,9,0.920224729408903
7987,10,0.638183619445932
7988,1,0.436272317425514
7989,2,0.541320831424857
7992,9,0.362191950031898
7993,4,0.890473398480902
7998,10,0.314593661607277
8002,12,0.42849264464327
8008,3,0.606474613698092
8012,10,0.803544021954798
8021,9,0.529936330013888
8031,10,0.735193733088466
8035,7,0.534180678697577
8040,4,0.726722020114167
8041,3,0.317757176634957
8047,10,0.414868034060041
8053,8,0.502720402041486
8055,4,0.698979498911237
8059,4,0.722834760162288
8060,4,0.821281340571946
8061,4,0.44945955215374
8064,3,0.899251397773391
8066,3,0.547584588566337
8067,1,0.439784668308845
8071,10,0.534474790954735
8074,9,0.535861471564997
8075,2,0.38619358669629
8076,7,0.231548580664288
8079,10,0.50732620772383
8085,11,0.597342410399482
8087,3,0.827675044642686
8094,2,0.759426688867136
8095,4,0.490512271077766
8096,3,0.426505719562176
8098,4,0.46284190116362
8099,9,0.466620701934351
8101,5,0.389254227626462
8103,4,0.739293353261206
8109,10,0.519070898118192
8114,4,0.896886588565292
8120,4,0.35779843707959
8123,3,0.330694738317439
8125,4,0.521199766089134
8129,11,0.780948452920764
8131,10,0.517109584124553
8132,4,0.715329851002905
8136,4,0.465926754067892
8142,10,0.513805128402374
8150,2,0.351586285213594
8152,10,0.407971771241361
8154,1,0.439784668308845
8155,3,0.785071701452878
8157,12,0.327115969085608
8158,3,0.590088599907634
8165,4,0.897082931749903
8168,9,0.442575918085131
8169,2,0.329385184559864
8171,2,0.763068248840642
8172,12,0.330121358111776
8173,12,0.336672885130931
8179,2,0.850535495833384
8182,10,0.519070898118192
8183,4,0.897082931749903
8190,11,0.609881651229426
8191,4,0.559373914393114
8192,12,0.72729139312214
8196,10,0.723891065311018
8200,10,0.88202923087019
8204,4,0.842421330126766
8206,10,0.269039613812875
8216,2,0.466142480752607
8224,4,0.957627509332633
8232,10,0.863096727714224
8234,10,0.47744790288451
8237,2,0.493094743473177
8238,2,0.587767398176162
8245,11,0.552633028877108
8254,10,0.877344914477184
8255,8,0.480413892568271
8269,10,0.404830681338313
8273,10,0.548803333286698
8275,2,0.686393561310979
8283,1,0.423255406764247
8287,11,0.428203056935616
8291,10,0.714921182380422
8298,9,0.526859925009394
8300,4,0.853093865041212
8302,7,0.520038100945434
8306,9,0.359875246020207
8309,1,0.639450646036563
8311,9,0.291821711697853
8317,8,0.706088218875439
8319,11,0.477196159836813
8320,4,0.698979498911237
8324,3,0.599794387270409
8326,7,0.379950417971339
8329,4,0.357111416715951
8335,8,0.532186828824505
8337,7,0.698951582148291
8338,9,0.591813862736776
8339,4,0.781089167697596
8341,4,0.46589786483336
8343,4,0.915661007753871
8345,7,0.58791570658978
8350,4,0.898895181428823
8354,4,0.622902917114647
8355,3,0.550188288545572
8358,3,0.749749172303831
8360,9,0.662872483126295
8368,4,0.461359478550705
8375,2,0.360798270357255
8378,10,0.54209491545511
8379,9,0.852390344187842
8383,2,0.625865559883923
8388,3,0.32939553646582
8394,6,0.552731878071778
8397,8,0.817502541615991
8404,1,0.410944875430438
8405,4,0.159733217055725
8406,11,0.415874097106057
8417,4,0.603508052714454
8419,4,0.897082931749903
8426,7,0.467220253053685
8433,10,0.75132778345851
8435,10,0.825632674415188
8439,4,0.820035989417219
8442,4,0.813087470682932
8445,10,0.7289872313131
8447,8,0.537575950417587
8448,4,0.265586452592517
8452,7,0.513267959090491
8456,3,0.537856411339674
8459,4,0.38465779626386
8460,11,0.428773733513693
8461,11,0.539963696519592
8468,3,0.783153048227891
8469,12,0.544279912202016
8471,10,0.665026803143242
8472,3,0.632937383608064
8474,4,0.677388900289737
8475,2,0.817465823550734
8478,3,0.568647046079005
8479,3,0.290552730771492
8480,8,0.767717909628902
8486,11,0.437345358665857
8489,11,0.393997370501823
8491,7,0.38309629402488
8494,9,0.680655481330183
8496,9,0.466620701934351
8504,8,0.82357439657617
8505,9,0.588955853726813
8520,4,0.713247441305545
8523,3,0.502014815466181
8527,12,0.426032419968456
8529,3,0.665629584233118
8534,8,0.831255796850979
8537,10,0.640544414190169
8542,2,0.752990736967872
8548,4,0.559373914393114
8549,8,0.717821645362282
8550,4,0.372967322133729
8551,3,0.744421107187955
8556,2,0.789834909594169
8561,11,0.703589916476048
8562,3,0.670232882566156
8563,8,0.575255011565753
8566,6,0.552731878071778
8570,12,0.377631246018709
8575,4,0.822883607936968
8576,2,0.523118745050339
8578,9,0.573324349461426
8581,9,0.466620701934351
8586,5,0.544456904471638
8591,9,0.491489895392914
8593,4,0.45318271707878
8598,7,0.503849937930513
8604,8,0.81826581439604
8606,8,0.460522986293539
8609,6,0.454233259718628
8610,2,0.401204144408493
8620,9,0.629533742907332
8628,4,0.449277170340484
8631,10,0.400965516343068
8633,2,0.503594194697755
8635,4,0.716249790488266
8636,8,0.924555741767449
8637,4,0.466388172051754
8640,8,0.584103556801614
8647,11,0.307892265805105
8649,7,0.473943465529343
8651,4,0.486816658237351
8658,8,0.532311784273769
8661,6,0.552731878071778
8662,1,0.410944875430438
8667,12,0.354001733919485
8672,11,0.44443435377629
8673,1,0.410944875430438
8676,9,0.680655481330183
8678,7,0.468572412894256
8683,11,0.493432526688161
8684,8,0.764927395140584
8686,8,0.402995464052349
8696,11,0.419098862431175
8700,4,0.504031189620241
8704,4,0.394196334233503
8706,12,0.476154846051917
8707,4,0.475615406036115
8708,1,0.319446244477055
8709,8,0.330250761502647
8711,10,0.26925398225773
8720,4,0.600744637857999
8723,3,0.599043018535946
8731,7,0.451255109463242
8732,9,0.395316859032303
8734,12,0.400397678502204
8735,3,0.49267244884811
8739,2,0.409505532467225
8742,4,0.36975424441944
8748,12,0.481810844797015
8750,4,0.375611173369938
8751,3,0.412150730132851
8752,4,0.426729116022603
8753,3,0.485242711125847
8755,4,0.281615328899925
8757,9,0.680655481330183
8759,3,0.704628107097825
8760,6,0.4108707344929
8763,12,0.857984626956178
8764,12,0.861468075457141
8768,6,0.517016359508384
8769,11,0.320692454767065
8778,10,0.598430017389089
8780,1,0.423255406764247
8785,3,0.744421107187955
8789,8,0.477920291220896
8794,3,0.330694738317439
8795,4,0.896157563676628
8796,3,0.725441025581455
8798,9,0.960463254613096
8805,6,0.299620103575925
8807,6,0.419605458947203
8813,9,0.67199362750102
8817,3,0.826477721348395
8820,11,0.520398805240133
8828,5,0.453817388315055
8834,3,0.677132200489648
8842,10,0.815741444694138
8843,12,0.42518323745307
8844,2,0.764781864807611
8845,3,0.376627780542912
8854,10,0.52322720278258
8856,7,0.623125899952064
8861,3,0.946002504853405
8865,3,0.434555872281957
8868,5,0.347586367366087
8874,3,0.318840384558811
8877,7,0.952356194927579
8885,5,0.863615091037056
8889,5,0.518711748644912
8893,11,0.415915920026798
8898,4,0.619659095283179
8899,12,0.475108593229627
8900,5,0.863615091037056
8901,5,0.863615091037056
8910,5,0.610672617096983
8914,4,0.802221391154645
8915,5,0.610672617096983
8923,5,0.698147500004501
8924,5,0.610672617096983
